17:11:26  [路径] 脚本目录=D:\buger\Desktop\汉化\autotranslate  python=D:\Program\Python3\python.exe  前处理=D:\buger\Desktop\汉化\autotranslate\translate.py  后处理=D:\buger\Desktop\汉化\autotranslate\translateposthtml.py
17:11:26  [系统参数] 菜单显示延迟(SPI_GETMENUSHOWDELAY)=400ms -> 全选后等待=400ms  消息超时(SPI_GETMESSAGETIMEOUT)=5000ms -> 冲队列上限=5000ms  键盘延迟(SPI_GETKEYBOARDDELAY)=1  前台锁定(SPI_GETFOREGROUNDLOCKTIMEOUT)=0ms  |  按翻译热键前的等待 = 400 + WM_NULL冲队列 + 300ms = 约 700ms  |  热键发法 = step (RAlt按住 150ms, F按住 100ms)  全选核对 = 开  没反应重试 = 1 次
17:11:33  ========== 开始 (Ctrl+Alt+S) ==========
17:11:33  ---------- 第 1 个文本框 ----------
17:11:34  原文: "Enter Parameter Values - by CodeSMART"
17:11:35  translate.py -> need=1  text="Enter Parameter Values - by CodeSMART"
17:11:36  全选核对(Ctrl+V 第1次): 选中 37..0 / 共 37 字符
17:11:36      ↑ 没有全选, 重来一次
17:11:37  全选核对(Ctrl+V 第2次): 选中 37..0 / 共 37 字符
17:11:37      ↑ 没有全选, 重来一次
17:11:37  !! 全选核对(Ctrl+V): 连续两次都不是全选, 判定该控件不上报选中范围, 以后不再核对
17:11:38  翻译前基准: "Enter Parameter Values - by CodeSMART"
17:11:40  按翻译热键 (第 1 次, step 模式)
17:11:44  收到 Esc, 正在停止...
17:11:45  !! 文本框没有任何变化, 判定这次没翻译成功
17:11:45  !! 重试 1 次仍无译文, 这次按原文继续 (可能 STranslate 没响应热键)
17:11:45  译文: "Enter Parameter Values - by CodeSMART"
17:11:46  (Esc 中断) translateposthtml.py 调用失败 >> 已按 Esc, 中止本次调用
17:12:22  ========== 开始 (Ctrl+Alt+S) ==========
17:12:22  ---------- 第 1 个文本框 ----------
17:12:23  原文: "Enter Parameter Values - by CodeSMART"
17:12:24  translate.py -> need=1  text="Enter Parameter Values - by CodeSMART"
17:12:27  翻译前基准: "Enter Parameter Values - by CodeSMART"
17:12:28  按翻译热键 (第 1 次, step 模式)
17:12:32  译文已稳定
17:12:32  译文: "输入参数值-通过CodeSMART"
17:12:32  translateposthtml.py -> "输入参数值-通过CodeSMART"
17:12:34  ---------- 第 2 个文本框 ----------
17:12:35  原文: "Form1"
17:12:35  translate.py -> need=0  text="Form1"
17:12:35  不需要翻译 -> 直接回车
17:12:35  ---------- 第 3 个文本框 ----------
17:12:36  原文: "&Help"
17:12:36  translate.py -> need=1  text="Help"
17:12:38  翻译前基准: "Help"
17:12:40  按翻译热键 (第 1 次, step 模式)
17:12:44  译文已稳定
17:12:44  译文: "帮助"
17:12:44  translateposthtml.py -> "帮助"
17:12:46  ---------- 第 4 个文本框 ----------
17:12:46  原文: "&Cancel"
17:12:47  translate.py -> need=1  text="Cancel"
17:12:49  翻译前基准: "Cancel"
17:12:50  按翻译热键 (第 1 次, step 模式)
17:12:54  译文已稳定
17:12:54  译文: "取消"
17:12:54  translateposthtml.py -> "取消"
17:12:56  ---------- 第 5 个文本框 ----------
17:12:57  原文: "OK"
17:12:57  translate.py -> need=1  text="OK"
17:12:59  翻译前基准: "OK"
17:13:00  按翻译热键 (第 1 次, step 模式)
17:13:04  译文已稳定
17:13:04  译文: "好"
17:13:04  translateposthtml.py -> "好"
17:13:06  ---------- 第 6 个文本框 ----------
17:13:07  原文: "Desc"
17:13:07  translate.py -> need=0  text="Desc"
17:13:07  不需要翻译 -> 直接回车
17:13:08  ---------- 第 7 个文本框 ----------
17:13:08  原文: "P1"
17:13:09  translate.py -> need=0  text="P1"
17:13:09  不需要翻译 -> 直接回车
17:13:09  ---------- 第 8 个文本框 ----------
17:13:10  原文: "SmartComplete Manager - by CodeSMART"
17:13:11  translate.py -> need=0  text="SmartComplete Manager - by CodeSMART"
17:13:11  不需要翻译 -> 直接回车
17:13:11  ---------- 第 9 个文本框 ----------
17:13:12  原文: "Form1"
17:13:12  translate.py -> need=0  text="Form1"
17:13:12  不需要翻译 -> 直接回车
17:13:13  ---------- 第 10 个文本框 ----------
17:13:14  原文: "This list displays smart-complete items eventually according to the current filter. The contents of this list is also affected by settings available through the 'Options' toolbar button."
17:13:15  translate.py -> need=1  text="This list displays smart-complete items eventually according to the current filter. The contents of this list is also affected by settings available through the 'Options' toolbar button."
17:13:19  翻译前基准: "This list displays smart-complete items eventually according to the current filter. The contents of this list is also affected by settings available through the 'Options' toolbar button."
17:13:20  按翻译热键 (第 1 次, step 模式)
17:13:21  收到 Esc, 正在停止...
17:13:22  !! 文本框没有任何变化, 判定这次没翻译成功
17:13:22  !! 重试 1 次仍无译文, 这次按原文继续 (可能 STranslate 没响应热键)
17:13:22  译文: "This list displays smart-complete items eventually according to the current filter. The contents of this list is also affected by settings available through the 'Options' toolbar button."
17:13:22  (Esc 中断) translateposthtml.py 调用失败 >> 已按 Esc, 中止本次调用
17:17:09  ========== 开始 (Ctrl+Alt+S) ==========
17:17:09  ---------- 第 1 个文本框 ----------
17:17:10  原文: "Use the SmartComplete Manager to manage smart complete items, that is, specify what strings will be suggested when typing their first letters in code."
17:17:11  translate.py -> need=1  text="Use the SmartComplete Manager to manage smart complete items, that is, specify what strings will be suggested when typing their first letters in code."
17:17:13  翻译前基准: "Use the SmartComplete Manager to manage smart complete items, that is, specify what strings will be suggested when typing their first letters in code."
17:17:15  按翻译热键 (第 1 次, step 模式)
17:17:19  译文已稳定
17:17:19  译文: "使用SmartComplete管理器管理智能完成项，即指定在代码中键入字符串的第一个字母时将建议哪些字符串。"
17:17:19  translateposthtml.py -> "使用SmartComplete管理器管理智能完成项，即指定在代码中键入字符串的第一个字母时将建议哪些字符串。"
17:17:20  ---------- 第 2 个文本框 ----------
17:17:21  原文: "<No Results>"
17:17:22  translate.py -> need=0  text="<No Results>"
17:17:22  不需要翻译 -> 直接回车
17:17:23  ---------- 第 3 个文本框 ----------
17:17:24  原文: "SmartComplete - Options"
17:17:25  translate.py -> need=1  text="SmartComplete - Options"
17:17:27  翻译前基准: "SmartComplete - Options"
17:17:28  按翻译热键 (第 1 次, step 模式)
17:17:32  译文已稳定
17:17:32  译文: "SmartComplete -选项"
17:17:32  translateposthtml.py -> "SmartComplete -选项"
17:17:34  ---------- 第 4 个文本框 ----------
17:17:35  原文: "Form1"
17:17:35  translate.py -> need=0  text="Form1"
17:17:35  不需要翻译 -> 直接回车
17:17:35  ---------- 第 5 个文本框 ----------
17:17:36  原文: "&Help"
17:17:36  translate.py -> need=1  text="Help"
17:17:39  翻译前基准: "Help"
17:17:40  按翻译热键 (第 1 次, step 模式)
17:17:44  译文已稳定
17:17:44  译文: "帮助"
17:17:44  translateposthtml.py -> "帮助"
17:17:46  ---------- 第 6 个文本框 ----------
17:17:46  原文: "&Cancel"
17:17:47  translate.py -> need=1  text="Cancel"
17:17:49  翻译前基准: "Cancel"
17:17:50  按翻译热键 (第 1 次, step 模式)
17:17:54  译文已稳定
17:17:54  译文: "取消"
17:17:54  translateposthtml.py -> "取消"
17:17:56  ---------- 第 7 个文本框 ----------
17:17:57  原文: "&OK"
17:17:57  translate.py -> need=1  text="OK"
17:17:59  翻译前基准: "OK"
17:18:00  按翻译热键 (第 1 次, step 模式)
17:18:04  译文已稳定
17:18:04  译文: "好"
17:18:04  translateposthtml.py -> "好"
17:18:06  ---------- 第 8 个文本框 ----------
17:18:07  原文: "Hint:"
17:18:08  translate.py -> need=1  text="Hint:"
17:18:10  翻译前基准: "Hint:"
17:18:11  按翻译热键 (第 1 次, step 模式)
17:18:15  译文已稳定
17:18:15  译文: "提示："
17:18:15  translateposthtml.py -> "提示："
17:18:17  ---------- 第 9 个文本框 ----------
17:18:18  原文: "Check to insure VB control statements (If..Then, For..Next, Do..Loop etc) are displayed in the SmartComplete list."
17:18:19  translate.py -> need=1  text="Check to insure VB control statements (If..Then, For..Next, Do..Loop etc) are displayed in the SmartComplete list."
17:18:21  翻译前基准: "Check to insure VB control statements (If..Then, For..Next, Do..Loop etc) are displayed in the SmartComplete list."
17:18:22  按翻译热键 (第 1 次, step 模式)
17:18:26  译文已稳定
17:18:26  译文: "检查以确保VB控制语句（如果..然后，为了...下一个，做..循环等）显示在SmartComplete列表中。"
17:18:26  translateposthtml.py -> "检查以确保VB控制语句（如果..然后，为了...下一个，做..循环等）显示在SmartComplete列表中。"
17:18:28  ---------- 第 10 个文本框 ----------
17:18:29  原文: "Use this dialog in order to configure SmartComplete according to your preference."
17:18:30  translate.py -> need=1  text="Use this dialog in order to configure SmartComplete according to your preference."
17:18:32  翻译前基准: "Use this dialog in order to configure SmartComplete according to your preference."
17:18:33  按翻译热键 (第 1 次, step 模式)
17:18:37  译文已稳定
17:18:37  译文: "使用此对话框可根据您的首选项配置SmartComplete。"
17:18:37  translateposthtml.py -> "使用此对话框可根据您的首选项配置SmartComplete。"
17:18:39  ---------- 第 11 个文本框 ----------
17:18:40  原文: "Contents View"
17:18:41  translate.py -> need=1  text="Contents View"
17:18:43  翻译前基准: "Contents View"
17:18:44  按翻译热键 (第 1 次, step 模式)
17:18:48  译文已稳定
17:18:48  译文: "内容视图"
17:18:48  translateposthtml.py -> "内容视图"
17:18:50  ---------- 第 12 个文本框 ----------
17:18:51  原文: "AutoList"
17:18:51  translate.py -> need=0  text="AutoList"
17:18:51  不需要翻译 -> 直接回车
17:18:52  ---------- 第 13 个文本框 ----------
17:18:52  原文: "Form1"
17:18:53  translate.py -> need=0  text="Form1"
17:18:53  不需要翻译 -> 直接回车
17:18:53  ---------- 第 14 个文本框 ----------
17:18:54  原文: "imgControlS"
17:18:54  translate.py -> need=0  text="imgControlS"
17:18:54  不需要翻译 -> 直接回车
17:18:55  ---------- 第 15 个文本框 ----------
17:18:55  原文: "imgStdS"
17:18:56  translate.py -> need=0  text="imgStdS"
17:18:56  不需要翻译 -> 直接回车
17:18:56  ---------- 第 16 个文本框 ----------
17:18:57  原文: "imgUserDefS"
17:18:57  translate.py -> need=0  text="imgUserDefS"
17:18:57  不需要翻译 -> 直接回车
17:18:58  ---------- 第 17 个文本框 ----------
17:18:59  原文: "imgAutoText"
17:18:59  translate.py -> need=0  text="imgAutoText"
17:18:59  不需要翻译 -> 直接回车
17:18:59  ---------- 第 18 个文本框 ----------
17:19:00  原文: "ImageList1"
17:19:00  translate.py -> need=0  text="ImageList1"
17:19:00  不需要翻译 -> 直接回车
17:19:01  ---------- 第 19 个文本框 ----------
17:19:02  原文: "\bM&aximum suggestion window \bwidth (in chars): \e60"
17:19:02  translate.py -> need=0  text="\bM&aximum suggestion window \bwidth (in chars): \e60"
17:19:02  不需要翻译 -> 直接回车
17:19:02  ---------- 第 20 个文本框 ----------
17:19:03  原文: "\b&Maximum number of suggestion window \bitems: \e8"
17:19:03  translate.py -> need=0  text="\b&Maximum number of suggestion window \bitems: \e8"
17:19:03  不需要翻译 -> 直接回车
17:19:04  ---------- 第 21 个文本框 ----------
17:19:05  原文: "\b&Enable the SmartComplete suggestion window"
17:19:05  translate.py -> need=1  text="<strong>Enable</strong> the SmartComplete suggestion window"
17:19:07  翻译前基准: "<strong>Enable</strong> the SmartComplete suggestion window"
17:19:08  按翻译热键 (第 1 次, step 模式)
17:19:12  译文已稳定
17:19:12  译文: "<strong>启用</strong>SmartComplete建议窗口"
17:19:12  translateposthtml.py -> "\b启用 SmartComplete建议窗口"
17:19:14  ---------- 第 22 个文本框 ----------
17:19:15  原文: "Show \b&user \bdefined \bitems"
17:19:15  translate.py -> need=1  text="Show <strong>user</strong> <strong>defined</strong> <strong>items</strong>"
17:19:17  翻译前基准: "Show <strong>user</strong> <strong>defined</strong> <strong>items</strong>"
17:19:19  按翻译热键 (第 1 次, step 模式)
17:19:23  译文已稳定
17:19:23  译文: "显示<strong>用户</strong><strong>定义</strong><strong>的项目</strong>"
17:19:23  translateposthtml.py -> "显示\b用户 \b定义 \b的项目 "
17:19:24  ---------- 第 23 个文本框 ----------
17:19:25  原文: "Show additional Visual Basic \b&keywords \band \bstatements"
17:19:25  translate.py -> need=1  text="Show additional Visual Basic <strong>keywords</strong> <strong>and</strong> <strong>statements</strong>"
17:19:28  翻译前基准: "Show additional Visual Basic <strong>keywords</strong> <strong>and</strong> <strong>statements</strong>"
17:19:29  按翻译热键 (第 1 次, step 模式)
17:19:33  译文已稳定
17:19:33  译文: "显示其他Visual Basic<strong>关键字</strong><strong>和</strong><strong>语句</strong>"
17:19:33  translateposthtml.py -> "显示其他Visual Basic\b关键字 \b和 \b语句 "
17:19:35  ---------- 第 24 个文本框 ----------
17:19:36  原文: "Show Visual Basic \bco&ntrol \bstatements"
17:19:36  translate.py -> need=1  text="Show Visual Basic <strong>control</strong> <strong>statements</strong>"
17:19:38  翻译前基准: "Show Visual Basic <strong>control</strong> <strong>statements</strong>"
17:19:39  按翻译热键 (第 1 次, step 模式)
17:19:43  译文已稳定
17:19:43  译文: "显示Visual Basic<strong>控制</strong><strong>语句</strong>"
17:19:43  translateposthtml.py -> "显示Visual Basic\b控制 \b语句 "
17:19:45  ---------- 第 25 个文本框 ----------
17:19:46  原文: "Pane0"
17:19:46  translate.py -> need=0  text="Pane0"
17:19:46  不需要翻译 -> 直接回车
17:19:47  ---------- 第 26 个文本框 ----------
17:19:48  原文: "ImageList1"
17:19:48  translate.py -> need=0  text="ImageList1"
17:19:48  不需要翻译 -> 直接回车
17:19:48  ---------- 第 27 个文本框 ----------
17:19:49  原文: "Pane1"
17:19:49  translate.py -> need=0  text="Pane1"
17:19:49  不需要翻译 -> 直接回车
17:19:50  ---------- 第 28 个文本框 ----------
17:19:51  原文: "Completely \bdisable this SmartComplete item"
17:19:52  translate.py -> need=1  text="Completely <strong>disable</strong> this SmartComplete item"
17:19:54  翻译前基准: "Completely <strong>disable</strong> this SmartComplete item"
17:19:55  按翻译热键 (第 1 次, step 模式)
17:19:59  译文已稳定
17:19:59  译文: "完全禁用此SmartComplete项目<strong></strong>"
17:19:59  translateposthtml.py -> "完全禁用此SmartComplete项目"
17:20:01  ---------- 第 29 个文本框 ----------
17:20:02  原文: "imgControl"
17:20:02  translate.py -> need=0  text="imgControl"
17:20:02  不需要翻译 -> 直接回车
17:20:02  ---------- 第 30 个文本框 ----------
17:20:03  原文: "imgKeyword"
17:20:03  translate.py -> need=0  text="imgKeyword"
17:20:03  不需要翻译 -> 直接回车
17:20:04  ---------- 第 31 个文本框 ----------
17:20:05  原文: "imgUser"
17:20:05  translate.py -> need=0  text="imgUser"
17:20:05  不需要翻译 -> 直接回车
17:20:05  ---------- 第 32 个文本框 ----------
17:20:06  原文: "2.0"
17:20:07  translate.py -> need=0  text="2.0"
17:20:07  不需要翻译 -> 直接回车
17:20:07  ---------- 第 33 个文本框 ----------
17:20:08  原文: "Name"
17:20:08  translate.py -> need=0  text="Name"
17:20:08  不需要翻译 -> 直接回车
17:20:09  ---------- 第 34 个文本框 ----------
17:20:09  原文: "MS Sans Serif"
17:20:10  translate.py -> need=0  text="MS Sans Serif"
17:20:10  不需要翻译 -> 直接回车
17:20:10  ---------- 第 35 个文本框 ----------
17:20:11  原文: " Name"
17:20:11  translate.py -> need=0  text=" Name"
17:20:11  不需要翻译 -> 直接回车
17:20:12  ---------- 第 36 个文本框 ----------
17:20:12  原文: "OddRow"
17:20:13  translate.py -> need=0  text="OddRow"
17:20:13  不需要翻译 -> 直接回车
17:20:13  ---------- 第 37 个文本框 ----------
17:20:14  原文: "Name"
17:20:14  translate.py -> need=0  text="Name"
17:20:14  不需要翻译 -> 直接回车
17:20:15  ---------- 第 38 个文本框 ----------
17:20:15  原文: " Value"
17:20:16  translate.py -> need=0  text=" Value"
17:20:16  不需要翻译 -> 直接回车
17:20:16  ---------- 第 39 个文本框 ----------
17:20:17  原文: "Value"
17:20:17  translate.py -> need=0  text="Value"
17:20:17  不需要翻译 -> 直接回车
17:20:18  ---------- 第 40 个文本框 ----------
17:20:18  原文: " Description"
17:20:19  translate.py -> need=0  text=" Description"
17:20:19  不需要翻译 -> 直接回车
17:20:19  ---------- 第 41 个文本框 ----------
17:20:20  原文: "Description"
17:20:20  translate.py -> need=0  text="Description"
17:20:20  不需要翻译 -> 直接回车
17:20:21  ---------- 第 42 个文本框 ----------
17:20:22  原文: "Default"
17:20:22  translate.py -> need=0  text="Default"
17:20:22  不需要翻译 -> 直接回车
17:20:22  ---------- 第 43 个文本框 ----------
17:20:23  原文: "Tahoma"
17:20:23  translate.py -> need=0  text="Tahoma"
17:20:23  不需要翻译 -> 直接回车
17:20:24  ---------- 第 44 个文本框 ----------
17:20:25  原文: "OddRow"
17:20:25  translate.py -> need=0  text="OddRow"
17:20:25  不需要翻译 -> 直接回车
17:20:25  ---------- 第 45 个文本框 ----------
17:20:26  原文: "EvenRow"
17:20:26  translate.py -> need=0  text="EvenRow"
17:20:26  不需要翻译 -> 直接回车
17:20:27  ---------- 第 46 个文本框 ----------
17:20:28  原文: "RowGroup"
17:20:28  translate.py -> need=0  text="RowGroup"
17:20:28  不需要翻译 -> 直接回车
17:20:28  ---------- 第 47 个文本框 ----------
17:20:29  原文: "PreviewRow"
17:20:29  translate.py -> need=0  text="PreviewRow"
17:20:29  不需要翻译 -> 直接回车
17:20:30  ---------- 第 48 个文本框 ----------
17:20:31  原文: "Software"
17:20:31  translate.py -> need=0  text="Software"
17:20:31  不需要翻译 -> 直接回车
17:20:31  ---------- 第 49 个文本框 ----------
17:20:32  原文: "Microsoft"
17:20:32  translate.py -> need=0  text="Microsoft"
17:20:32  不需要翻译 -> 直接回车
17:20:33  ---------- 第 50 个文本框 ----------
17:20:34  原文: "VBA"
17:20:34  translate.py -> need=0  text="VBA"
17:20:34  不需要翻译 -> 直接回车
17:20:34  ---------- 第 51 个文本框 ----------
17:20:35  原文: "Courier New"
17:20:36  translate.py -> need=0  text="Courier New"
17:20:36  不需要翻译 -> 直接回车
17:20:36  ---------- 第 52 个文本框 ----------
17:20:37  原文: "FontFace"
17:20:37  translate.py -> need=0  text="FontFace"
17:20:37  不需要翻译 -> 直接回车
17:20:38  ---------- 第 53 个文本框 ----------
17:20:38  原文: "Microsoft Visual Basic"
17:20:39  translate.py -> need=0  text="Microsoft Visual Basic"
17:20:39  不需要翻译 -> 直接回车
17:20:40  ---------- 第 54 个文本框 ----------
17:20:41  原文: "FontHeight"
17:20:41  translate.py -> need=0  text="FontHeight"
17:20:41  不需要翻译 -> 直接回车
17:20:41  ---------- 第 55 个文本框 ----------
17:20:42  原文: "FontCharSet"
17:20:42  translate.py -> need=0  text="FontCharSet"
17:20:42  不需要翻译 -> 直接回车
17:20:43  ---------- 第 56 个文本框 ----------
17:20:44  原文: "AxCsAutoList.FAutoList.ShowForm"
17:20:44  translate.py -> need=0  text="AxCsAutoList.FAutoList.ShowForm"
17:20:44  不需要翻译 -> 直接回车
17:20:44  ---------- 第 57 个文本框 ----------
17:20:45  原文: ") '"
17:20:45  translate.py -> need=0  text=") '"
17:20:45  不需要翻译 -> 直接回车
17:20:46  ---------- 第 58 个文本框 ----------
17:20:47  原文: "AxCsAutoList.FAutoList.ProcessKey"
17:20:47  translate.py -> need=0  text="AxCsAutoList.FAutoList.ProcessKey"
17:20:47  不需要翻译 -> 直接回车
17:20:47  ---------- 第 59 个文本框 ----------
17:20:48  原文: "AxCsAutoList.MGlobals.GetDefinitionLineOfProc"
17:20:49  translate.py -> need=0  text="AxCsAutoList.MGlobals.GetDefinitionLineOfProc"
17:20:49  不需要翻译 -> 直接回车
17:20:49  ---------- 第 60 个文本框 ----------
17:20:50  原文: " _"
17:20:50  translate.py -> need=0  text=" _"
17:20:50  不需要翻译 -> 直接回车
17:20:51  ---------- 第 61 个文本框 ----------
17:20:51  原文: "End "
17:20:52  translate.py -> need=0  text="End "
17:20:52  不需要翻译 -> 直接回车
17:20:52  ---------- 第 62 个文本框 ----------
17:20:53  原文: "Property Let "
17:20:54  translate.py -> need=0  text="Property Let "
17:20:54  不需要翻译 -> 直接回车
17:20:54  ---------- 第 63 个文本框 ----------
17:20:55  原文: "Property Get "
17:20:56  translate.py -> need=0  text="Property Get "
17:20:56  不需要翻译 -> 直接回车
17:20:57  ---------- 第 64 个文本框 ----------
17:20:57  原文: "End Property"
17:20:59  translate.py -> need=0  text="End Property"
17:20:59  不需要翻译 -> 直接回车
17:20:59  ---------- 第 65 个文本框 ----------
17:21:00  原文: "AxCsAutoList.MGlobals.GetMemberInfo"
17:21:00  translate.py -> need=0  text="AxCsAutoList.MGlobals.GetMemberInfo"
17:21:00  不需要翻译 -> 直接回车
17:21:00  ---------- 第 66 个文本框 ----------
17:21:01  原文: "TextSuggest"
17:21:01  translate.py -> need=0  text="TextSuggest"
17:21:01  不需要翻译 -> 直接回车
17:21:02  ---------- 第 67 个文本框 ----------
17:21:03  原文: "TextID"
17:21:03  translate.py -> need=0  text="TextID"
17:21:03  不需要翻译 -> 直接回车
17:21:03  ---------- 第 68 个文本框 ----------
17:21:04  原文: "Text"
17:21:05  translate.py -> need=0  text="Text"
17:21:05  不需要翻译 -> 直接回车
17:21:05  ---------- 第 69 个文本框 ----------
17:21:06  原文: "Enabled"
17:21:06  translate.py -> need=0  text="Enabled"
17:21:06  不需要翻译 -> 直接回车
17:21:07  ---------- 第 70 个文本框 ----------
17:21:07  原文: "True"
17:21:08  translate.py -> need=0  text="True"
17:21:08  不需要翻译 -> 直接回车
17:21:08  ---------- 第 71 个文本框 ----------
17:21:09  原文: "DeclAreaAtStart"
17:21:09  translate.py -> need=0  text="DeclAreaAtStart"
17:21:09  不需要翻译 -> 直接回车
17:21:10  ---------- 第 72 个文本框 ----------
17:21:10  原文: "False"
17:21:11  translate.py -> need=0  text="False"
17:21:11  不需要翻译 -> 直接回车
17:21:11  ---------- 第 73 个文本框 ----------
17:21:12  原文: "DeclAreaInside"
17:21:12  translate.py -> need=0  text="DeclAreaInside"
17:21:12  不需要翻译 -> 直接回车
17:21:13  ---------- 第 74 个文本框 ----------
17:21:14  原文: "ProcBodyLineAtStart"
17:21:14  translate.py -> need=0  text="ProcBodyLineAtStart"
17:21:14  不需要翻译 -> 直接回车
17:21:14  ---------- 第 75 个文本框 ----------
17:21:15  原文: "ProcBodyLineInside"
17:21:15  translate.py -> need=0  text="ProcBodyLineInside"
17:21:15  不需要翻译 -> 直接回车
17:21:16  ---------- 第 76 个文本框 ----------
17:21:17  原文: "ProcDeclLineAtStart"
17:21:17  translate.py -> need=0  text="ProcDeclLineAtStart"
17:21:17  不需要翻译 -> 直接回车
17:21:17  ---------- 第 77 个文本框 ----------
17:21:18  原文: "ProcDeclLineInside"
17:21:18  translate.py -> need=0  text="ProcDeclLineInside"
17:21:18  不需要翻译 -> 直接回车
17:21:19  ---------- 第 78 个文本框 ----------
17:21:20  原文: "ProcDeclLineParamArea"
17:21:20  translate.py -> need=0  text="ProcDeclLineParamArea"
17:21:20  不需要翻译 -> 直接回车
17:21:20  ---------- 第 79 个文本框 ----------
17:21:21  原文: "Type"
17:21:21  translate.py -> need=0  text="Type"
17:21:21  不需要翻译 -> 直接回车
17:21:22  ---------- 第 80 个文本框 ----------
17:21:23  原文: "AxCsAutoList.MGlobals.PrepareTextSuggestManagerTable"
17:21:23  translate.py -> need=0  text="AxCsAutoList.MGlobals.PrepareTextSuggestManagerTable"
17:21:23  不需要翻译 -> 直接回车
17:21:23  ---------- 第 81 个文本框 ----------
17:21:24  原文: "PopulateTable"
17:21:25  translate.py -> need=0  text="PopulateTable"
17:21:25  不需要翻译 -> 直接回车
17:21:25  ---------- 第 82 个文本框 ----------
17:21:26  原文: "AxCsAutoList.MGlobals.PopulateTable"
17:21:26  translate.py -> need=0  text="AxCsAutoList.MGlobals.PopulateTable"
17:21:26  不需要翻译 -> 直接回车
17:21:27  ---------- 第 83 个文本框 ----------
17:21:27  原文: "There was a problem opening the 'TextSuggest' table."
17:21:28  translate.py -> need=1  text="There was a problem opening the 'TextSuggest' table."
17:21:30  翻译前基准: "There was a problem opening the 'TextSuggest' table."
17:21:32  按翻译热键 (第 1 次, step 模式)
17:21:36  译文已稳定
17:21:36  译文: "打开“文本建议”表时出现问题。"
17:21:36  translateposthtml.py -> "打开“文本建议”表时出现问题。"
17:21:37  ---------- 第 84 个文本框 ----------
17:21:38  原文: "\r\n"
17:21:39  translate.py -> need=0  text=""
17:21:39  不需要翻译 -> 直接回车
17:21:39  ---------- 第 85 个文本框 ----------
17:21:40  原文: ") "
17:21:40  translate.py -> need=0  text=") "
17:21:40  不需要翻译 -> 直接回车
17:21:41  ---------- 第 86 个文本框 ----------
17:21:41  原文: "If {SB}condition{SE} Then"
17:21:42  translate.py -> need=0  text="If {SB}condition{SE} Then"
17:21:42  不需要翻译 -> 直接回车
17:21:43  ---------- 第 87 个文本框 ----------
17:21:44  原文: "AxCsAutoList.CItem.Context"
17:21:44  translate.py -> need=0  text="AxCsAutoList.CItem.Context"
17:21:44  不需要翻译 -> 直接回车
17:21:44  ---------- 第 88 个文本框 ----------
17:21:45  原文: "AxCsManagers.ctlPaneTitle.Title"
17:21:45  translate.py -> need=0  text="AxCsManagers.ctlPaneTitle.Title"
17:21:45  不需要翻译 -> 直接回车
17:21:46  ---------- 第 89 个文本框 ----------
17:21:47  原文: "Check to insure VB control statements (If..Then, For..Next, Do..Loop etc) are displayed in the SmartComplete list."
17:21:48  translate.py -> need=1  text="Check to insure VB control statements (If..Then, For..Next, Do..Loop etc) are displayed in the SmartComplete list."
17:21:50  翻译前基准: "Check to insure VB control statements (If..Then, For..Next, Do..Loop etc) are displayed in the SmartComplete list."
17:21:51  按翻译热键 (第 1 次, step 模式)
17:21:55  译文已稳定
17:21:55  译文: "检查以确保VB控制语句（如果..然后，为了...下一个，做..循环等）显示在SmartComplete列表中。"
17:21:55  translateposthtml.py -> "检查以确保VB控制语句（如果..然后，为了...下一个，做..循环等）显示在SmartComplete列表中。"
17:21:57  ---------- 第 90 个文本框 ----------
17:21:58  原文: "AxCsAutoList.FTextSuggestOptions.chkCntStatement_GotFocus"
17:21:58  translate.py -> need=0  text="AxCsAutoList.FTextSuggestOptions.chkCntStatement_GotFocus"
17:21:58  不需要翻译 -> 直接回车
17:21:59  ---------- 第 91 个文本框 ----------
17:21:59  原文: "AxCsAutoList.FTextSuggestOptions.chkEnable_Click"
17:22:00  translate.py -> need=0  text="AxCsAutoList.FTextSuggestOptions.chkEnable_Click"
17:22:00  不需要翻译 -> 直接回车
17:22:00  ---------- 第 92 个文本框 ----------
17:22:01  原文: "Use this checkbox to completely enable/disable SmartComplete."
17:22:02  translate.py -> need=1  text="Use this checkbox to completely enable/disable SmartComplete."
17:22:04  翻译前基准: "Use this checkbox to completely enable/disable SmartComplete."
17:22:05  按翻译热键 (第 1 次, step 模式)
17:22:09  译文已稳定
17:22:09  译文: "使用此复选框可完全启用/禁用智能完成。"
17:22:09  translateposthtml.py -> "使用此复选框可完全启用/禁用智能完成。"
17:22:11  ---------- 第 93 个文本框 ----------
17:22:12  原文: "AxCsAutoList.FTextSuggestOptions.chkEnable_GotFocus"
17:22:12  translate.py -> need=0  text="AxCsAutoList.FTextSuggestOptions.chkEnable_GotFocus"
17:22:12  不需要翻译 -> 直接回车
17:22:13  ---------- 第 94 个文本框 ----------
17:22:13  原文: "Check to insure other VB keywords/statements (Private, Nothing, DoEvents etc) are displayed in the SmartComplete list."
17:22:14  translate.py -> need=1  text="Check to insure other VB keywords/statements (Private, Nothing, DoEvents etc) are displayed in the SmartComplete list."
17:22:16  翻译前基准: "Check to insure other VB keywords/statements (Private, Nothing, DoEvents etc) are displayed in the SmartComplete list."
17:22:18  按翻译热键 (第 1 次, step 模式)
17:22:22  译文已稳定
17:22:22  译文: "检查以确保其他VB关键字/语句（Private、Nothing、DoEvents等）显示在SmartComplete列表中。"
17:22:22  translateposthtml.py -> "检查以确保其他VB关键字/语句（Private、Nothing、DoEvents等）显示在SmartComplete列表中。"
17:22:24  ---------- 第 95 个文本框 ----------
17:22:24  原文: "AxCsAutoList.FTextSuggestManager.FormLoadHelper"
17:22:25  translate.py -> need=0  text="AxCsAutoList.FTextSuggestManager.FormLoadHelper"
17:22:25  不需要翻译 -> 直接回车
17:22:25  ---------- 第 96 个文本框 ----------
17:22:26  原文: "SplitRatio"
17:22:26  translate.py -> need=0  text="SplitRatio"
17:22:26  不需要翻译 -> 直接回车
17:22:27  ---------- 第 97 个文本框 ----------
17:22:27  原文: "LastListItem"
17:22:28  translate.py -> need=0  text="LastListItem"
17:22:28  不需要翻译 -> 直接回车
17:22:28  ---------- 第 98 个文本框 ----------
17:22:29  原文: "imgKeyword"
17:22:29  translate.py -> need=0  text="imgKeyword"
17:22:29  不需要翻译 -> 直接回车
17:22:30  ---------- 第 99 个文本框 ----------
17:22:30  原文: "imgControl"
17:22:31  translate.py -> need=0  text="imgControl"
17:22:31  不需要翻译 -> 直接回车
17:22:31  ---------- 第 100 个文本框 ----------
17:22:32  原文: "imgUser"
17:22:32  translate.py -> need=0  text="imgUser"
17:22:32  不需要翻译 -> 直接回车
17:22:33  ---------- 第 101 个文本框 ----------
17:22:34  原文: "TextID="
17:22:34  translate.py -> need=0  text="TextID="
17:22:34  不需要翻译 -> 直接回车
17:22:34  ---------- 第 102 个文本框 ----------
17:22:35  原文: "AxCsAutoList.FTextSuggestManager.FillPanels"
17:22:35  translate.py -> need=0  text="AxCsAutoList.FTextSuggestManager.FillPanels"
17:22:35  不需要翻译 -> 直接回车
17:22:36  ---------- 第 103 个文本框 ----------
17:22:37  原文: "AxCsAutoList.FCustomParameters.GetParsedString"
17:22:37  translate.py -> need=0  text="AxCsAutoList.FCustomParameters.GetParsedString"
17:22:37  不需要翻译 -> 直接回车
17:22:37  ---------- 第 104 个文本框 ----------
17:22:38  原文: "AxCsAutoList.FCustomParameters.GetParsedString"
17:22:38  translate.py -> need=0  text="AxCsAutoList.FCustomParameters.GetParsedString"
17:22:38  不需要翻译 -> 直接回车
17:22:39  ---------- 第 105 个文本框 ----------
17:22:40  原文: "AxCsAutoList.FCustomParameters.GetParsedString"
17:22:40  收到 Esc, 正在停止...
17:22:40  (Esc 中断) translate.py 调用失败 >> 已按 Esc, 中止本次调用
17:26:14  ========== 开始 (Ctrl+Alt+S) ==========
17:26:14  ---------- 第 1 个文本框 ----------
17:26:15  原文: "Comments Remover - by CodeSMART"
17:26:16  translate.py -> need=0  text="Comments Remover - by CodeSMART"
17:26:16  不需要翻译 -> 直接回车
17:26:16  ---------- 第 2 个文本框 ----------
17:26:17  原文: "Form4"
17:26:17  translate.py -> need=0  text="Form4"
17:26:17  不需要翻译 -> 直接回车
17:26:18  ---------- 第 3 个文本框 ----------
17:26:19  原文: "Use this feature to automatically remove comment lines (except inline comments)."
17:26:20  translate.py -> need=1  text="Use this feature to automatically remove comment lines (except inline comments)."
17:26:22  翻译前基准: "Use this feature to automatically remove comment lines (except inline comments)."
17:26:23  按翻译热键 (第 1 次, step 模式)
17:26:27  译文已稳定
17:26:27  译文: "使用此功能可以自动删除注释行（内联注释除外）。"
17:26:27  translateposthtml.py -> "使用此功能可以自动删除注释行（内联注释除外）。"
17:26:29  ---------- 第 4 个文本框 ----------
17:26:30  原文: "Hint:"
17:26:31  translate.py -> need=1  text="Hint:"
17:26:33  翻译前基准: "Hint:"
17:26:34  按翻译热键 (第 1 次, step 模式)
17:26:38  译文已稳定
17:26:38  译文: "提示："
17:26:38  translateposthtml.py -> "提示："
17:26:40  ---------- 第 5 个文本框 ----------
17:26:41  原文: "Choose here the scope at which CodeSMART will perform the comments removal operation."
17:26:42  translate.py -> need=1  text="Choose here the scope at which CodeSMART will perform the comments removal operation."
17:26:44  翻译前基准: "Choose here the scope at which CodeSMART will perform the comments removal operation."
17:26:45  按翻译热键 (第 1 次, step 模式)
17:26:49  译文已稳定
17:26:49  译文: "在此选择CodeSMART将执行注释删除操作的范围。"
17:26:49  translateposthtml.py -> "在此选择CodeSMART将执行注释删除操作的范围。"
17:26:51  ---------- 第 6 个文本框 ----------
17:26:52  原文: "Remo&ve from:"
17:26:52  translate.py -> need=1  text="Remove from:"
17:26:54  翻译前基准: "Remove from:"
17:26:55  按翻译热键 (第 1 次, step 模式)
17:26:59  译文已稳定
17:26:59  译文: "删除自："
17:26:59  translateposthtml.py -> "删除自："
17:27:01  ---------- 第 7 个文本框 ----------
17:27:02  原文: "&Remove"
17:27:02  translate.py -> need=1  text="Remove"
17:27:04  翻译前基准: "Remove"
17:27:06  按翻译热键 (第 1 次, step 模式)
17:27:10  译文已稳定
17:27:10  译文: "去除"
17:27:10  translateposthtml.py -> "去除"
17:27:11  ---------- 第 8 个文本框 ----------
17:27:12  原文: "&Add"
17:27:12  translate.py -> need=1  text="Add"
17:27:15  翻译前基准: "Add"
17:27:16  按翻译热键 (第 1 次, step 模式)
17:27:20  译文已稳定
17:27:20  译文: "添加"
17:27:20  translateposthtml.py -> "添加"
17:27:22  ---------- 第 9 个文本框 ----------
17:27:22  原文: "&Begin >>"
17:27:23  translate.py -> need=1  text="Begin >>"
17:27:25  翻译前基准: "Begin >>"
17:27:26  按翻译热键 (第 1 次, step 模式)
17:27:30  译文已稳定
17:27:30  译文: "开始>>"
17:27:30  translateposthtml.py -> "开始>>"
17:27:32  ---------- 第 10 个文本框 ----------
17:27:33  原文: "&Cancel"
17:27:33  translate.py -> need=1  text="Cancel"
17:27:35  翻译前基准: "Cancel"
17:27:36  按翻译热键 (第 1 次, step 模式)
17:27:40  译文已稳定
17:27:40  译文: "取消"
17:27:41  translateposthtml.py -> "取消"
17:27:42  ---------- 第 11 个文本框 ----------
17:27:43  原文: "&Help"
17:27:43  translate.py -> need=1  text="Help"
17:27:45  翻译前基准: "Help"
17:27:47  按翻译热键 (第 1 次, step 模式)
17:27:51  译文已稳定
17:27:51  译文: "帮助"
17:27:51  translateposthtml.py -> "帮助"
17:27:53  ---------- 第 12 个文本框 ----------
17:27:53  原文: "Removal options"
17:27:54  translate.py -> need=1  text="Removal options"
17:27:57  翻译前基准: "Removal options"
17:27:58  按翻译热键 (第 1 次, step 模式)
17:28:02  译文已稳定
17:28:02  译文: "移除选项"
17:28:02  translateposthtml.py -> "移除选项"
17:28:04  ---------- 第 13 个文本框 ----------
17:28:04  原文: "Keep in mind that checking this option will make CodeSMART unable to automatically remove any code which was previously inserted using a CodeSMART tool."
17:28:05  translate.py -> need=1  text="Keep in mind that checking this option will make CodeSMART unable to automatically remove any code which was previously inserted using a CodeSMART tool."
17:28:07  翻译前基准: "Keep in mind that checking this option will make CodeSMART unable to automatically remove any code which was previously inserted using a CodeSMART tool."
17:28:09  按翻译热键 (第 1 次, step 模式)
17:28:13  译文已稳定
17:28:13  译文: "请记住，选中此选项将使CodeSMART无法自动删除以前使用CodeSMART工具插入的任何代码。"
17:28:13  translateposthtml.py -> "请记住，选中此选项将使CodeSMART无法自动删除以前使用CodeSMART工具插入的任何代码。"
17:28:15  ---------- 第 14 个文本框 ----------
17:28:15  原文: "Comment Templates Manager - by CodeSMART"
17:28:16  translate.py -> need=1  text="Comment Templates Manager - by CodeSMART"
17:28:19  翻译前基准: "Comment Templates Manager - by CodeSMART"
17:28:20  按翻译热键 (第 1 次, step 模式)
17:28:24  译文已稳定
17:28:24  译文: "评论模板管理器-通过CodeSMART"
17:28:24  translateposthtml.py -> "评论模板管理器-通过CodeSMART"
17:28:26  ---------- 第 15 个文本框 ----------
17:28:26  原文: "Form1"
17:28:27  translate.py -> need=0  text="Form1"
17:28:27  不需要翻译 -> 直接回车
17:28:27  ---------- 第 16 个文本框 ----------
17:28:28  原文: "Use this tree to switch between various comment categories. Each category can have one or more comment templates assigned to it, with the selected one being considered active."
17:28:29  translate.py -> need=0  text="Use this tree to switch between various comment categories. Each category can have one or more comment templates assigned to it, with the selected one being considered active."
17:28:29  不需要翻译 -> 直接回车
17:28:29  ---------- 第 17 个文本框 ----------
17:28:30  原文: "Hint:"
17:28:31  translate.py -> need=1  text="Hint:"
17:28:33  翻译前基准: "Hint:"
17:28:34  按翻译热键 (第 1 次, step 模式)
17:28:38  译文已稳定
17:28:38  译文: "提示："
17:28:38  translateposthtml.py -> "提示："
17:28:40  ---------- 第 18 个文本框 ----------
17:28:41  原文: "Use this manager to add/delete/edit comment templates - that is, a pattern including custom text, that can be inserted into the code window for commenting purposes."
17:28:42  translate.py -> need=1  text="Use this manager to add/delete/edit comment templates - that is, a pattern including custom text, that can be inserted into the code window for commenting purposes."
17:28:44  翻译前基准: "Use this manager to add/delete/edit comment templates - that is, a pattern including custom text, that can be inserted into the code window for commenting purposes."
17:28:45  按翻译热键 (第 1 次, step 模式)
17:28:49  译文已稳定
17:28:49  译文: "使用此管理器可以添加/删除/编辑注释模板-即包含自定义文本的模式，可以将其插入到代码窗口中以进行注释。"
17:28:49  translateposthtml.py -> "使用此管理器可以添加/删除/编辑注释模板-即包含自定义文本的模式，可以将其插入到代码窗口中以进行注释。"
17:28:51  ---------- 第 19 个文本框 ----------
17:28:52  原文: "Frame3"
17:28:52  translate.py -> need=0  text="Frame3"
17:28:52  不需要翻译 -> 直接回车
17:28:53  ---------- 第 20 个文本框 ----------
17:28:53  原文: "Frame1"
17:28:54  translate.py -> need=0  text="Frame1"
17:28:54  不需要翻译 -> 直接回车
17:28:54  ---------- 第 21 个文本框 ----------
17:28:55  原文: "Frame1"
17:28:55  translate.py -> need=0  text="Frame1"
17:28:55  不需要翻译 -> 直接回车
17:28:56  ---------- 第 22 个文本框 ----------
17:28:57  原文: "<Default Component header>"
17:28:57  translate.py -> need=1  text="<Default Component header>"
17:29:00  翻译前基准: "<Default Component header>"
17:29:01  按翻译热键 (第 1 次, step 模式)
17:29:15  等译文超时(12000ms), 用当前内容继续
17:29:15  !! 文本框没有任何变化, 判定这次没翻译成功
17:29:17  按翻译热键 (第 2 次, step 模式)
17:29:31  等译文超时(12000ms), 用当前内容继续
17:29:31  !! 文本框没有任何变化, 判定这次没翻译成功
17:29:31  !! 重试 1 次仍无译文, 这次按原文继续 (可能 STranslate 没响应热键)
17:29:31  译文: "<Default Component header>"
17:29:31  translateposthtml.py -> "<Default Component header>"
17:29:33  ---------- 第 23 个文本框 ----------
17:29:34  原文: "<Default Member Header>"
17:29:35  translate.py -> need=1  text="<Default Member Header>"
17:29:37  翻译前基准: "<Default Member Header>"
17:29:38  按翻译热键 (第 1 次, step 模式)
17:29:53  收到 Esc, 正在停止...
17:29:53  等译文超时(12000ms), 用当前内容继续
17:29:53  !! 文本框没有任何变化, 判定这次没翻译成功
17:29:53  !! 重试 1 次仍无译文, 这次按原文继续 (可能 STranslate 没响应热键)
17:29:53  译文: "<Default Member Header>"
17:29:53  (Esc 中断) translateposthtml.py 调用失败 >> 已按 Esc, 中止本次调用
17:30:24  ========== 开始 (Ctrl+Alt+S) ==========
17:30:24  ---------- 第 1 个文本框 ----------
17:30:25  原文: "Template Contents:"
17:30:26  translate.py -> need=0  text="Template Contents:"
17:30:26  不需要翻译 -> 直接回车
17:30:26  ---------- 第 2 个文本框 ----------
17:30:27  原文: "Defined Templates:"
17:30:28  translate.py -> need=1  text="Defined Templates:"
17:30:30  翻译前基准: "Defined Templates:"
17:30:31  按翻译热键 (第 1 次, step 模式)
17:30:35  译文已稳定
17:30:35  译文: "定义的模板："
17:30:35  translateposthtml.py -> "定义的模板："
17:30:37  ---------- 第 3 个文本框 ----------
17:30:38  原文: "&OK"
17:30:38  translate.py -> need=1  text="OK"
17:30:40  翻译前基准: "OK"
17:30:42  按翻译热键 (第 1 次, step 模式)
17:30:46  译文已稳定
17:30:46  译文: "好"
17:30:46  translateposthtml.py -> "好"
17:30:47  ---------- 第 4 个文本框 ----------
17:30:48  原文: "&Help"
17:30:49  translate.py -> need=1  text="Help"
17:30:51  翻译前基准: "Help"
17:30:52  按翻译热键 (第 1 次, step 模式)
17:30:56  译文已稳定
17:30:56  译文: "帮助"
17:30:56  translateposthtml.py -> "帮助"
17:30:58  ---------- 第 5 个文本框 ----------
17:30:59  原文: "&Cancel"
17:30:59  translate.py -> need=1  text="Cancel"
17:31:01  翻译前基准: "Cancel"
17:31:02  按翻译热键 (第 1 次, step 模式)
17:31:06  译文已稳定
17:31:06  译文: "取消"
17:31:06  translateposthtml.py -> "取消"
17:31:08  ---------- 第 6 个文本框 ----------
17:31:09  原文: "Please select a comment type"
17:31:10  translate.py -> need=1  text="Please select a comment type"
17:31:12  翻译前基准: "Please select a comment type"
17:31:13  按翻译热键 (第 1 次, step 模式)
17:31:17  译文已稳定
17:31:17  译文: "请选择评论类型"
17:31:17  translateposthtml.py -> "请选择评论类型"
17:31:19  ---------- 第 7 个文本框 ----------
17:31:20  原文: "CodeSMART"
17:31:20  translate.py -> need=0  text="CodeSMART"
17:31:20  不需要翻译 -> 直接回车
17:31:21  ---------- 第 8 个文本框 ----------
17:31:22  原文: "Form1"
17:31:22  translate.py -> need=0  text="Form1"
17:31:22  不需要翻译 -> 直接回车
17:31:22  ---------- 第 9 个文本框 ----------
17:31:23  原文: "Cancel"
17:31:23  translate.py -> need=1  text="Cancel"
17:31:25  翻译前基准: "Cancel"
17:31:27  按翻译热键 (第 1 次, step 模式)
17:31:31  译文已稳定
17:31:31  译文: "取消"
17:31:31  translateposthtml.py -> "取消"
17:31:33  ---------- 第 10 个文本框 ----------
17:31:34  原文: "OK"
17:31:34  translate.py -> need=1  text="OK"
17:31:36  翻译前基准: "OK"
17:31:37  按翻译热键 (第 1 次, step 模式)
17:31:41  译文已稳定
17:31:41  译文: "好"
17:31:41  translateposthtml.py -> "好"
17:31:43  ---------- 第 11 个文本框 ----------
17:31:44  原文: "Template name"
17:31:45  translate.py -> need=0  text="Template name"
17:31:45  不需要翻译 -> 直接回车
17:31:45  ---------- 第 12 个文本框 ----------
17:31:46  原文: "&Enter a name for the new template:"
17:31:46  translate.py -> need=1  text="Enter a name for the new template:"
17:31:48  翻译前基准: "Enter a name for the new template:"
17:31:50  按翻译热键 (第 1 次, step 模式)
17:31:54  译文已稳定
17:31:54  译文: "输入新模板的名称："
17:31:54  translateposthtml.py -> "输入新模板的名称："
17:31:55  ---------- 第 13 个文本框 ----------
17:31:56  原文: "Insert Procedure Header(s) - by CodeSMART"
17:31:57  translate.py -> need=1  text="Insert Procedure Header(s) - by CodeSMART"
17:31:59  翻译前基准: "Insert Procedure Header(s) - by CodeSMART"
17:32:01  按翻译热键 (第 1 次, step 模式)
17:32:05  译文已稳定
17:32:05  译文: "插入程序标题-通过CodeSMART"
17:32:05  translateposthtml.py -> "插入程序标题-通过CodeSMART"
17:32:06  ---------- 第 14 个文本框 ----------
17:32:07  原文: "Form4"
17:32:08  translate.py -> need=0  text="Form4"
17:32:08  不需要翻译 -> 直接回车
17:32:08  ---------- 第 15 个文本框 ----------
17:32:09  原文: "Use this feature to automatically insert procedure headers at a certain scope."
17:32:10  translate.py -> need=1  text="Use this feature to automatically insert procedure headers at a certain scope."
17:32:12  翻译前基准: "Use this feature to automatically insert procedure headers at a certain scope."
17:32:13  按翻译热键 (第 1 次, step 模式)
17:32:17  译文已稳定
17:32:17  译文: "使用此功能可以在特定范围内自动插入过程头。"
17:32:17  translateposthtml.py -> "使用此功能可以在特定范围内自动插入过程头。"
17:32:19  ---------- 第 16 个文本框 ----------
17:32:20  原文: "Hint:"
17:32:21  translate.py -> need=1  text="Hint:"
17:32:23  翻译前基准: "Hint:"
17:32:24  按翻译热键 (第 1 次, step 模式)
17:32:28  译文已稳定
17:32:28  译文: "提示："
17:32:28  translateposthtml.py -> "提示："
17:32:30  ---------- 第 17 个文本框 ----------
17:32:31  原文: "Choose here the scope at which CodeSMART will perform the procedure header insertion operation."
17:32:32  translate.py -> need=1  text="Choose here the scope at which CodeSMART will perform the procedure header insertion operation."
17:32:34  翻译前基准: "Choose here the scope at which CodeSMART will perform the procedure header insertion operation."
17:32:35  按翻译热键 (第 1 次, step 模式)
17:32:39  译文已稳定
17:32:39  译文: "在此选择CodeSMART将执行过程标题插入操作的范围。"
17:32:39  translateposthtml.py -> "在此选择CodeSMART将执行过程标题插入操作的范围。"
17:32:41  ---------- 第 18 个文本框 ----------
17:32:42  原文: "Insertion point:"
17:32:43  translate.py -> need=1  text="Insertion point:"
17:32:45  翻译前基准: "Insertion point:"
17:32:46  按翻译热键 (第 1 次, step 模式)
17:32:50  译文已稳定
17:32:50  译文: "插入点："
17:32:50  translateposthtml.py -> "插入点："
17:32:52  ---------- 第 19 个文本框 ----------
17:32:53  原文: "&Insert in:"
17:32:53  translate.py -> need=1  text="Insert in:"
17:32:55  翻译前基准: "Insert in:"
17:32:56  按翻译热键 (第 1 次, step 模式)
17:33:00  译文已稳定
17:33:00  译文: "插入："
17:33:00  translateposthtml.py -> "插入："
17:33:02  ---------- 第 20 个文本框 ----------
17:33:03  原文: "&Begin >>"
17:33:03  translate.py -> need=1  text="Begin >>"
17:33:05  翻译前基准: "Begin >>"
17:33:07  按翻译热键 (第 1 次, step 模式)
17:33:11  译文已稳定
17:33:11  译文: "开始>>"
17:33:11  translateposthtml.py -> "开始>>"
17:33:12  ---------- 第 21 个文本框 ----------
17:33:13  原文: "&Cancel"
17:33:13  translate.py -> need=1  text="Cancel"
17:33:16  翻译前基准: "Cancel"
17:33:17  按翻译热键 (第 1 次, step 模式)
17:33:21  译文已稳定
17:33:21  译文: "取消"
17:33:21  translateposthtml.py -> "取消"
17:33:23  ---------- 第 22 个文本框 ----------
17:33:24  原文: "&Help"
17:33:24  translate.py -> need=1  text="Help"
17:33:26  翻译前基准: "Help"
17:33:27  按翻译热键 (第 1 次, step 模式)
17:33:31  译文已稳定
17:33:31  译文: "帮助"
17:33:31  translateposthtml.py -> "帮助"
17:33:33  ---------- 第 23 个文本框 ----------
17:33:34  原文: "Insert Component Header(s) - by CodeSMART"
17:33:35  translate.py -> need=1  text="Insert Component Header(s) - by CodeSMART"
17:33:37  翻译前基准: "Insert Component Header(s) - by CodeSMART"
17:33:38  按翻译热键 (第 1 次, step 模式)
17:33:42  译文已稳定
17:33:42  译文: "插入组件标题-通过CodeSMART"
17:33:42  translateposthtml.py -> "插入组件标题-通过CodeSMART"
17:33:44  ---------- 第 24 个文本框 ----------
17:33:45  原文: "Form4"
17:33:45  translate.py -> need=0  text="Form4"
17:33:45  不需要翻译 -> 直接回车
17:33:45  ---------- 第 25 个文本框 ----------
17:33:46  原文: "Choose here the scope at which CodeSMART will perform the component header insertion operation."
17:33:47  translate.py -> need=1  text="Choose here the scope at which CodeSMART will perform the component header insertion operation."
17:33:49  翻译前基准: "Choose here the scope at which CodeSMART will perform the component header insertion operation."
17:33:51  按翻译热键 (第 1 次, step 模式)
17:33:55  译文已稳定
17:33:55  译文: "在此选择CodeSMART将执行组件头插入操作的范围。"
17:33:55  translateposthtml.py -> "在此选择CodeSMART将执行组件头插入操作的范围。"
17:33:56  ---------- 第 26 个文本框 ----------
17:33:57  原文: "Hint:"
17:33:58  translate.py -> need=1  text="Hint:"
17:34:01  翻译前基准: "Hint:"
17:34:02  按翻译热键 (第 1 次, step 模式)
17:34:06  译文已稳定
17:34:06  译文: "提示："
17:34:06  translateposthtml.py -> "提示："
17:34:08  ---------- 第 27 个文本框 ----------
17:34:08  原文: "Use this feature to automatically insert comment headers for each component's code within selected scope."
17:34:09  translate.py -> need=1  text="Use this feature to automatically insert comment headers for each component's code within selected scope."
17:34:12  翻译前基准: "Use this feature to automatically insert comment headers for each component's code within selected scope."
17:34:13  按翻译热键 (第 1 次, step 模式)
17:34:17  译文已稳定
17:34:17  译文: "使用此功能可以自动为选定范围内的每个组件代码插入注释头。"
17:34:17  translateposthtml.py -> "使用此功能可以自动为选定范围内的每个组件代码插入注释头。"
17:34:19  ---------- 第 28 个文本框 ----------
17:34:19  原文: "Keep in mind that by checking this option all the information contained in the previous header(s) will be lost."
17:34:20  translate.py -> need=1  text="Keep in mind that by checking this option all the information contained in the previous header(s) will be lost."
17:34:23  翻译前基准: "Keep in mind that by checking this option all the information contained in the previous header(s) will be lost."
17:34:24  按翻译热键 (第 1 次, step 模式)
17:34:28  译文已稳定
17:34:28  译文: "请记住，通过选中此选项，包含在先前标头中的所有信息都将丢失。"
17:34:28  translateposthtml.py -> "请记住，通过选中此选项，包含在先前标头中的所有信息都将丢失。"
17:34:30  ---------- 第 29 个文本框 ----------
17:34:31  原文: "&Insert in:"
17:34:31  translate.py -> need=1  text="Insert in:"
17:34:33  翻译前基准: "Insert in:"
17:34:34  按翻译热键 (第 1 次, step 模式)
17:34:38  译文已稳定
17:34:38  译文: "插入："
17:34:38  translateposthtml.py -> "插入："
17:34:40  ---------- 第 30 个文本框 ----------
17:34:41  原文: "&Begin >>"
17:34:41  translate.py -> need=1  text="Begin >>"
17:34:43  翻译前基准: "Begin >>"
17:34:45  按翻译热键 (第 1 次, step 模式)
17:34:48  译文已稳定
17:34:48  译文: "开始>>"
17:34:49  translateposthtml.py -> "开始>>"
17:34:50  ---------- 第 31 个文本框 ----------
17:34:51  原文: "&Cancel"
17:34:51  translate.py -> need=1  text="Cancel"
17:34:53  翻译前基准: "Cancel"
17:34:55  按翻译热键 (第 1 次, step 模式)
17:34:59  译文已稳定
17:34:59  译文: "取消"
17:34:59  translateposthtml.py -> "取消"
17:35:01  ---------- 第 32 个文本框 ----------
17:35:01  原文: "&Help"
17:35:02  translate.py -> need=1  text="Help"
17:35:04  翻译前基准: "Help"
17:35:05  按翻译热键 (第 1 次, step 模式)
17:35:09  译文已稳定
17:35:09  译文: "帮助"
17:35:09  translateposthtml.py -> "帮助"
17:35:11  ---------- 第 33 个文本框 ----------
17:35:12  原文: "\bRemo&ve \bprevious component header(s) inserted by CodeSMART"
17:35:12  translate.py -> need=1  text="<strong>Remove</strong> <strong>previous</strong> component header(s) inserted by CodeSMART"
17:35:14  翻译前基准: "<strong>Remove</strong> <strong>previous</strong> component header(s) inserted by CodeSMART"
17:35:15  按翻译热键 (第 1 次, step 模式)
17:35:19  译文已稳定
17:35:19  译文: "<strong>删除</strong>CodeSMART插入的<strong>先前</strong>"
17:35:20  translateposthtml.py -> "\b删除 CodeSMART插入的\b先前 "
17:35:21  ---------- 第 34 个文本框 ----------
17:35:22  原文: "\bRemo&ve \bprevious procedure header(s) inserted by CodeSMART"
17:35:22  translate.py -> need=1  text="<strong>Remove</strong> <strong>previous</strong> procedure header(s) inserted by CodeSMART"
17:35:24  翻译前基准: "<strong>Remove</strong> <strong>previous</strong> procedure header(s) inserted by CodeSMART"
17:35:26  按翻译热键 (第 1 次, step 模式)
17:35:30  译文已稳定
17:35:30  译文: "<strong>删除</strong>CodeSMART插入的<strong>先前</strong>"
17:35:30  translateposthtml.py -> "\b删除 CodeSMART插入的\b先前 "
17:35:32  ---------- 第 35 个文本框 ----------
17:35:32  原文: "\bB&efore each member's definition line"
17:35:33  translate.py -> need=1  text="<strong>Before</strong> each member's definition line"
17:35:35  翻译前基准: "<strong>Before</strong> each member's definition line"
17:35:36  按翻译热键 (第 1 次, step 模式)
17:35:40  译文已稳定
17:35:40  译文: "<strong>在</strong>每个成员的定义行之前"
17:35:40  translateposthtml.py -> "\b在 每个成员的定义行之前"
17:35:42  ---------- 第 36 个文本框 ----------
17:35:43  原文: "\b&After each member's definition line"
17:35:43  translate.py -> need=1  text="<strong>After</strong> each member's definition line"
17:35:45  翻译前基准: "<strong>After</strong> each member's definition line"
17:35:46  按翻译热键 (第 1 次, step 模式)
17:35:50  译文已稳定
17:35:50  译文: "<strong>在</strong>每个成员的定义行之后"
17:35:50  translateposthtml.py -> "\b在 每个成员的定义行之后"
17:35:52  ---------- 第 37 个文本框 ----------
17:35:53  原文: "imgFolder"
17:35:53  translate.py -> need=0  text="imgFolder"
17:35:53  不需要翻译 -> 直接回车
17:35:54  ---------- 第 38 个文本框 ----------
17:35:55  原文: "imgFolderX"
17:35:55  translate.py -> need=0  text="imgFolderX"
17:35:55  不需要翻译 -> 直接回车
17:35:55  ---------- 第 39 个文本框 ----------
17:35:56  原文: "imlMainEx"
17:35:56  translate.py -> need=0  text="imlMainEx"
17:35:56  不需要翻译 -> 直接回车
17:35:57  ---------- 第 40 个文本框 ----------
17:35:58  原文: "\b&Ignore comments starting with:"
17:35:58  translate.py -> need=1  text="<strong>Ignore</strong> comments starting with:"
17:36:00  翻译前基准: "<strong>Ignore</strong> comments starting with:"
17:36:01  按翻译热键 (第 1 次, step 模式)
17:36:05  译文已稳定
17:36:05  译文: "<strong>忽略</strong>以下开头的注释："
17:36:05  translateposthtml.py -> "\b忽略 以下开头的注释："
17:36:07  ---------- 第 41 个文本框 ----------
17:36:08  原文: "Remove CodeSMART \bs&pecial comments"
17:36:08  translate.py -> need=1  text="Remove CodeSMART <strong>special</strong> comments"
17:36:10  翻译前基准: "Remove CodeSMART <strong>special</strong> comments"
17:36:12  按翻译热键 (第 1 次, step 模式)
17:36:16  译文已稳定
17:36:16  译文: "删除CodeSMART<strong>特殊</strong>注释"
17:36:16  translateposthtml.py -> "删除CodeSMART\b特殊 注释"
17:36:17  ---------- 第 42 个文本框 ----------
17:36:18  原文: "Remove \b&standard comments"
17:36:19  translate.py -> need=1  text="Remove <strong>standard</strong> comments"
17:36:21  翻译前基准: "Remove <strong>standard</strong> comments"
17:36:22  按翻译热键 (第 1 次, step 模式)
17:36:26  译文已稳定
17:36:26  译文: "删除<strong>标准</strong>注释"
17:36:26  translateposthtml.py -> "删除\b标准 注释"
17:36:28  ---------- 第 43 个文本框 ----------
17:36:29  原文: "AxCsComments.FHeaderInsertComp.GetOption"
17:36:29  translate.py -> need=0  text="AxCsComments.FHeaderInsertComp.GetOption"
17:36:29  不需要翻译 -> 直接回车
17:36:29  ---------- 第 44 个文本框 ----------
17:36:30  原文: "Check this option if you want to delete any existing component "
17:36:31  translate.py -> need=1  text="Check this option if you want to delete any existing component "
17:36:33  翻译前基准: "Check this option if you want to delete any existing component "
17:36:35  按翻译热键 (第 1 次, step 模式)
17:36:38  译文已稳定
17:36:38  译文: "如果要删除任何现有组件，请选中此选项"
17:36:39  translateposthtml.py -> "如果要删除任何现有组件，请选中此选项"
17:36:40  ---------- 第 45 个文本框 ----------
17:36:41  原文: "headers before inserting the new ones."
17:36:43  translate.py -> need=1  text="headers before inserting the new ones."
17:36:45  翻译前基准: "headers before inserting the new ones."
17:36:47  按翻译热键 (第 1 次, step 模式)
17:36:50  译文已稳定
17:36:50  译文: "在插入新的头之前。"
17:36:51  translateposthtml.py -> "在插入新的头之前。"
17:36:52  ---------- 第 46 个文本框 ----------
17:36:53  原文: "AxCsComments.FHeaderInsertMember.GetOption"
17:36:53  translate.py -> need=0  text="AxCsComments.FHeaderInsertMember.GetOption"
17:36:53  不需要翻译 -> 直接回车
17:36:54  ---------- 第 47 个文本框 ----------
17:36:55  原文: "Check this option if you want to delete any existing procedure "
17:36:56  translate.py -> need=1  text="Check this option if you want to delete any existing procedure "
17:36:58  翻译前基准: "Check this option if you want to delete any existing procedure "
17:36:59  按翻译热键 (第 1 次, step 模式)
17:37:03  译文已稳定
17:37:03  译文: "如果要删除任何现有过程，请选中此选项"
17:37:03  translateposthtml.py -> "如果要删除任何现有过程，请选中此选项"
17:37:05  ---------- 第 48 个文本框 ----------
17:37:06  原文: "AxCsComments.FHeaderInsertMember.chkRemove_GotFocus"
17:37:06  translate.py -> need=0  text="AxCsComments.FHeaderInsertMember.chkRemove_GotFocus"
17:37:06  不需要翻译 -> 直接回车
17:37:06  ---------- 第 49 个文本框 ----------
17:37:07  原文: "AxCsComments.FInput.GetText"
17:37:07  translate.py -> need=0  text="AxCsComments.FInput.GetText"
17:37:07  不需要翻译 -> 直接回车
17:37:08  ---------- 第 50 个文本框 ----------
17:37:09  原文: "AxCsComments.FCommentTemplates.TemplateRecordset"
17:37:09  translate.py -> need=0  text="AxCsComments.FCommentTemplates.TemplateRecordset"
17:37:09  不需要翻译 -> 直接回车
17:37:09  ---------- 第 51 个文本框 ----------
17:37:10  原文: "AxCsComments.FCommentTemplates.cmbTemplates_GotFocus"
17:37:11  translate.py -> need=0  text="AxCsComments.FCommentTemplates.cmbTemplates_GotFocus"
17:37:11  不需要翻译 -> 直接回车
17:37:11  ---------- 第 52 个文本框 ----------
17:37:12  原文: ") '"
17:37:12  translate.py -> need=0  text=") '"
17:37:12  不需要翻译 -> 直接回车
17:37:13  ---------- 第 53 个文本框 ----------
17:37:13  原文: "Click to save changes and close this dialog."
17:37:14  translate.py -> need=1  text="Click to save changes and close this dialog."
17:37:16  翻译前基准: "Click to save changes and close this dialog."
17:37:18  按翻译热键 (第 1 次, step 模式)
17:37:22  译文已稳定
17:37:22  译文: "单击以保存更改并关闭此对话框。"
17:37:22  translateposthtml.py -> "单击以保存更改并关闭此对话框。"
17:37:24  ---------- 第 54 个文本框 ----------
17:37:24  原文: "Click to close this dialog."
17:37:25  translate.py -> need=1  text="Click to close this dialog."
17:37:27  翻译前基准: "Click to close this dialog."
17:37:29  按翻译热键 (第 1 次, step 模式)
17:37:30  收到 Esc, 正在停止...
17:37:30  !! 文本框没有任何变化, 判定这次没翻译成功
17:37:30  !! 重试 1 次仍无译文, 这次按原文继续 (可能 STranslate 没响应热键)
17:37:30  译文: "Click to close this dialog."
17:37:30  (Esc 中断) translateposthtml.py 调用失败 >> 已按 Esc, 中止本次调用
18:06:12  ========== 开始 (Ctrl+Alt+S) ==========
18:06:13  ---------- 第 1 个文本框 ----------
18:06:14  原文: "Find References - by CodeSMART"
18:06:15  translate.py -> need=1  text="Find References - by CodeSMART"
18:06:17  翻译前基准: "Find References - by CodeSMART"
18:06:18  按翻译热键 (第 1 次, step 模式)
18:06:22  译文已稳定
18:06:22  译文: "查找参考-通过CodeSMART"
18:06:22  translateposthtml.py -> "查找参考-通过CodeSMART"
18:06:24  ---------- 第 2 个文本框 ----------
18:06:25  原文: "Form1"
18:06:25  translate.py -> need=0  text="Form1"
18:06:25  不需要翻译 -> 直接回车
18:06:26  ---------- 第 3 个文本框 ----------
18:06:26  原文: "This tool will assist you in determining all the places where a certain control is used in code."
18:06:27  translate.py -> need=1  text="This tool will assist you in determining all the places where a certain control is used in code."
18:06:29  翻译前基准: "This tool will assist you in determining all the places where a certain control is used in code."
18:06:31  按翻译热键 (第 1 次, step 模式)
18:06:35  译文已稳定
18:06:35  译文: "此工具将帮助您确定代码中使用某个控件的所有位置。"
18:06:35  translateposthtml.py -> "此工具将帮助您确定代码中使用某个控件的所有位置。"
18:06:37  ---------- 第 4 个文本框 ----------
18:06:37  原文: "Hint:"
18:06:38  translate.py -> need=1  text="Hint:"
18:06:41  翻译前基准: "Hint:"
18:06:42  按翻译热键 (第 1 次, step 模式)
18:06:46  译文已稳定
18:06:46  译文: "提示："
18:06:46  translateposthtml.py -> "提示："
18:06:48  ---------- 第 5 个文本框 ----------
18:06:49  原文: "&Begin >>"
18:06:49  translate.py -> need=1  text="Begin >>"
18:06:51  翻译前基准: "Begin >>"
18:06:52  按翻译热键 (第 1 次, step 模式)
18:06:56  译文已稳定
18:06:56  译文: "开始>>"
18:06:56  translateposthtml.py -> "开始>>"
18:06:58  ---------- 第 6 个文本框 ----------
18:06:59  原文: "&Cancel"
18:06:59  translate.py -> need=1  text="Cancel"
18:07:01  翻译前基准: "Cancel"
18:07:03  按翻译热键 (第 1 次, step 模式)
18:07:06  译文已稳定
18:07:06  译文: "取消"
18:07:07  translateposthtml.py -> "取消"
18:07:08  ---------- 第 7 个文本框 ----------
18:07:09  原文: "&Help"
18:07:09  translate.py -> need=1  text="Help"
18:07:12  翻译前基准: "Help"
18:07:13  按翻译热键 (第 1 次, step 模式)
18:07:17  译文已稳定
18:07:17  译文: "帮助"
18:07:17  translateposthtml.py -> "帮助"
18:07:19  ---------- 第 8 个文本框 ----------
18:07:19  原文: "What To Look For:"
18:07:20  translate.py -> need=1  text="What To Look For:"
18:07:23  翻译前基准: "What To Look For:"
18:07:24  按翻译热键 (第 1 次, step 模式)
18:07:28  译文已稳定
18:07:28  译文: "寻找什么："
18:07:28  translateposthtml.py -> "寻找什么："
18:07:30  ---------- 第 9 个文本框 ----------
18:07:31  原文: "Options:"
18:07:31  translate.py -> need=0  text="Options:"
18:07:31  不需要翻译 -> 直接回车
18:07:32  ---------- 第 10 个文本框 ----------
18:07:33  原文: "Designer Explorer - Options"
18:07:34  translate.py -> need=1  text="Designer Explorer - Options"
18:07:36  翻译前基准: "Designer Explorer - Options"
18:07:37  按翻译热键 (第 1 次, step 模式)
18:07:41  译文已稳定
18:07:41  译文: "设计器资源管理器-选项"
18:07:41  translateposthtml.py -> "设计器资源管理器-选项"
18:07:43  ---------- 第 11 个文本框 ----------
18:07:44  原文: "Form1"
18:07:44  translate.py -> need=0  text="Form1"
18:07:44  不需要翻译 -> 直接回车
18:07:44  ---------- 第 12 个文本框 ----------
18:07:45  原文: "&OK"
18:07:45  translate.py -> need=1  text="OK"
18:07:48  翻译前基准: "OK"
18:07:49  按翻译热键 (第 1 次, step 模式)
18:07:53  译文已稳定
18:07:53  译文: "好"
18:07:53  translateposthtml.py -> "好"
18:07:55  ---------- 第 13 个文本框 ----------
18:07:56  原文: "&Edit"
18:07:56  translate.py -> need=1  text="Edit"
18:07:58  翻译前基准: "Edit"
18:07:59  按翻译热键 (第 1 次, step 模式)
18:08:03  译文已稳定
18:08:03  译文: "编辑"
18:08:03  translateposthtml.py -> "编辑"
18:08:05  ---------- 第 14 个文本框 ----------
18:08:06  原文: "&Help"
18:08:06  translate.py -> need=1  text="Help"
18:08:08  翻译前基准: "Help"
18:08:10  按翻译热键 (第 1 次, step 模式)
18:08:13  译文已稳定
18:08:13  译文: "帮助"
18:08:14  translateposthtml.py -> "帮助"
18:08:15  ---------- 第 15 个文本框 ----------
18:08:16  原文: "&Remove"
18:08:16  translate.py -> need=1  text="Remove"
18:08:19  翻译前基准: "Remove"
18:08:20  按翻译热键 (第 1 次, step 模式)
18:08:24  译文已稳定
18:08:24  译文: "去除"
18:08:24  translateposthtml.py -> "去除"
18:08:26  ---------- 第 16 个文本框 ----------
18:08:26  原文: "Hint text here"
18:08:27  translate.py -> need=1  text="Hint text here"
18:08:30  翻译前基准: "Hint text here"
18:08:31  按翻译热键 (第 1 次, step 模式)
18:08:35  译文已稳定
18:08:35  译文: "在此处提示文本"
18:08:35  translateposthtml.py -> "在此处提示文本"
18:08:37  ---------- 第 17 个文本框 ----------
18:08:38  原文: "Hint:"
18:08:38  translate.py -> need=1  text="Hint:"
18:08:41  翻译前基准: "Hint:"
18:08:42  按翻译热键 (第 1 次, step 模式)
18:08:46  译文已稳定
18:08:46  译文: "提示："
18:08:46  translateposthtml.py -> "提示："
18:08:48  ---------- 第 18 个文本框 ----------
18:08:49  原文: "Use this dialog to manage the behavior and appearance that apply to the 'Designer Explorer' pane."
18:08:49  translate.py -> need=1  text="Use this dialog to manage the behavior and appearance that apply to the 'Designer Explorer' pane."
18:08:52  翻译前基准: "Use this dialog to manage the behavior and appearance that apply to the 'Designer Explorer' pane."
18:08:53  按翻译热键 (第 1 次, step 模式)
18:08:57  译文已稳定
18:08:57  译文: "使用此对话框管理应用于“设计器资源管理器”窗格的行为和外观。"
18:08:57  translateposthtml.py -> "使用此对话框管理应用于“设计器资源管理器”窗格的行为和外观。"
18:08:59  ---------- 第 19 个文本框 ----------
18:09:00  原文: "&Cancel"
18:09:00  translate.py -> need=1  text="Cancel"
18:09:02  翻译前基准: "Cancel"
18:09:03  按翻译热键 (第 1 次, step 模式)
18:09:07  译文已稳定
18:09:07  译文: "取消"
18:09:07  translateposthtml.py -> "取消"
18:09:09  ---------- 第 20 个文本框 ----------
18:09:10  原文: "&Add New"
18:09:10  translate.py -> need=1  text="Add New"
18:09:12  翻译前基准: "Add New"
18:09:14  按翻译热键 (第 1 次, step 模式)
18:09:17  译文已稳定
18:09:17  译文: "添加新"
18:09:18  translateposthtml.py -> "添加新"
18:09:19  ---------- 第 21 个文本框 ----------
18:09:20  原文: "General options:"
18:09:21  translate.py -> need=1  text="General options:"
18:09:23  翻译前基准: "General options:"
18:09:25  按翻译热键 (第 1 次, step 模式)
18:09:29  译文已稳定
18:09:29  译文: "一般选项："
18:09:29  translateposthtml.py -> "一般选项："
18:09:30  ---------- 第 22 个文本框 ----------
18:09:31  原文: "Quick properties:"
18:09:32  translate.py -> need=1  text="Quick properties:"
18:09:34  翻译前基准: "Quick properties:"
18:09:36  按翻译热键 (第 1 次, step 模式)
18:09:40  译文已稳定
18:09:40  译文: "快速特性："
18:09:40  translateposthtml.py -> "快速特性："
18:09:41  ---------- 第 23 个文本框 ----------
18:09:42  原文: "Contents View"
18:09:43  translate.py -> need=1  text="Contents View"
18:09:45  翻译前基准: "Contents View"
18:09:47  按翻译热键 (第 1 次, step 模式)
18:09:51  译文已稳定
18:09:51  译文: "内容视图"
18:09:51  translateposthtml.py -> "内容视图"
18:09:52  ---------- 第 24 个文本框 ----------
18:09:53  原文: "Edit Property"
18:09:54  translate.py -> need=1  text="Edit Property"
18:09:56  翻译前基准: "Edit Property"
18:09:58  按翻译热键 (第 1 次, step 模式)
18:10:01  译文已稳定
18:10:01  译文: "编辑特性"
18:10:02  translateposthtml.py -> "编辑特性"
18:10:03  ---------- 第 25 个文本框 ----------
18:10:04  原文: "Form1"
18:10:04  translate.py -> need=0  text="Form1"
18:10:04  不需要翻译 -> 直接回车
18:10:05  ---------- 第 26 个文本框 ----------
18:10:06  原文: "&Cancel"
18:10:06  translate.py -> need=1  text="Cancel"
18:10:08  翻译前基准: "Cancel"
18:10:09  按翻译热键 (第 1 次, step 模式)
18:10:13  译文已稳定
18:10:13  译文: "取消"
18:10:14  translateposthtml.py -> "取消"
18:10:15  ---------- 第 27 个文本框 ----------
18:10:16  原文: "&OK"
18:10:16  translate.py -> need=1  text="OK"
18:10:18  翻译前基准: "OK"
18:10:20  按翻译热键 (第 1 次, step 模式)
18:10:24  译文已稳定
18:10:24  译文: "好"
18:10:24  translateposthtml.py -> "好"
18:10:26  ---------- 第 28 个文本框 ----------
18:10:26  原文: "Value:"
18:10:27  translate.py -> need=0  text="Value:"
18:10:27  不需要翻译 -> 直接回车
18:10:28  ---------- 第 29 个文本框 ----------
18:10:29  原文: "Frame1"
18:10:29  translate.py -> need=0  text="Frame1"
18:10:29  不需要翻译 -> 直接回车
18:10:29  ---------- 第 30 个文本框 ----------
18:10:30  原文: "Collapse Pane"
18:10:31  translate.py -> need=1  text="Collapse Pane"
18:10:33  翻译前基准: "Collapse Pane"
18:10:34  按翻译热键 (第 1 次, step 模式)
18:10:38  译文已稳定
18:10:38  译文: "崩溃"
18:10:39  translateposthtml.py -> "崩溃"
18:10:40  ---------- 第 31 个文本框 ----------
18:10:41  原文: "Expand Pane"
18:10:42  translate.py -> need=1  text="Expand Pane"
18:10:44  翻译前基准: "Expand Pane"
18:10:45  按翻译热键 (第 1 次, step 模式)
18:10:49  译文已稳定
18:10:49  译文: "展开"
18:10:49  translateposthtml.py -> "展开"
18:10:51  ---------- 第 32 个文本框 ----------
18:10:52  原文: "Quick Properties"
18:10:53  translate.py -> need=1  text="Quick Properties"
18:10:55  翻译前基准: "Quick Properties"
18:10:56  按翻译热键 (第 1 次, step 模式)
18:11:00  译文已稳定
18:11:00  译文: "快捷特性"
18:11:00  translateposthtml.py -> "快捷特性"
18:11:02  ---------- 第 33 个文本框 ----------
18:11:03  原文: "391C011F3A08000D03523F0223191606041B0A03000000005031001E381B1C18505222192F0112111C5224193F1A"
18:11:03  translate.py -> need=0  text="391C011F3A08000D03523F0223191606041B0A03000000005031001E381B1C18505222192F0112111C5224193F1A"
18:11:03  不需要翻译 -> 直接回车
18:11:04  ---------- 第 34 个文本框 ----------
18:11:05  原文: "3.40.1291"
18:11:05  translate.py -> need=0  text="3.40.1291"
18:11:05  不需要翻译 -> 直接回车
18:11:05  ---------- 第 35 个文本框 ----------
18:11:06  原文: "\n&"
18:11:06  translate.py -> need=1  text=""
18:11:08  翻译前基准: "\n&"
18:11:10  按翻译热键 (第 1 次, step 模式)
18:11:14  译文已稳定
18:11:14  译文: "&"
18:11:14  translateposthtml.py -> "&"
18:11:15  ---------- 第 36 个文本框 ----------
18:11:16  原文: "imgControls"
18:11:17  translate.py -> need=0  text="imgControls"
18:11:17  不需要翻译 -> 直接回车
18:11:17  ---------- 第 37 个文本框 ----------
18:11:18  原文: "AxDesigner"
18:11:18  translate.py -> need=0  text="AxDesigner"
18:11:18  不需要翻译 -> 直接回车
18:11:19  ---------- 第 38 个文本框 ----------
18:11:19  原文: "Form"
18:11:20  translate.py -> need=0  text="Form"
18:11:20  不需要翻译 -> 直接回车
18:11:20  ---------- 第 39 个文本框 ----------
18:11:21  原文: "MDIForm"
18:11:21  translate.py -> need=0  text="MDIForm"
18:11:21  不需要翻译 -> 直接回车
18:11:22  ---------- 第 40 个文本框 ----------
18:11:22  原文: "UserDocument"
18:11:23  translate.py -> need=0  text="UserDocument"
18:11:23  不需要翻译 -> 直接回车
18:11:23  ---------- 第 41 个文本框 ----------
18:11:24  原文: "UserControl"
18:11:24  translate.py -> need=0  text="UserControl"
18:11:24  不需要翻译 -> 直接回车
18:11:25  ---------- 第 42 个文本框 ----------
18:11:26  原文: "PropertyPage"
18:11:26  translate.py -> need=0  text="PropertyPage"
18:11:26  不需要翻译 -> 直接回车
18:11:26  ---------- 第 43 个文本框 ----------
18:11:27  原文: "ComCtl2.Animation"
18:11:27  translate.py -> need=0  text="ComCtl2.Animation"
18:11:27  不需要翻译 -> 直接回车
18:11:28  ---------- 第 44 个文本框 ----------
18:11:29  原文: "ComCtl2.UpDown"
18:11:29  translate.py -> need=0  text="ComCtl2.UpDown"
18:11:29  不需要翻译 -> 直接回车
18:11:29  ---------- 第 45 个文本框 ----------
18:11:30  原文: "ComctlLib.ImageList"
18:11:30  translate.py -> need=0  text="ComctlLib.ImageList"
18:11:30  不需要翻译 -> 直接回车
18:11:31  ---------- 第 46 个文本框 ----------
18:11:32  原文: "ComctlLib.ListView"
18:11:32  translate.py -> need=0  text="ComctlLib.ListView"
18:11:32  不需要翻译 -> 直接回车
18:11:32  ---------- 第 47 个文本框 ----------
18:11:33  原文: "ComctlLib.ProgressBar"
18:11:33  translate.py -> need=0  text="ComctlLib.ProgressBar"
18:11:33  不需要翻译 -> 直接回车
18:11:34  ---------- 第 48 个文本框 ----------
18:11:35  原文: "ComctlLib.Slider"
18:11:35  translate.py -> need=0  text="ComctlLib.Slider"
18:11:35  不需要翻译 -> 直接回车
18:11:35  ---------- 第 49 个文本框 ----------
18:11:36  原文: "ComctlLib.StatusBar"
18:11:36  translate.py -> need=0  text="ComctlLib.StatusBar"
18:11:36  不需要翻译 -> 直接回车
18:11:37  ---------- 第 50 个文本框 ----------
18:11:38  原文: "ComctlLib.TabStrip"
18:11:38  translate.py -> need=0  text="ComctlLib.TabStrip"
18:11:38  不需要翻译 -> 直接回车
18:11:38  ---------- 第 51 个文本框 ----------
18:11:39  原文: "ComctlLib.Toolbar"
18:11:40  translate.py -> need=0  text="ComctlLib.Toolbar"
18:11:40  不需要翻译 -> 直接回车
18:11:40  ---------- 第 52 个文本框 ----------
18:11:41  原文: "ComctlLib.TreeView"
18:11:41  translate.py -> need=0  text="ComctlLib.TreeView"
18:11:41  不需要翻译 -> 直接回车
18:11:42  ---------- 第 53 个文本框 ----------
18:11:42  原文: "MSDBCtls.DBCombo"
18:11:43  translate.py -> need=0  text="MSDBCtls.DBCombo"
18:11:43  不需要翻译 -> 直接回车
18:11:43  ---------- 第 54 个文本框 ----------
18:11:44  原文: "MSDBCtls.DBList"
18:11:44  translate.py -> need=0  text="MSDBCtls.DBList"
18:11:44  不需要翻译 -> 直接回车
18:11:45  ---------- 第 55 个文本框 ----------
18:11:45  原文: "MSDBGrid.DBGrid"
18:11:46  translate.py -> need=0  text="MSDBGrid.DBGrid"
18:11:46  不需要翻译 -> 直接回车
18:11:46  ---------- 第 56 个文本框 ----------
18:11:47  原文: "MSWLess.WLCheck"
18:11:47  translate.py -> need=0  text="MSWLess.WLCheck"
18:11:47  不需要翻译 -> 直接回车
18:11:48  ---------- 第 57 个文本框 ----------
18:11:48  原文: "MSWLess.WLCombo"
18:11:49  translate.py -> need=0  text="MSWLess.WLCombo"
18:11:49  不需要翻译 -> 直接回车
18:11:49  ---------- 第 58 个文本框 ----------
18:11:50  原文: "MSWLess.WLCommand"
18:11:50  translate.py -> need=0  text="MSWLess.WLCommand"
18:11:50  不需要翻译 -> 直接回车
18:11:51  ---------- 第 59 个文本框 ----------
18:11:51  原文: "MSWLess.WLFrame"
18:11:52  translate.py -> need=0  text="MSWLess.WLFrame"
18:11:52  不需要翻译 -> 直接回车
18:11:52  ---------- 第 60 个文本框 ----------
18:11:53  原文: "MSWLess.WLHScroll"
18:11:53  translate.py -> need=0  text="MSWLess.WLHScroll"
18:11:53  不需要翻译 -> 直接回车
18:11:54  ---------- 第 61 个文本框 ----------
18:11:55  原文: "MSWLess.WLList"
18:11:55  translate.py -> need=0  text="MSWLess.WLList"
18:11:55  不需要翻译 -> 直接回车
18:11:55  ---------- 第 62 个文本框 ----------
18:11:56  原文: "MSWLess.WLOption"
18:11:56  translate.py -> need=0  text="MSWLess.WLOption"
18:11:56  不需要翻译 -> 直接回车
18:11:57  ---------- 第 63 个文本框 ----------
18:11:58  原文: "MSWLess.WLText"
18:11:58  translate.py -> need=0  text="MSWLess.WLText"
18:11:58  不需要翻译 -> 直接回车
18:11:58  ---------- 第 64 个文本框 ----------
18:11:59  原文: "MSWLess.WLVScroll"
18:11:59  translate.py -> need=0  text="MSWLess.WLVScroll"
18:11:59  不需要翻译 -> 直接回车
18:12:00  ---------- 第 65 个文本框 ----------
18:12:01  原文: "OWC.ChartSpace"
18:12:01  translate.py -> need=0  text="OWC.ChartSpace"
18:12:01  不需要翻译 -> 直接回车
18:12:01  ---------- 第 66 个文本框 ----------
18:12:02  原文: "OWC.DataSourceControl"
18:12:02  translate.py -> need=0  text="OWC.DataSourceControl"
18:12:02  不需要翻译 -> 直接回车
18:12:03  ---------- 第 67 个文本框 ----------
18:12:04  原文: "OWC.ExpandControl"
18:12:04  translate.py -> need=0  text="OWC.ExpandControl"
18:12:04  不需要翻译 -> 直接回车
18:12:04  ---------- 第 68 个文本框 ----------
18:12:05  原文: "OWC.PivotTable"
18:12:06  translate.py -> need=0  text="OWC.PivotTable"
18:12:06  不需要翻译 -> 直接回车
18:12:06  ---------- 第 69 个文本框 ----------
18:12:07  原文: "OWC.RecordNavigationControl"
18:12:07  translate.py -> need=0  text="OWC.RecordNavigationControl"
18:12:07  不需要翻译 -> 直接回车
18:12:08  ---------- 第 70 个文本框 ----------
18:12:08  原文: "OWC.Spreadsheet"
18:12:09  translate.py -> need=0  text="OWC.Spreadsheet"
18:12:09  不需要翻译 -> 直接回车
18:12:09  ---------- 第 71 个文本框 ----------
18:12:10  原文: "VB.CheckBox"
18:12:10  translate.py -> need=0  text="VB.CheckBox"
18:12:10  不需要翻译 -> 直接回车
18:12:11  ---------- 第 72 个文本框 ----------
18:12:11  原文: "VB.ComboBox"
18:12:12  translate.py -> need=0  text="VB.ComboBox"
18:12:12  不需要翻译 -> 直接回车
18:12:12  ---------- 第 73 个文本框 ----------
18:12:13  原文: "VB.CommandButton"
18:12:13  translate.py -> need=0  text="VB.CommandButton"
18:12:13  不需要翻译 -> 直接回车
18:12:14  ---------- 第 74 个文本框 ----------
18:12:14  原文: "VB.DirListBox"
18:12:15  translate.py -> need=0  text="VB.DirListBox"
18:12:15  不需要翻译 -> 直接回车
18:12:15  ---------- 第 75 个文本框 ----------
18:12:16  原文: "VB.DriveListBox"
18:12:16  translate.py -> need=0  text="VB.DriveListBox"
18:12:16  不需要翻译 -> 直接回车
18:12:17  ---------- 第 76 个文本框 ----------
18:12:18  原文: "VB.FileListBox"
18:12:18  translate.py -> need=0  text="VB.FileListBox"
18:12:18  不需要翻译 -> 直接回车
18:12:18  ---------- 第 77 个文本框 ----------
18:12:19  原文: "VB.Frame"
18:12:19  translate.py -> need=0  text="VB.Frame"
18:12:19  不需要翻译 -> 直接回车
18:12:20  ---------- 第 78 个文本框 ----------
18:12:21  原文: "VB.HScrollBar"
18:12:21  translate.py -> need=0  text="VB.HScrollBar"
18:12:21  不需要翻译 -> 直接回车
18:12:21  ---------- 第 79 个文本框 ----------
18:12:22  原文: "VB.Image"
18:12:22  translate.py -> need=0  text="VB.Image"
18:12:22  不需要翻译 -> 直接回车
18:12:23  ---------- 第 80 个文本框 ----------
18:12:24  原文: "VB.Label"
18:12:24  translate.py -> need=0  text="VB.Label"
18:12:24  不需要翻译 -> 直接回车
18:12:24  ---------- 第 81 个文本框 ----------
18:12:25  原文: "VB.Line"
18:12:25  translate.py -> need=0  text="VB.Line"
18:12:25  不需要翻译 -> 直接回车
18:12:26  ---------- 第 82 个文本框 ----------
18:12:27  原文: "VB.ListBox"
18:12:27  translate.py -> need=0  text="VB.ListBox"
18:12:27  不需要翻译 -> 直接回车
18:12:27  ---------- 第 83 个文本框 ----------
18:12:28  原文: "VB.OptionButton"
18:12:29  translate.py -> need=0  text="VB.OptionButton"
18:12:29  不需要翻译 -> 直接回车
18:12:29  ---------- 第 84 个文本框 ----------
18:12:30  原文: "VB.PictureBox"
18:12:30  translate.py -> need=0  text="VB.PictureBox"
18:12:30  不需要翻译 -> 直接回车
18:12:31  ---------- 第 85 个文本框 ----------
18:12:31  原文: "VB.Shape"
18:12:32  translate.py -> need=0  text="VB.Shape"
18:12:32  不需要翻译 -> 直接回车
18:12:32  ---------- 第 86 个文本框 ----------
18:12:33  原文: "VB.TextBox"
18:12:33  translate.py -> need=0  text="VB.TextBox"
18:12:33  不需要翻译 -> 直接回车
18:12:34  ---------- 第 87 个文本框 ----------
18:12:34  原文: "VB.Timer"
18:12:35  translate.py -> need=0  text="VB.Timer"
18:12:35  不需要翻译 -> 直接回车
18:12:35  ---------- 第 88 个文本框 ----------
18:12:36  原文: "VB.VScrollBar"
18:12:36  translate.py -> need=0  text="VB.VScrollBar"
18:12:36  不需要翻译 -> 直接回车
18:12:37  ---------- 第 89 个文本框 ----------
18:12:37  原文: "Pane1"
18:12:38  translate.py -> need=0  text="Pane1"
18:12:38  不需要翻译 -> 直接回车
18:12:38  ---------- 第 90 个文本框 ----------
18:12:39  原文: "Pane0"
18:12:39  translate.py -> need=0  text="Pane0"
18:12:39  不需要翻译 -> 直接回车
18:12:40  ---------- 第 91 个文本框 ----------
18:12:40  原文: "\b&Emphasize controls with \bTabStop set to \bTrue"
18:12:41  translate.py -> need=1  text="<strong>Emphasize</strong> controls with <strong>TabStop</strong> set to <strong>True</strong>"
18:12:43  翻译前基准: "<strong>Emphasize</strong> controls with <strong>TabStop</strong> set to <strong>True</strong>"
18:12:44  按翻译热键 (第 1 次, step 模式)
18:12:48  译文已稳定
18:12:48  译文: "将<strong>TabStop</strong>设置为<strong>True</strong>时<strong>强调</strong>控件"
18:12:48  translateposthtml.py -> "将\bTabStop 设置为\bTrue 时\b强调 控件"
18:12:50  ---------- 第 92 个文本框 ----------
18:12:51  原文: "Some properties \bmay \bnot \bapply to the currently selected control and thus will \bnot be \bvisible after pressing OK."
18:12:52  translate.py -> need=1  text="Some properties <strong>may</strong> <strong>not</strong> <strong>apply</strong> to the currently selected control and thus will <strong>not</strong> be <strong>visible</strong> after pressing OK."
18:12:54  翻译前基准: "Some properties <strong>may</strong> <strong>not</strong> <strong>apply</strong> to the currently selected control and thus will <strong>not</strong> be <strong>visible</strong> after pressing OK."
18:12:55  按翻译热键 (第 1 次, step 模式)
18:12:59  译文已稳定
18:12:59  译文: "某些属性<strong>可能</strong><strong>不</strong><strong>适用</strong>于当前选定的控件，因此在按“确定”后将<strong>不可</strong><strong>见</strong>"
18:12:59  translateposthtml.py -> "某些属性\b可能 \b不 \b适用 于当前选定的控件，因此在按“确定”后将\b不可 \b见 "
18:13:01  ---------- 第 93 个文本框 ----------
18:13:02  原文: "Do \bnot report matches in \b&string \bconstants"
18:13:02  translate.py -> need=1  text="Do <strong>not</strong> report matches in <strong>string</strong> <strong>constants</strong>"
18:13:04  翻译前基准: "Do <strong>not</strong> report matches in <strong>string</strong> <strong>constants</strong>"
18:13:06  按翻译热键 (第 1 次, step 模式)
18:13:09  译文已稳定
18:13:09  译文: "<strong>不</strong>报告<strong>字符串</strong><strong>常量</strong>"
18:13:10  translateposthtml.py -> "\b不 报告\b字符串 \b常量 "
18:13:11  ---------- 第 94 个文本框 ----------
18:13:12  原文: "Do \bnot report matches in \bcode \bco&mments"
18:13:12  translate.py -> need=1  text="Do <strong>not</strong> report matches in <strong>code</strong> <strong>comments</strong>"
18:13:15  翻译前基准: "Do <strong>not</strong> report matches in <strong>code</strong> <strong>comments</strong>"
18:13:16  按翻译热键 (第 1 次, step 模式)
18:13:20  译文已稳定
18:13:20  译文: "<strong>不要</strong>在<strong>代码</strong><strong>注释</strong>"
18:13:20  translateposthtml.py -> "\b不要 在\b代码 \b注释 "
18:13:22  ---------- 第 95 个文本框 ----------
18:13:22  原文: "Collapsed"
18:13:23  translate.py -> need=0  text="Collapsed"
18:13:23  不需要翻译 -> 直接回车
18:13:23  ---------- 第 96 个文本框 ----------
18:13:24  原文: "Expanded"
18:13:24  translate.py -> need=0  text="Expanded"
18:13:24  不需要翻译 -> 直接回车
18:13:25  ---------- 第 97 个文本框 ----------
18:13:26  原文: "CompGeneric"
18:13:26  translate.py -> need=0  text="CompGeneric"
18:13:26  不需要翻译 -> 直接回车
18:13:26  ---------- 第 98 个文本框 ----------
18:13:27  原文: "ProjActiveXControl"
18:13:27  translate.py -> need=0  text="ProjActiveXControl"
18:13:27  不需要翻译 -> 直接回车
18:13:28  ---------- 第 99 个文本框 ----------
18:13:29  原文: "ProjActiveXDll"
18:13:29  translate.py -> need=0  text="ProjActiveXDll"
18:13:29  不需要翻译 -> 直接回车
18:13:29  ---------- 第 100 个文本框 ----------
18:13:30  原文: "ProjActiveXExe"
18:13:30  translate.py -> need=0  text="ProjActiveXExe"
18:13:30  不需要翻译 -> 直接回车
18:13:31  ---------- 第 101 个文本框 ----------
18:13:32  原文: "ProjStandardExe"
18:13:32  translate.py -> need=0  text="ProjStandardExe"
18:13:32  不需要翻译 -> 直接回车
18:13:32  ---------- 第 102 个文本框 ----------
18:13:33  原文: "CompForm"
18:13:33  translate.py -> need=0  text="CompForm"
18:13:33  不需要翻译 -> 直接回车
18:13:34  ---------- 第 103 个文本框 ----------
18:13:35  原文: "CompMDIForm"
18:13:35  translate.py -> need=0  text="CompMDIForm"
18:13:35  不需要翻译 -> 直接回车
18:13:35  ---------- 第 104 个文本框 ----------
18:13:36  原文: "CompMDIChildForm"
18:13:36  translate.py -> need=0  text="CompMDIChildForm"
18:13:36  不需要翻译 -> 直接回车
18:13:37  ---------- 第 105 个文本框 ----------
18:13:38  原文: "CompPropertyPage"
18:13:38  translate.py -> need=0  text="CompPropertyPage"
18:13:38  不需要翻译 -> 直接回车
18:13:38  ---------- 第 106 个文本框 ----------
18:13:39  原文: "CompUserControl"
18:13:40  translate.py -> need=0  text="CompUserControl"
18:13:40  不需要翻译 -> 直接回车
18:13:40  ---------- 第 107 个文本框 ----------
18:13:41  原文: "CompUserDocument"
18:13:41  translate.py -> need=0  text="CompUserDocument"
18:13:41  不需要翻译 -> 直接回车
18:13:42  ---------- 第 108 个文本框 ----------
18:13:42  原文: "CompGenericX"
18:13:43  translate.py -> need=0  text="CompGenericX"
18:13:43  不需要翻译 -> 直接回车
18:13:43  ---------- 第 109 个文本框 ----------
18:13:44  原文: "imgNodes"
18:13:44  translate.py -> need=0  text="imgNodes"
18:13:44  不需要翻译 -> 直接回车
18:13:45  ---------- 第 110 个文本框 ----------
18:13:45  原文: "Name"
18:13:46  translate.py -> need=0  text="Name"
18:13:46  不需要翻译 -> 直接回车
18:13:46  ---------- 第 111 个文本框 ----------
18:13:47  原文: ";Caption;Text;Index;TabIndex;TabStop;ToolTipText;Left;Top;Width;Height;"
18:13:47  translate.py -> need=0  text=";Caption;Text;Index;TabIndex;TabStop;ToolTipText;Left;Top;Width;Height;"
18:13:47  不需要翻译 -> 直接回车
18:13:48  ---------- 第 112 个文本框 ----------
18:13:48  原文: "Properties"
18:13:49  translate.py -> need=0  text="Properties"
18:13:49  不需要翻译 -> 直接回车
18:13:49  ---------- 第 113 个文本框 ----------
18:13:50  原文: "Controls Tree"
18:13:51  translate.py -> need=1  text="Controls Tree"
18:13:53  翻译前基准: "Controls Tree"
18:13:55  按翻译热键 (第 1 次, step 模式)
18:13:58  译文已稳定
18:13:58  译文: "控制树"
18:13:59  translateposthtml.py -> "控制树"
18:14:00  ---------- 第 114 个文本框 ----------
18:14:01  原文: "ModifAreMade"
18:14:01  translate.py -> need=0  text="ModifAreMade"
18:14:01  不需要翻译 -> 直接回车
18:14:02  ---------- 第 115 个文本框 ----------
18:14:03  原文: "AxCsControlTree.ctlControlProperties.DisplayControlProperties"
18:14:03  translate.py -> need=0  text="AxCsControlTree.ctlControlProperties.DisplayControlProperties"
18:14:03  不需要翻译 -> 直接回车
18:14:03  ---------- 第 116 个文本框 ----------
18:14:04  原文: ") '"
18:14:05  translate.py -> need=0  text=") '"
18:14:05  不需要翻译 -> 直接回车
18:14:05  ---------- 第 117 个文本框 ----------
18:14:06  原文: ";Left;"
18:14:06  translate.py -> need=0  text=";Left;"
18:14:06  不需要翻译 -> 直接回车
18:14:07  ---------- 第 118 个文本框 ----------
18:14:07  原文: "Left;"
18:14:08  translate.py -> need=0  text="Left;"
18:14:08  不需要翻译 -> 直接回车
18:14:08  ---------- 第 119 个文本框 ----------
18:14:09  原文: ";Top;"
18:14:09  translate.py -> need=0  text=";Top;"
18:14:09  不需要翻译 -> 直接回车
18:14:10  ---------- 第 120 个文本框 ----------
18:14:10  原文: "AxCsControlTree.ctlControlsTree.ImgList"
18:14:11  translate.py -> need=0  text="AxCsControlTree.ctlControlsTree.ImgList"
18:14:11  不需要翻译 -> 直接回车
18:14:11  ---------- 第 121 个文本框 ----------
18:14:12  原文: "AxCsControlTree.ctlControlsTree.tvw"
18:14:12  translate.py -> need=0  text="AxCsControlTree.ctlControlsTree.tvw"
18:14:12  不需要翻译 -> 直接回车
18:14:13  ---------- 第 122 个文本框 ----------
18:14:14  原文: "AxCsControlTree.ctlControlsTree.SelectControlInTree"
18:14:14  translate.py -> need=0  text="AxCsControlTree.ctlControlsTree.SelectControlInTree"
18:14:14  不需要翻译 -> 直接回车
18:14:14  ---------- 第 123 个文本框 ----------
18:14:15  原文: "<root>"
18:14:15  translate.py -> need=0  text="<root>"
18:14:15  不需要翻译 -> 直接回车
18:14:16  ---------- 第 124 个文本框 ----------
18:14:17  原文: "AxCsControlTree.ctlControlsTree.SelectRoot"
18:14:17  translate.py -> need=0  text="AxCsControlTree.ctlControlsTree.SelectRoot"
18:14:17  不需要翻译 -> 直接回车
18:14:17  ---------- 第 125 个文本框 ----------
18:14:18  原文: "AxCsControlTree.ctlControlsTree.UpdateToolbarButtons"
18:14:18  translate.py -> need=0  text="AxCsControlTree.ctlControlsTree.UpdateToolbarButtons"
18:14:18  不需要翻译 -> 直接回车
18:14:19  ---------- 第 126 个文本框 ----------
18:14:20  原文: "AxCsControlTree.ctlControlsTree.ISubclass_MsgResponse"
18:14:20  translate.py -> need=0  text="AxCsControlTree.ctlControlsTree.ISubclass_MsgResponse"
18:14:20  不需要翻译 -> 直接回车
18:14:20  ---------- 第 127 个文本框 ----------
18:14:21  原文: "Enter below a value for the '"
18:14:22  translate.py -> need=1  text="Enter below a value for the '"
18:14:24  翻译前基准: "Enter below a value for the '"
18:14:26  按翻译热键 (第 1 次, step 模式)
18:14:30  译文已稳定
18:14:30  译文: "在下面输入""
18:14:30  translateposthtml.py -> "在下面输入""
18:14:31  ---------- 第 128 个文本框 ----------
18:14:32  原文: "' property:"
18:14:33  translate.py -> need=0  text="' property:"
18:14:33  不需要翻译 -> 直接回车
18:14:34  ---------- 第 129 个文本框 ----------
18:14:34  原文: "Property value:"
18:14:35  translate.py -> need=1  text="Property value:"
18:14:37  翻译前基准: "Property value:"
18:14:39  按翻译热键 (第 1 次, step 模式)
18:14:43  译文已稳定
18:14:43  译文: "属性值："
18:14:43  translateposthtml.py -> "属性值："
18:14:45  ---------- 第 130 个文本框 ----------
18:14:45  原文: "(Name)"
18:14:46  translate.py -> need=0  text="(Name)"
18:14:46  不需要翻译 -> 直接回车
18:14:46  ---------- 第 131 个文本框 ----------
18:14:47  原文: "CodeSMART"
18:14:47  translate.py -> need=0  text="CodeSMART"
18:14:47  不需要翻译 -> 直接回车
18:14:48  ---------- 第 132 个文本框 ----------
18:14:48  原文: "Are you sure you want to delete the selected control? This operation cannot be undone."
18:14:50  translate.py -> need=1  text="Are you sure you want to delete the selected control? This operation cannot be undone."
18:14:52  翻译前基准: "Are you sure you want to delete the selected control? This operation cannot be undone."
18:14:53  按翻译热键 (第 1 次, step 模式)
18:14:57  译文已稳定
18:14:57  译文: "您确定要删除选取的控件吗？此操作无法撤消。"
18:14:57  translateposthtml.py -> "您确定要删除选取的控件吗？此操作无法撤消。"
18:14:59  ---------- 第 133 个文本框 ----------
18:15:00  原文: "SyncSelection"
18:15:00  translate.py -> need=0  text="SyncSelection"
18:15:00  不需要翻译 -> 直接回车
18:15:00  ---------- 第 134 个文本框 ----------
18:15:01  原文: "AxCsControlTree.ctlPaneTitle.Title"
18:15:01  translate.py -> need=0  text="AxCsControlTree.ctlPaneTitle.Title"
18:15:01  不需要翻译 -> 直接回车
18:15:02  ---------- 第 135 个文本框 ----------
18:15:03  原文: "AxCsControlTree.FCtlsTreeOptions.GetOption"
18:15:03  translate.py -> need=0  text="AxCsControlTree.FCtlsTreeOptions.GetOption"
18:15:03  不需要翻译 -> 直接回车
18:15:03  ---------- 第 136 个文本框 ----------
18:15:04  原文: "Top;"
18:15:04  translate.py -> need=0  text="Top;"
18:15:04  不需要翻译 -> 直接回车
18:15:05  ---------- 第 137 个文本框 ----------
18:15:06  原文: ";Width;"
18:15:06  translate.py -> need=0  text=";Width;"
18:15:06  不需要翻译 -> 直接回车
18:15:06  ---------- 第 138 个文本框 ----------
18:15:07  原文: "Width;"
18:15:07  translate.py -> need=0  text="Width;"
18:15:07  不需要翻译 -> 直接回车
18:15:08  ---------- 第 139 个文本框 ----------
18:15:09  原文: ";Height;"
18:15:09  translate.py -> need=0  text=";Height;"
18:15:09  不需要翻译 -> 直接回车
18:15:09  ---------- 第 140 个文本框 ----------
18:15:10  原文: "Height;"
18:15:11  translate.py -> need=0  text="Height;"
18:15:11  不需要翻译 -> 直接回车
18:15:11  ---------- 第 141 个文本框 ----------
18:15:12  原文: "AxCsControlTree.FCtlsTreeOptions.AddExtraPropertiesToDefault"
18:15:12  translate.py -> need=0  text="AxCsControlTree.FCtlsTreeOptions.AddExtraPropertiesToDefault"
18:15:12  不需要翻译 -> 直接回车
18:15:13  ---------- 第 142 个文本框 ----------
18:15:13  原文: "NotInComments"
18:15:14  translate.py -> need=0  text="NotInComments"
18:15:14  不需要翻译 -> 直接回车
18:15:14  ---------- 第 143 个文本框 ----------
18:15:15  原文: "FindRefs"
18:15:15  translate.py -> need=0  text="FindRefs"
18:15:15  不需要翻译 -> 直接回车
18:15:16  ---------- 第 144 个文本框 ----------
18:15:16  原文: "NotInStrings"
18:15:17  translate.py -> need=0  text="NotInStrings"
18:15:17  不需要翻译 -> 直接回车
18:15:17  ---------- 第 145 个文本框 ----------
18:15:18  原文: "AxCsControlTree.FindRefs.Init"
18:15:18  translate.py -> need=0  text="AxCsControlTree.FindRefs.Init"
18:15:18  不需要翻译 -> 直接回车
18:15:19  ---------- 第 146 个文本框 ----------
18:15:19  原文: "Index"
18:15:20  translate.py -> need=0  text="Index"
18:15:20  不需要翻译 -> 直接回车
18:15:20  ---------- 第 147 个文本框 ----------
18:15:21  原文: "AxCsControlTree.FCtlsTreeDocked.ExecuteCommand"
18:15:21  translate.py -> need=0  text="AxCsControlTree.FCtlsTreeDocked.ExecuteCommand"
18:15:21  不需要翻译 -> 直接回车
18:15:22  ---------- 第 148 个文本框 ----------
18:15:23  原文: "AxCsControlTree.CControlsTree.CriticalEventsProcessingStopped"
18:15:23  translate.py -> need=0  text="AxCsControlTree.CControlsTree.CriticalEventsProcessingStopped"
18:15:23  不需要翻译 -> 直接回车
18:15:23  ---------- 第 149 个文本框 ----------
18:15:24  原文: "AxCsControlTree.mTreeViewAPI.GetTVItemText"
18:15:24  translate.py -> need=0  text="AxCsControlTree.mTreeViewAPI.GetTVItemText"
18:15:24  不需要翻译 -> 直接回车
18:15:25  ---------- 第 150 个文本框 ----------
18:15:26  原文: "Designer Explorer Navigation Menu Popup"
18:15:26  translate.py -> need=1  text="Designer Explorer Navigation Menu Popup"
18:15:29  翻译前基准: "Designer Explorer Navigation Menu Popup"
18:15:30  按翻译热键 (第 1 次, step 模式)
18:15:34  译文已稳定
18:15:34  译文: "Designer Explorer导航菜单弹出窗口"
18:15:34  translateposthtml.py -> "Designer Explorer导航菜单弹出窗口"
18:15:36  ---------- 第 151 个文本框 ----------
18:15:37  原文: "Open &Designer"
18:15:37  translate.py -> need=1  text="Open Designer"
18:15:39  翻译前基准: "Open Designer"
18:15:40  按翻译热键 (第 1 次, step 模式)
18:15:44  译文已稳定
18:15:44  译文: "打开设计器"
18:15:44  translateposthtml.py -> "打开设计器"
18:15:46  ---------- 第 152 个文本框 ----------
18:15:47  原文: "&Refresh"
18:15:47  translate.py -> need=1  text="Refresh"
18:15:49  翻译前基准: "Refresh"
18:15:50  按翻译热键 (第 1 次, step 模式)
18:15:54  译文已稳定
18:15:54  译文: "刷新"
18:15:55  translateposthtml.py -> "刷新"
18:15:56  ---------- 第 153 个文本框 ----------
18:15:57  原文: "Refresh &All"
18:15:57  translate.py -> need=1  text="Refresh All"
18:16:00  翻译前基准: "Refresh All"
18:16:01  按翻译热键 (第 1 次, step 模式)
18:16:05  译文已稳定
18:16:05  译文: "刷新所有"
18:16:05  translateposthtml.py -> "刷新所有"
18:16:07  ---------- 第 154 个文本框 ----------
18:16:07  原文: "&Get Latest Version"
18:16:08  translate.py -> need=1  text="Get Latest Version"
18:16:10  翻译前基准: "Get Latest Version"
18:16:11  按翻译热键 (第 1 次, step 模式)
18:16:15  译文已稳定
18:16:15  译文: "获取最新版本"
18:16:15  translateposthtml.py -> "获取最新版本"
18:16:17  ---------- 第 155 个文本框 ----------
18:16:18  原文: "&Get Latest Version of the Entire Project"
18:16:18  translate.py -> need=1  text="Get Latest Version of the Entire Project"
18:16:20  翻译前基准: "Get Latest Version of the Entire Project"
18:16:22  按翻译热键 (第 1 次, step 模式)
18:16:25  译文已稳定
18:16:25  译文: "获取整个项目的最新版本"
18:16:26  translateposthtml.py -> "获取整个项目的最新版本"
18:16:27  ---------- 第 156 个文本框 ----------
18:16:28  原文: "Custom &Get Latest Version"
18:16:28  translate.py -> need=1  text="Custom Get Latest Version"
18:16:31  翻译前基准: "Custom Get Latest Version"
18:16:32  按翻译热键 (第 1 次, step 模式)
18:16:36  译文已稳定
18:16:36  译文: "自定义获取最新版本"
18:16:36  translateposthtml.py -> "自定义获取最新版本"
18:16:38  ---------- 第 157 个文本框 ----------
18:16:38  原文: "Check &Out"
18:16:39  translate.py -> need=1  text="Check Out"
18:16:41  翻译前基准: "Check Out"
18:16:42  按翻译热键 (第 1 次, step 模式)
18:16:46  译文已稳定
18:16:46  译文: "看看"
18:16:46  translateposthtml.py -> "看看"
18:16:48  ---------- 第 158 个文本框 ----------
18:16:49  原文: "Check Out &Entire Project"
18:16:49  translate.py -> need=1  text="Check Out Entire Project"
18:16:51  翻译前基准: "Check Out Entire Project"
18:16:52  按翻译热键 (第 1 次, step 模式)
18:16:56  译文已稳定
18:16:56  译文: "签出整个项目"
18:16:56  translateposthtml.py -> "签出整个项目"
18:16:58  ---------- 第 159 个文本框 ----------
18:16:59  原文: "Custom Check &Out"
18:16:59  translate.py -> need=1  text="Custom Check Out"
18:17:01  翻译前基准: "Custom Check Out"
18:17:03  按翻译热键 (第 1 次, step 模式)
18:17:07  译文已稳定
18:17:07  译文: "自定义检出"
18:17:07  translateposthtml.py -> "自定义检出"
18:17:09  ---------- 第 160 个文本框 ----------
18:17:09  原文: "Check &In"
18:17:10  translate.py -> need=1  text="Check In"
18:17:12  翻译前基准: "Check In"
18:17:13  按翻译热键 (第 1 次, step 模式)
18:17:17  译文已稳定
18:17:17  译文: "入住"
18:17:17  translateposthtml.py -> "入住"
18:17:19  ---------- 第 161 个文本框 ----------
18:17:20  原文: "Check In E&ntire Project"
18:17:20  translate.py -> need=1  text="Check In Entire Project"
18:17:22  翻译前基准: "Check In Entire Project"
18:17:23  按翻译热键 (第 1 次, step 模式)
18:17:27  译文已稳定
18:17:27  译文: "检入整个项目"
18:17:27  translateposthtml.py -> "检入整个项目"
18:17:29  ---------- 第 162 个文本框 ----------
18:17:30  原文: "Custom Check &In"
18:17:30  translate.py -> need=1  text="Custom Check In"
18:17:32  翻译前基准: "Custom Check In"
18:17:34  按翻译热键 (第 1 次, step 模式)
18:17:48  等译文超时(12000ms), 用当前内容继续
18:17:48  !! 文本框没有任何变化, 判定这次没翻译成功
18:17:50  按翻译热键 (第 2 次, step 模式)
18:18:04  等译文超时(12000ms), 用当前内容继续
18:18:04  !! 文本框没有任何变化, 判定这次没翻译成功
18:18:04  !! 重试 1 次仍无译文, 这次按原文继续 (可能 STranslate 没响应热键)
18:18:04  译文: "Custom Check In"
18:18:04  translateposthtml.py -> "Custom Check In"
18:18:06  ---------- 第 163 个文本框 ----------
18:18:07  原文: "&Undo Check Out"
18:18:07  translate.py -> need=1  text="Undo Check Out"
18:18:09  翻译前基准: "Undo Check Out"
18:18:11  按翻译热键 (第 1 次, step 模式)
18:18:15  译文已稳定
18:18:15  译文: "撤消检出"
18:18:15  translateposthtml.py -> "撤消检出"
18:18:16  ---------- 第 164 个文本框 ----------
18:18:17  原文: "&Undo Check Out Entire Project"
18:18:18  translate.py -> need=1  text="Undo Check Out Entire Project"
18:18:20  翻译前基准: "Undo Check Out Entire Project"
18:18:21  按翻译热键 (第 1 次, step 模式)
18:18:25  译文已稳定
18:18:25  译文: "撤消检出整个项目"
18:18:25  translateposthtml.py -> "撤消检出整个项目"
18:18:27  ---------- 第 165 个文本框 ----------
18:18:28  原文: "Custom &Undo Check Out"
18:18:28  translate.py -> need=1  text="Custom Undo Check Out"
18:18:30  翻译前基准: "Custom Undo Check Out"
18:18:31  按翻译热键 (第 1 次, step 模式)
18:18:35  译文已稳定
18:18:35  译文: "自定义撤消签出"
18:18:35  translateposthtml.py -> "自定义撤消签出"
18:18:37  ---------- 第 166 个文本框 ----------
18:18:38  原文: "AxCsControlTree.ctlProjectTree.CreateCommandbars"
18:18:38  translate.py -> need=0  text="AxCsControlTree.ctlProjectTree.CreateCommandbars"
18:18:38  不需要翻译 -> 直接回车
18:18:39  ---------- 第 167 个文本框 ----------
18:18:40  原文: "AxCsControlTree.ctlProjectTree.ConnectToEvents"
18:18:40  translate.py -> need=0  text="AxCsControlTree.ctlProjectTree.ConnectToEvents"
18:18:40  不需要翻译 -> 直接回车
18:18:40  ---------- 第 168 个文本框 ----------
18:18:41  原文: "ProjActiveXControl"
18:18:41  translate.py -> need=0  text="ProjActiveXControl"
18:18:41  不需要翻译 -> 直接回车
18:18:42  ---------- 第 169 个文本框 ----------
18:18:43  原文: "AxCsControlTree.CKeyFactoryLt.ComponentKeyEx"
18:18:43  translate.py -> need=0  text="AxCsControlTree.CKeyFactoryLt.ComponentKeyEx"
18:18:43  不需要翻译 -> 直接回车
18:18:43  ---------- 第 170 个文本框 ----------
18:18:44  原文: "AxCsControlTree.CKeyFactoryLt.ComponentKeyEx"
18:18:44  translate.py -> need=0  text="AxCsControlTree.CKeyFactoryLt.ComponentKeyEx"
18:18:44  不需要翻译 -> 直接回车
18:18:45  ---------- 第 171 个文本框 ----------
18:18:46  原文: "AxCsControlTree.CKeyFactoryLt.ComponentKeyEx"
18:18:46  translate.py -> need=0  text="AxCsControlTree.CKeyFactoryLt.ComponentKeyEx"
18:18:46  不需要翻译 -> 直接回车
18:18:46  ---------- 第 172 个文本框 ----------
18:18:47  原文: "AxCsControlTree.CKeyFactoryLt.ComponentKeyEx"
18:18:47  translate.py -> need=0  text="AxCsControlTree.CKeyFactoryLt.ComponentKeyEx"
18:18:47  不需要翻译 -> 直接回车
18:18:48  ---------- 第 173 个文本框 ----------
18:18:49  原文: "AxCsControlTree.CKeyFactoryLt.ComponentKeyEx"
18:18:49  translate.py -> need=0  text="AxCsControlTree.CKeyFactoryLt.ComponentKeyEx"
18:18:49  不需要翻译 -> 直接回车
18:18:49  ---------- 第 174 个文本框 ----------
18:18:50  原文: "AxCsControlTree.CKeyFactoryLt.ComponentKeyEx"
18:18:50  translate.py -> need=0  text="AxCsControlTree.CKeyFactoryLt.ComponentKeyEx"
18:18:50  不需要翻译 -> 直接回车
18:18:51  ---------- 第 175 个文本框 ----------
18:18:52  原文: "AxCsControlTree.CKeyFactoryLt.ComponentKeyEx"
18:18:52  translate.py -> need=0  text="AxCsControlTree.CKeyFactoryLt.ComponentKeyEx"
18:18:52  不需要翻译 -> 直接回车
18:18:52  ---------- 第 176 个文本框 ----------
18:18:53  原文: "AxCsControlTree.CKeyFactoryLt.ComponentKeyEx"
18:18:54  translate.py -> need=0  text="AxCsControlTree.CKeyFactoryLt.ComponentKeyEx"
18:18:54  不需要翻译 -> 直接回车
18:18:54  ---------- 第 177 个文本框 ----------
18:18:55  原文: "AxCsControlTree.CKeyFactoryLt.ComponentKeyEx"
18:18:55  translate.py -> need=0  text="AxCsControlTree.CKeyFactoryLt.ComponentKeyEx"
18:18:55  不需要翻译 -> 直接回车
18:18:55  ---------- 第 178 个文本框 ----------
18:18:56  原文: "AxCsControlTree.CKeyFactoryLt.ComponentKeyEx"
18:18:57  translate.py -> need=0  text="AxCsControlTree.CKeyFactoryLt.ComponentKeyEx"
18:18:57  不需要翻译 -> 直接回车
18:18:57  ---------- 第 179 个文本框 ----------
18:18:58  原文: "AxCsControlTree.CKeyFactoryLt.ComponentKeyEx"
18:18:58  translate.py -> need=0  text="AxCsControlTree.CKeyFactoryLt.ComponentKeyEx"
18:18:58  不需要翻译 -> 直接回车
18:18:58  ---------- 第 180 个文本框 ----------
18:18:59  原文: "AxCsControlTree.CKeyFactoryLt.ComponentKeyEx"
18:19:00  translate.py -> need=0  text="AxCsControlTree.CKeyFactoryLt.ComponentKeyEx"
18:19:00  不需要翻译 -> 直接回车
18:19:00  ---------- 第 181 个文本框 ----------
18:19:01  原文: "AxCsControlTree.CKeyFactoryLt.ComponentKeyEx"
18:19:01  translate.py -> need=0  text="AxCsControlTree.CKeyFactoryLt.ComponentKeyEx"
18:19:01  不需要翻译 -> 直接回车
18:19:02  ---------- 第 182 个文本框 ----------
18:19:02  原文: "AxCsControlTree.CKeyFactoryLt.ComponentKeyEx"
18:19:03  translate.py -> need=0  text="AxCsControlTree.CKeyFactoryLt.ComponentKeyEx"
18:19:03  不需要翻译 -> 直接回车
18:19:03  ---------- 第 183 个文本框 ----------
18:19:04  原文: "AxCsControlTree.CKeyFactoryLt.ComponentKeyEx"
18:19:04  translate.py -> need=0  text="AxCsControlTree.CKeyFactoryLt.ComponentKeyEx"
18:19:04  不需要翻译 -> 直接回车
18:19:05  ---------- 第 184 个文本框 ----------
18:19:05  原文: "AxCsControlTree.CKeyFactoryLt.ComponentKeyEx"
18:19:06  translate.py -> need=0  text="AxCsControlTree.CKeyFactoryLt.ComponentKeyEx"
18:19:06  不需要翻译 -> 直接回车
18:19:06  ---------- 第 185 个文本框 ----------
18:19:07  原文: "AxCsControlTree.CKeyFactoryLt.ComponentKeyEx"
18:19:07  translate.py -> need=0  text="AxCsControlTree.CKeyFactoryLt.ComponentKeyEx"
18:19:07  不需要翻译 -> 直接回车
18:19:08  ---------- 第 186 个文本框 ----------
18:19:09  原文: "AxCsControlTree.CKeyFactoryLt.ComponentKeyEx"
18:19:09  translate.py -> need=0  text="AxCsControlTree.CKeyFactoryLt.ComponentKeyEx"
18:19:09  不需要翻译 -> 直接回车
18:19:09  ---------- 第 187 个文本框 ----------
18:19:10  原文: "AxCsControlTree.CKeyFactoryLt.ComponentKeyEx"
18:19:10  translate.py -> need=0  text="AxCsControlTree.CKeyFactoryLt.ComponentKeyEx"
18:19:10  不需要翻译 -> 直接回车
18:19:11  ---------- 第 188 个文本框 ----------
18:19:12  原文: "AxCsControlTree.CKeyFactoryLt.ComponentKeyEx"
18:19:12  translate.py -> need=0  text="AxCsControlTree.CKeyFactoryLt.ComponentKeyEx"
18:19:12  不需要翻译 -> 直接回车
18:19:12  ---------- 第 189 个文本框 ----------
18:19:13  原文: "AxCsControlTree.CKeyFactoryLt.ComponentKeyEx"
18:19:13  translate.py -> need=0  text="AxCsControlTree.CKeyFactoryLt.ComponentKeyEx"
18:19:13  不需要翻译 -> 直接回车
18:19:14  ---------- 第 190 个文本框 ----------
18:19:15  原文: "AxCsControlTree.CKeyFactoryLt.ComponentKeyEx"
18:19:15  translate.py -> need=0  text="AxCsControlTree.CKeyFactoryLt.ComponentKeyEx"
18:19:15  不需要翻译 -> 直接回车
18:19:15  ---------- 第 191 个文本框 ----------
18:19:16  原文: "AxCsControlTree.CKeyFactoryLt.ComponentKeyEx"
18:19:16  translate.py -> need=0  text="AxCsControlTree.CKeyFactoryLt.ComponentKeyEx"
18:19:16  不需要翻译 -> 直接回车
18:19:17  ---------- 第 192 个文本框 ----------
18:19:18  原文: "AxCsControlTree.CKeyFactoryLt.ComponentKeyEx"
18:19:18  translate.py -> need=0  text="AxCsControlTree.CKeyFactoryLt.ComponentKeyEx"
18:19:18  不需要翻译 -> 直接回车
18:19:18  ---------- 第 193 个文本框 ----------
18:19:19  原文: "AxCsControlTree.CKeyFactoryLt.ComponentKeyEx"
18:19:19  translate.py -> need=0  text="AxCsControlTree.CKeyFactoryLt.ComponentKeyEx"
18:19:19  不需要翻译 -> 直接回车
18:19:20  ---------- 第 194 个文本框 ----------
18:19:21  原文: "AxCsControlTree.CKeyFactoryLt.ComponentKeyEx"
18:19:21  translate.py -> need=0  text="AxCsControlTree.CKeyFactoryLt.ComponentKeyEx"
18:19:21  不需要翻译 -> 直接回车
18:19:21  ---------- 第 195 个文本框 ----------
18:19:22  原文: "AxCsControlTree.CKeyFactoryLt.ComponentKeyEx"
18:19:22  translate.py -> need=0  text="AxCsControlTree.CKeyFactoryLt.ComponentKeyEx"
18:19:22  不需要翻译 -> 直接回车
18:19:23  ---------- 第 196 个文本框 ----------
18:19:24  原文: "AxCsControlTree.CKeyFactoryLt.ComponentKeyEx"
18:19:24  translate.py -> need=0  text="AxCsControlTree.CKeyFactoryLt.ComponentKeyEx"
18:19:24  不需要翻译 -> 直接回车
18:19:25  ---------- 第 197 个文本框 ----------
18:19:25  原文: "AxCsControlTree.CKeyFactoryLt.ComponentKeyEx"
18:19:26  translate.py -> need=0  text="AxCsControlTree.CKeyFactoryLt.ComponentKeyEx"
18:19:26  不需要翻译 -> 直接回车
18:19:26  ---------- 第 198 个文本框 ----------
18:19:27  原文: "AxCsControlTree.CKeyFactoryLt.ComponentKeyEx"
18:19:27  translate.py -> need=0  text="AxCsControlTree.CKeyFactoryLt.ComponentKeyEx"
18:19:27  不需要翻译 -> 直接回车
18:19:28  ---------- 第 199 个文本框 ----------
18:19:28  原文: "AxCsControlTree.CKeyFactoryLt.ComponentKeyEx"
18:19:29  translate.py -> need=0  text="AxCsControlTree.CKeyFactoryLt.ComponentKeyEx"
18:19:29  不需要翻译 -> 直接回车
18:19:29  ---------- 第 200 个文本框 ----------
18:19:30  原文: "AxCsControlTree.CKeyFactoryLt.ComponentKeyEx"
18:19:30  translate.py -> need=0  text="AxCsControlTree.CKeyFactoryLt.ComponentKeyEx"
18:19:30  不需要翻译 -> 直接回车
18:19:31  ---------- 第 201 个文本框 ----------
18:19:31  原文: "AxCsControlTree.CKeyFactoryLt.ComponentKeyEx"
18:19:32  translate.py -> need=0  text="AxCsControlTree.CKeyFactoryLt.ComponentKeyEx"
18:19:32  不需要翻译 -> 直接回车
18:19:32  ---------- 第 202 个文本框 ----------
18:19:33  原文: "AxCsControlTree.CKeyFactoryLt.ComponentKeyEx"
18:19:33  translate.py -> need=0  text="AxCsControlTree.CKeyFactoryLt.ComponentKeyEx"
18:19:33  不需要翻译 -> 直接回车
18:19:34  ---------- 第 203 个文本框 ----------
18:19:34  原文: "AxCsControlTree.CKeyFactoryLt.ComponentKeyEx"
18:19:35  translate.py -> need=0  text="AxCsControlTree.CKeyFactoryLt.ComponentKeyEx"
18:19:35  不需要翻译 -> 直接回车
18:19:35  ---------- 第 204 个文本框 ----------
18:19:36  原文: "AxCsControlTree.CKeyFactoryLt.ComponentKeyEx"
18:19:36  translate.py -> need=0  text="AxCsControlTree.CKeyFactoryLt.ComponentKeyEx"
18:19:36  不需要翻译 -> 直接回车
18:19:37  ---------- 第 205 个文本框 ----------
18:19:37  原文: "AxCsControlTree.CKeyFactoryLt.ComponentKeyEx"
18:19:38  translate.py -> need=0  text="AxCsControlTree.CKeyFactoryLt.ComponentKeyEx"
18:19:38  不需要翻译 -> 直接回车
18:19:38  ---------- 第 206 个文本框 ----------
18:19:39  原文: "AxCsControlTree.CKeyFactoryLt.ComponentKeyEx"
18:19:39  translate.py -> need=0  text="AxCsControlTree.CKeyFactoryLt.ComponentKeyEx"
18:19:39  不需要翻译 -> 直接回车
18:19:40  ---------- 第 207 个文本框 ----------
18:19:41  原文: "AxCsControlTree.CKeyFactoryLt.ComponentKeyEx"
18:19:41  translate.py -> need=0  text="AxCsControlTree.CKeyFactoryLt.ComponentKeyEx"
18:19:41  不需要翻译 -> 直接回车
18:19:41  ---------- 第 208 个文本框 ----------
18:19:42  原文: "AxCsControlTree.CKeyFactoryLt.ComponentKeyEx"
18:19:42  translate.py -> need=0  text="AxCsControlTree.CKeyFactoryLt.ComponentKeyEx"
18:19:42  不需要翻译 -> 直接回车
18:19:43  ---------- 第 209 个文本框 ----------
18:19:44  原文: "AxCsControlTree.CKeyFactoryLt.ComponentKeyEx"
18:19:44  translate.py -> need=0  text="AxCsControlTree.CKeyFactoryLt.ComponentKeyEx"
18:19:44  不需要翻译 -> 直接回车
18:19:44  ---------- 第 210 个文本框 ----------
18:19:45  原文: "AxCsControlTree.CKeyFactoryLt.ComponentKeyEx"
18:19:45  translate.py -> need=0  text="AxCsControlTree.CKeyFactoryLt.ComponentKeyEx"
18:19:45  不需要翻译 -> 直接回车
18:19:46  ---------- 第 211 个文本框 ----------
18:19:47  原文: "AxCsControlTree.CKeyFactoryLt.ComponentKeyEx"
18:19:47  translate.py -> need=0  text="AxCsControlTree.CKeyFactoryLt.ComponentKeyEx"
18:19:47  不需要翻译 -> 直接回车
18:19:47  ---------- 第 212 个文本框 ----------
18:19:48  原文: "AxCsControlTree.CKeyFactoryLt.ComponentKeyEx"
18:19:48  translate.py -> need=0  text="AxCsControlTree.CKeyFactoryLt.ComponentKeyEx"
18:19:48  不需要翻译 -> 直接回车
18:19:49  ---------- 第 213 个文本框 ----------
18:19:50  原文: "AxCsControlTree.CKeyFactoryLt.ComponentKeyEx"
18:19:50  收到 Esc, 正在停止...
18:19:50  (Esc 中断) translate.py 调用失败 >> 已按 Esc, 中止本次调用
18:40:10  ========== 开始 (Ctrl+Alt+S) ==========
18:40:10  ---------- 第 1 个文本框 ----------
18:40:11  原文: "Contents View"
18:40:12  translate.py -> need=1  text="Contents View"
18:40:14  翻译前基准: "Contents View"
18:40:16  按翻译热键 (第 1 次, step 模式)
18:40:20  译文已稳定
18:40:20  译文: "内容视图"
18:40:20  translateposthtml.py -> "内容视图"
18:40:21  ---------- 第 2 个文本框 ----------
18:40:22  原文: "OK and Cancel Buttons Identification"
18:40:23  translate.py -> need=1  text="OK and Cancel Buttons Identification"
18:40:25  翻译前基准: "OK and Cancel Buttons Identification"
18:40:27  按翻译热键 (第 1 次, step 模式)
18:40:31  译文已稳定
18:40:31  译文: "确定和取消身份验证"
18:40:31  translateposthtml.py -> "确定和取消身份验证"
18:40:32  ---------- 第 3 个文本框 ----------
18:40:33  原文: "Form1"
18:40:34  translate.py -> need=0  text="Form1"
18:40:34  不需要翻译 -> 直接回车
18:40:34  ---------- 第 4 个文本框 ----------
18:40:35  原文: "yyyyyyyyyyyyyyyyyyyyyyyyyyyyyyyyyyyyyyyyyyyyyyy"
18:40:35  translate.py -> need=0  text="yyyyyyyyyyyyyyyyyyyyyyyyyyyyyyyyyyyyyyyyyyyyyyy"
18:40:35  不需要翻译 -> 直接回车
18:40:36  ---------- 第 5 个文本框 ----------
18:40:36  原文: "Hint:"
18:40:37  translate.py -> need=1  text="Hint:"
18:40:39  翻译前基准: "Hint:"
18:40:41  按翻译热键 (第 1 次, step 模式)
18:40:45  译文已稳定
18:40:45  译文: "提示："
18:40:45  translateposthtml.py -> "提示："
18:40:47  ---------- 第 6 个文本框 ----------
18:40:47  原文: "Use this dialog to tell CodeSMART how to correctly identify OK and Cancel buttons in order to be able to verify their Default and respectively Cancel properties."
18:40:48  translate.py -> need=1  text="Use this dialog to tell CodeSMART how to correctly identify OK and Cancel buttons in order to be able to verify their Default and respectively Cancel properties."
18:40:50  翻译前基准: "Use this dialog to tell CodeSMART how to correctly identify OK and Cancel buttons in order to be able to verify their Default and respectively Cancel properties."
18:40:52  按翻译热键 (第 1 次, step 模式)
18:40:56  译文已稳定
18:40:56  译文: "使用此对话框告诉CodeSMART如何正确识别OK和Cancel按钮，以便能够验证其Default和Cancel属性。"
18:40:56  translateposthtml.py -> "使用此对话框告诉CodeSMART如何正确识别OK和Cancel按钮，以便能够验证其Default和Cancel属性。"
18:40:58  ---------- 第 7 个文本框 ----------
18:40:58  原文: "&Help"
18:40:59  translate.py -> need=1  text="Help"
18:41:01  翻译前基准: "Help"
18:41:02  按翻译热键 (第 1 次, step 模式)
18:41:06  译文已稳定
18:41:06  译文: "帮助"
18:41:06  translateposthtml.py -> "帮助"
18:41:08  ---------- 第 8 个文本框 ----------
18:41:09  原文: "&Cancel"
18:41:09  translate.py -> need=1  text="Cancel"
18:41:11  翻译前基准: "Cancel"
18:41:12  按翻译热键 (第 1 次, step 模式)
18:41:16  译文已稳定
18:41:16  译文: "取消"
18:41:16  translateposthtml.py -> "取消"
18:41:18  ---------- 第 9 个文本框 ----------
18:41:19  原文: "&OK"
18:41:19  translate.py -> need=1  text="OK"
18:41:21  翻译前基准: "OK"
18:41:23  按翻译热键 (第 1 次, step 模式)
18:41:27  译文已稳定
18:41:27  译文: "好"
18:41:27  translateposthtml.py -> "好"
18:41:28  ---------- 第 10 个文本框 ----------
18:41:29  原文: "&Add"
18:41:30  translate.py -> need=1  text="Add"
18:41:32  翻译前基准: "Add"
18:41:33  按翻译热键 (第 1 次, step 模式)
18:41:37  译文已稳定
18:41:37  译文: "添加"
18:41:37  translateposthtml.py -> "添加"
18:41:39  ---------- 第 11 个文本框 ----------
18:41:40  原文: "&Delete"
18:41:40  translate.py -> need=1  text="Delete"
18:41:42  翻译前基准: "Delete"
18:41:43  按翻译热键 (第 1 次, step 模式)
18:41:47  译文已稳定
18:41:47  译文: "删除"
18:41:47  translateposthtml.py -> "删除"
18:41:49  ---------- 第 12 个文本框 ----------
18:41:50  原文: "ForeColor Exceptions"
18:41:51  translate.py -> need=0  text="ForeColor Exceptions"
18:41:51  不需要翻译 -> 直接回车
18:41:51  ---------- 第 13 个文本框 ----------
18:41:52  原文: "Form1"
18:41:52  translate.py -> need=0  text="Form1"
18:41:52  不需要翻译 -> 直接回车
18:41:53  ---------- 第 14 个文本框 ----------
18:41:54  原文: "&OK"
18:41:54  translate.py -> need=1  text="OK"
18:41:56  翻译前基准: "OK"
18:41:57  按翻译热键 (第 1 次, step 模式)
18:42:01  译文已稳定
18:42:01  译文: "好"
18:42:02  translateposthtml.py -> "好"
18:42:03  ---------- 第 15 个文本框 ----------
18:42:04  原文: "&Cancel"
18:42:04  translate.py -> need=1  text="Cancel"
18:42:06  翻译前基准: "Cancel"
18:42:08  按翻译热键 (第 1 次, step 模式)
18:42:12  译文已稳定
18:42:12  译文: "取消"
18:42:12  translateposthtml.py -> "取消"
18:42:14  ---------- 第 16 个文本框 ----------
18:42:14  原文: "&Help"
18:42:15  translate.py -> need=1  text="Help"
18:42:17  翻译前基准: "Help"
18:42:18  按翻译热键 (第 1 次, step 模式)
18:42:22  译文已稳定
18:42:22  译文: "帮助"
18:42:22  translateposthtml.py -> "帮助"
18:42:24  ---------- 第 17 个文本框 ----------
18:42:25  原文: "yyyyyyyyyyyyyyyyyyyyyyyyyyyyyyyyyyyyyyyyyyyyyyy"
18:42:25  translate.py -> need=0  text="yyyyyyyyyyyyyyyyyyyyyyyyyyyyyyyyyyyyyyyyyyyyyyy"
18:42:25  不需要翻译 -> 直接回车
18:42:25  ---------- 第 18 个文本框 ----------
18:42:26  原文: "Hint:"
18:42:27  translate.py -> need=1  text="Hint:"
18:42:29  翻译前基准: "Hint:"
18:42:31  按翻译热键 (第 1 次, step 模式)
18:42:35  译文已稳定
18:42:35  译文: "提示："
18:42:35  translateposthtml.py -> "提示："
18:42:36  ---------- 第 19 个文本框 ----------
18:42:37  原文: "Please specify which controls should have for the ForeColor property a standard value other than vbWindowText, as well as this value."
18:42:38  translate.py -> need=1  text="Please specify which controls should have for the ForeColor property a standard value other than vbWindowText, as well as this value."
18:42:40  翻译前基准: "Please specify which controls should have for the ForeColor property a standard value other than vbWindowText, as well as this value."
18:42:42  按翻译热键 (第 1 次, step 模式)
18:42:45  译文已稳定
18:42:45  译文: "请指定哪些控件的ForeColor属性应具有标准值而不是vbWindowText，以及此值。"
18:42:46  translateposthtml.py -> "请指定哪些控件的ForeColor属性应具有标准值而不是vbWindowText，以及此值。"
18:42:47  ---------- 第 20 个文本框 ----------
18:42:48  原文: "&Delete"
18:42:48  translate.py -> need=1  text="Delete"
18:42:51  翻译前基准: "Delete"
18:42:52  按翻译热键 (第 1 次, step 模式)
18:42:56  译文已稳定
18:42:56  译文: "删除"
18:42:56  translateposthtml.py -> "删除"
18:42:58  ---------- 第 21 个文本框 ----------
18:42:58  原文: "&Add"
18:42:59  translate.py -> need=1  text="Add"
18:43:01  翻译前基准: "Add"
18:43:02  按翻译热键 (第 1 次, step 模式)
18:43:06  译文已稳定
18:43:06  译文: "添加"
18:43:06  translateposthtml.py -> "添加"
18:43:08  ---------- 第 22 个文本框 ----------
18:43:09  原文: "Non-System Color Exceptions - by CodeSMART"
18:43:10  translate.py -> need=1  text="Non-System Color Exceptions - by CodeSMART"
18:43:12  翻译前基准: "Non-System Color Exceptions - by CodeSMART"
18:43:13  按翻译热键 (第 1 次, step 模式)
18:43:17  译文已稳定
18:43:17  译文: "非系统色彩管理-通过CodeSMART"
18:43:17  translateposthtml.py -> "非系统色彩管理-通过CodeSMART"
18:43:19  ---------- 第 23 个文本框 ----------
18:43:20  原文: "Form1"
18:43:20  translate.py -> need=0  text="Form1"
18:43:20  不需要翻译 -> 直接回车
18:43:20  ---------- 第 24 个文本框 ----------
18:43:21  原文: "&OK"
18:43:22  translate.py -> need=1  text="OK"
18:43:24  翻译前基准: "OK"
18:43:25  按翻译热键 (第 1 次, step 模式)
18:43:29  译文已稳定
18:43:29  译文: "好"
18:43:29  translateposthtml.py -> "好"
18:43:31  ---------- 第 25 个文本框 ----------
18:43:32  原文: "&Cancel"
18:43:32  translate.py -> need=1  text="Cancel"
18:43:34  翻译前基准: "Cancel"
18:43:35  按翻译热键 (第 1 次, step 模式)
18:43:39  译文已稳定
18:43:39  译文: "取消"
18:43:39  translateposthtml.py -> "取消"
18:43:41  ---------- 第 26 个文本框 ----------
18:43:42  原文: "&Help"
18:43:42  translate.py -> need=1  text="Help"
18:43:44  翻译前基准: "Help"
18:43:46  按翻译热键 (第 1 次, step 模式)
18:43:50  译文已稳定
18:43:50  译文: "帮助"
18:43:50  translateposthtml.py -> "帮助"
18:43:51  ---------- 第 27 个文本框 ----------
18:43:52  原文: "&Delete"
18:43:52  translate.py -> need=1  text="Delete"
18:43:55  翻译前基准: "Delete"
18:43:56  按翻译热键 (第 1 次, step 模式)
18:44:00  译文已稳定
18:44:00  译文: "删除"
18:44:00  translateposthtml.py -> "删除"
18:44:02  ---------- 第 28 个文本框 ----------
18:44:03  原文: "&Add"
18:44:03  translate.py -> need=1  text="Add"
18:44:05  翻译前基准: "Add"
18:44:06  按翻译热键 (第 1 次, step 模式)
18:44:10  译文已稳定
18:44:10  译文: "添加"
18:44:10  translateposthtml.py -> "添加"
18:44:12  ---------- 第 29 个文本框 ----------
18:44:13  原文: "Use this dialog to specify control properties that should be excepted from the non-standard color analysis."
18:44:14  translate.py -> need=1  text="Use this dialog to specify control properties that should be excepted from the non-standard color analysis."
18:44:16  翻译前基准: "Use this dialog to specify control properties that should be excepted from the non-standard color analysis."
18:44:17  按翻译热键 (第 1 次, step 模式)
18:44:21  译文已稳定
18:44:21  译文: "使用此对话框可以指定应从非标准颜色分析中排除的控件属性。"
18:44:21  translateposthtml.py -> "使用此对话框可以指定应从非标准颜色分析中排除的控件属性。"
18:44:23  ---------- 第 30 个文本框 ----------
18:44:24  原文: "Hint:"
18:44:25  translate.py -> need=1  text="Hint:"
18:44:27  翻译前基准: "Hint:"
18:44:28  按翻译热键 (第 1 次, step 模式)
18:44:32  译文已稳定
18:44:32  译文: "提示："
18:44:32  translateposthtml.py -> "提示："
18:44:34  ---------- 第 31 个文本框 ----------
18:44:35  原文: "yyyyyyyyyyyyyyyyyyyyyyyyyyyyyyyyyyyyyyyyyyyyyyy"
18:44:35  translate.py -> need=0  text="yyyyyyyyyyyyyyyyyyyyyyyyyyyyyyyyyyyyyyyyyyyyyyy"
18:44:35  不需要翻译 -> 直接回车
18:44:35  ---------- 第 32 个文本框 ----------
18:44:36  原文: "Designer Analyzer - Options"
18:44:37  translate.py -> need=1  text="Designer Analyzer - Options"
18:44:39  翻译前基准: "Designer Analyzer - Options"
18:44:41  按翻译热键 (第 1 次, step 模式)
18:44:45  译文已稳定
18:44:45  译文: "设计器分析器-选项"
18:44:45  translateposthtml.py -> "设计器分析器-选项"
18:44:47  ---------- 第 33 个文本框 ----------
18:44:47  原文: "Form1"
18:44:48  translate.py -> need=0  text="Form1"
18:44:48  不需要翻译 -> 直接回车
18:44:48  ---------- 第 34 个文本框 ----------
18:44:49  原文: "&Help"
18:44:49  translate.py -> need=1  text="Help"
18:44:51  翻译前基准: "Help"
18:44:53  按翻译热键 (第 1 次, step 模式)
18:44:57  译文已稳定
18:44:57  译文: "帮助"
18:44:57  translateposthtml.py -> "帮助"
18:44:58  ---------- 第 35 个文本框 ----------
18:44:59  原文: "&Cancel"
18:44:59  translate.py -> need=1  text="Cancel"
18:45:02  翻译前基准: "Cancel"
18:45:03  按翻译热键 (第 1 次, step 模式)
18:45:07  译文已稳定
18:45:07  译文: "取消"
18:45:07  translateposthtml.py -> "取消"
18:45:09  ---------- 第 36 个文本框 ----------
18:45:09  原文: "&OK"
18:45:10  translate.py -> need=1  text="OK"
18:45:12  翻译前基准: "OK"
18:45:13  按翻译热键 (第 1 次, step 模式)
18:45:17  译文已稳定
18:45:17  译文: "好"
18:45:17  translateposthtml.py -> "好"
18:45:19  ---------- 第 37 个文本框 ----------
18:45:20  原文: "Operation In Progress"
18:45:21  translate.py -> need=1  text="Operation In Progress"
18:45:23  翻译前基准: "Operation In Progress"
18:45:24  按翻译热键 (第 1 次, step 模式)
18:45:28  译文已稳定
18:45:28  译文: "操作正在进行"
18:45:28  translateposthtml.py -> "操作正在进行"
18:45:30  ---------- 第 38 个文本框 ----------
18:45:31  原文: "Form1"
18:45:31  translate.py -> need=0  text="Form1"
18:45:31  不需要翻译 -> 直接回车
18:45:31  ---------- 第 39 个文本框 ----------
18:45:32  原文: "Processing: Project1.FTest.Form_Load"
18:45:33  translate.py -> need=1  text="Processing: Project1.FTest.Form_Load"
18:45:35  翻译前基准: "Processing: Project1.FTest.Form_Load"
18:45:37  按翻译热键 (第 1 次, step 模式)
18:45:41  译文已稳定
18:45:41  译文: "处理：Project1.FTest.Form_Load"
18:45:41  translateposthtml.py -> "处理：Project1.FTest.Form_Load"
18:45:43  ---------- 第 40 个文本框 ----------
18:45:43  原文: "CodeSMART is analyzing your designer..."
18:45:44  translate.py -> need=1  text="CodeSMART is analyzing your designer..."
18:45:47  翻译前基准: "CodeSMART is analyzing your designer..."
18:45:48  按翻译热键 (第 1 次, step 模式)
18:45:52  译文已稳定
18:45:52  译文: "CodeSMART正在分析您的设计师."
18:45:52  translateposthtml.py -> "CodeSMART正在分析您的设计师."
18:45:54  ---------- 第 41 个文本框 ----------
18:45:54  原文: "&Stop"
18:45:55  translate.py -> need=1  text="Stop"
18:45:57  翻译前基准: "Stop"
18:45:58  按翻译热键 (第 1 次, step 模式)
18:46:02  译文已稳定
18:46:02  译文: "停止"
18:46:02  translateposthtml.py -> "停止"
18:46:04  ---------- 第 42 个文本框 ----------
18:46:05  原文: "Preprocessing:"
18:46:06  translate.py -> need=1  text="Preprocessing:"
18:46:08  翻译前基准: "Preprocessing:"
18:46:09  按翻译热键 (第 1 次, step 模式)
18:46:13  译文已稳定
18:46:13  译文: "预处理："
18:46:13  translateposthtml.py -> "预处理："
18:46:15  ---------- 第 43 个文本框 ----------
18:46:16  原文: "Main Analysis:"
18:46:17  translate.py -> need=1  text="Main Analysis:"
18:46:19  翻译前基准: "Main Analysis:"
18:46:20  按翻译热键 (第 1 次, step 模式)
18:46:24  译文已稳定
18:46:24  译文: "主要分析："
18:46:24  translateposthtml.py -> "主要分析："
18:46:26  ---------- 第 44 个文本框 ----------
18:46:27  原文: "Add New Controls"
18:46:27  translate.py -> need=1  text="Add New Controls"
18:46:30  翻译前基准: "Add New Controls"
18:46:31  按翻译热键 (第 1 次, step 模式)
18:46:35  译文已稳定
18:46:35  译文: "添加新控件"
18:46:35  translateposthtml.py -> "添加新控件"
18:46:37  ---------- 第 45 个文本框 ----------
18:46:38  原文: "Form1"
18:46:38  translate.py -> need=0  text="Form1"
18:46:38  不需要翻译 -> 直接回车
18:46:38  ---------- 第 46 个文本框 ----------
18:46:39  原文: "Note: You may select an existing folder or enter a new folder name."
18:46:40  translate.py -> need=1  text="Note: You may select an existing folder or enter a new folder name."
18:46:42  翻译前基准: "Note: You may select an existing folder or enter a new folder name."
18:46:44  按翻译热键 (第 1 次, step 模式)
18:46:47  译文已稳定
18:46:47  译文: "注意：您可以选择现有文件夹或输入新文件夹名称。"
18:46:48  translateposthtml.py -> "注意：您可以选择现有文件夹或输入新文件夹名称。"
18:46:49  ---------- 第 47 个文本框 ----------
18:46:50  原文: "&Add selected controls to folder:"
18:46:50  translate.py -> need=1  text="Add selected controls to folder:"
18:46:53  翻译前基准: "Add selected controls to folder:"
18:46:54  按翻译热键 (第 1 次, step 模式)
18:46:58  译文已稳定
18:46:58  译文: "将选定控件添加到文件夹："
18:46:58  translateposthtml.py -> "将选定控件添加到文件夹："
18:47:00  ---------- 第 48 个文本框 ----------
18:47:01  原文: "&Help"
18:47:01  translate.py -> need=1  text="Help"
18:47:03  翻译前基准: "Help"
18:47:04  按翻译热键 (第 1 次, step 模式)
18:47:08  译文已稳定
18:47:08  译文: "帮助"
18:47:08  translateposthtml.py -> "帮助"
18:47:10  ---------- 第 49 个文本框 ----------
18:47:11  原文: "&Cancel"
18:47:11  translate.py -> need=1  text="Cancel"
18:47:13  翻译前基准: "Cancel"
18:47:15  按翻译热键 (第 1 次, step 模式)
18:47:18  译文已稳定
18:47:18  译文: "取消"
18:47:19  translateposthtml.py -> "取消"
18:47:20  ---------- 第 50 个文本框 ----------
18:47:21  原文: "&OK"
18:47:21  translate.py -> need=1  text="OK"
18:47:24  翻译前基准: "OK"
18:47:25  按翻译热键 (第 1 次, step 模式)
18:47:29  译文已稳定
18:47:29  译文: "好"
18:47:29  translateposthtml.py -> "好"
18:47:31  ---------- 第 51 个文本框 ----------
18:47:31  原文: "Below you can browse the controls installed on your machine and choose the ones that are suitable for the current operation."
18:47:32  translate.py -> need=1  text="Below you can browse the controls installed on your machine and choose the ones that are suitable for the current operation."
18:47:34  翻译前基准: "Below you can browse the controls installed on your machine and choose the ones that are suitable for the current operation."
18:47:36  按翻译热键 (第 1 次, step 模式)
18:47:40  译文已稳定
18:47:40  译文: "您可以在下面浏览机器上安装的控件，并选择适合当前操作的控件。"
18:47:40  translateposthtml.py -> "您可以在下面浏览机器上安装的控件，并选择适合当前操作的控件。"
18:47:42  ---------- 第 52 个文本框 ----------
18:47:42  原文: "Hint:"
18:47:43  translate.py -> need=1  text="Hint:"
18:47:45  翻译前基准: "Hint:"
18:47:47  按翻译热键 (第 1 次, step 模式)
18:47:51  译文已稳定
18:47:51  译文: "提示："
18:47:51  translateposthtml.py -> "提示："
18:47:53  ---------- 第 53 个文本框 ----------
18:47:53  原文: "xxxxxxxxxxxx\r\nyyyyyyyyyyyy"
18:47:54  translate.py -> need=0  text="xxxxxxxxxxxx\nyyyyyyyyyyyy"
18:47:54  不需要翻译 -> 直接回车
18:47:54  ---------- 第 54 个文本框 ----------
18:47:55  原文: "&Select controls from the below list:"
18:47:55  translate.py -> need=1  text="Select controls from the below list:"
18:47:57  翻译前基准: "Select controls from the below list:"
18:47:59  按翻译热键 (第 1 次, step 模式)
18:48:02  译文已稳定
18:48:02  译文: "从以下列表中选择控件："
18:48:03  translateposthtml.py -> "从以下列表中选择控件："
18:48:04  ---------- 第 55 个文本框 ----------
18:48:05  原文: "BackColor Exceptions"
18:48:06  translate.py -> need=1  text="BackColor Exceptions"
18:48:08  翻译前基准: "BackColor Exceptions"
18:48:10  按翻译热键 (第 1 次, step 模式)
18:48:13  译文已稳定
18:48:13  译文: "背景颜色"
18:48:14  translateposthtml.py -> "背景颜色"
18:48:15  ---------- 第 56 个文本框 ----------
18:48:16  原文: "Form1"
18:48:16  translate.py -> need=0  text="Form1"
18:48:16  不需要翻译 -> 直接回车
18:48:17  ---------- 第 57 个文本框 ----------
18:48:18  原文: "&Help"
18:48:18  translate.py -> need=1  text="Help"
18:48:20  翻译前基准: "Help"
18:48:21  按翻译热键 (第 1 次, step 模式)
18:48:25  译文已稳定
18:48:25  译文: "帮助"
18:48:25  translateposthtml.py -> "帮助"
18:48:27  ---------- 第 58 个文本框 ----------
18:48:28  原文: "&Cancel"
18:48:28  translate.py -> need=1  text="Cancel"
18:48:30  翻译前基准: "Cancel"
18:48:32  按翻译热键 (第 1 次, step 模式)
18:48:36  译文已稳定
18:48:36  译文: "取消"
18:48:36  translateposthtml.py -> "取消"
18:48:38  ---------- 第 59 个文本框 ----------
18:48:38  原文: "&OK"
18:48:39  translate.py -> need=1  text="OK"
18:48:41  翻译前基准: "OK"
18:48:42  按翻译热键 (第 1 次, step 模式)
18:48:46  译文已稳定
18:48:46  译文: "好"
18:48:46  translateposthtml.py -> "好"
18:48:48  ---------- 第 60 个文本框 ----------
18:48:49  原文: "Please specify which controls should have for the BackColor property a standard value other than vbWindowBackground, as well as this value."
18:48:50  translate.py -> need=1  text="Please specify which controls should have for the BackColor property a standard value other than vbWindowBackground, as well as this value."
18:48:52  翻译前基准: "Please specify which controls should have for the BackColor property a standard value other than vbWindowBackground, as well as this value."
18:48:53  按翻译热键 (第 1 次, step 模式)
18:48:57  译文已稳定
18:48:57  译文: "请指定哪些控件的BackColor属性应具有标准值而不是vbWindowBackground，以及此值。"
18:48:57  translateposthtml.py -> "请指定哪些控件的BackColor属性应具有标准值而不是vbWindowBackground，以及此值。"
18:48:59  ---------- 第 61 个文本框 ----------
18:49:00  原文: "Hint:"
18:49:01  translate.py -> need=1  text="Hint:"
18:49:03  翻译前基准: "Hint:"
18:49:04  按翻译热键 (第 1 次, step 模式)
18:49:08  译文已稳定
18:49:08  译文: "提示："
18:49:08  translateposthtml.py -> "提示："
18:49:10  ---------- 第 62 个文本框 ----------
18:49:11  原文: "yyyyyyyyyyyyyyyyyyyyyyyyyyyyyyyyyyyyyyyyyyyyyyy"
18:49:11  translate.py -> need=0  text="yyyyyyyyyyyyyyyyyyyyyyyyyyyyyyyyyyyyyyyyyyyyyyy"
18:49:11  不需要翻译 -> 直接回车
18:49:11  ---------- 第 63 个文本框 ----------
18:49:12  原文: "Empty Caption Exceptions - by CodeSMART"
18:49:13  translate.py -> need=1  text="Empty Caption Exceptions - by CodeSMART"
18:49:15  翻译前基准: "Empty Caption Exceptions - by CodeSMART"
18:49:17  按翻译热键 (第 1 次, step 模式)
18:49:21  译文已稳定
18:49:21  译文: "空标题-通过CodeSMART"
18:49:21  translateposthtml.py -> "空标题-通过CodeSMART"
18:49:22  ---------- 第 64 个文本框 ----------
18:49:23  原文: "Form1"
18:49:23  translate.py -> need=0  text="Form1"
18:49:23  不需要翻译 -> 直接回车
18:49:24  ---------- 第 65 个文本框 ----------
18:49:25  原文: "&Add"
18:49:25  translate.py -> need=1  text="Add"
18:49:27  翻译前基准: "Add"
18:49:28  按翻译热键 (第 1 次, step 模式)
18:49:32  译文已稳定
18:49:32  译文: "添加"
18:49:32  translateposthtml.py -> "添加"
18:49:34  ---------- 第 66 个文本框 ----------
18:49:35  原文: "&Delete"
18:49:35  translate.py -> need=1  text="Delete"
18:49:37  翻译前基准: "Delete"
18:49:39  按翻译热键 (第 1 次, step 模式)
18:49:43  译文已稳定
18:49:43  译文: "删除"
18:49:43  translateposthtml.py -> "删除"
18:49:44  ---------- 第 67 个文本框 ----------
18:49:45  原文: "&OK"
18:49:45  translate.py -> need=1  text="OK"
18:49:48  翻译前基准: "OK"
18:49:49  按翻译热键 (第 1 次, step 模式)
18:49:53  译文已稳定
18:49:53  译文: "好"
18:49:53  translateposthtml.py -> "好"
18:49:55  ---------- 第 68 个文本框 ----------
18:49:56  原文: "&Cancel"
18:49:56  translate.py -> need=1  text="Cancel"
18:49:58  翻译前基准: "Cancel"
18:49:59  按翻译热键 (第 1 次, step 模式)
18:50:03  译文已稳定
18:50:03  译文: "取消"
18:50:03  translateposthtml.py -> "取消"
18:50:05  ---------- 第 69 个文本框 ----------
18:50:06  原文: "&Help"
18:50:06  translate.py -> need=1  text="Help"
18:50:08  翻译前基准: "Help"
18:50:10  按翻译热键 (第 1 次, step 模式)
18:50:13  译文已稳定
18:50:13  译文: "帮助"
18:50:14  translateposthtml.py -> "帮助"
18:50:15  ---------- 第 70 个文本框 ----------
18:50:16  原文: "yyyyyyyyyyyyyyyyyyyyyyyyyyyyyyyyyyyyyyyyyyyyyyy"
18:50:16  translate.py -> need=0  text="yyyyyyyyyyyyyyyyyyyyyyyyyyyyyyyyyyyyyyyyyyyyyyy"
18:50:16  不需要翻译 -> 直接回车
18:50:17  ---------- 第 71 个文本框 ----------
18:50:18  原文: "Hint:"
18:50:19  translate.py -> need=1  text="Hint:"
18:50:21  翻译前基准: "Hint:"
18:50:22  按翻译热键 (第 1 次, step 模式)
18:50:26  译文已稳定
18:50:26  译文: "提示："
18:50:26  translateposthtml.py -> "提示："
18:50:28  ---------- 第 72 个文本框 ----------
18:50:29  原文: "Use this dialog to specify controls that should not be checked for empty Caption property value."
18:50:30  translate.py -> need=1  text="Use this dialog to specify controls that should not be checked for empty Caption property value."
18:50:32  翻译前基准: "Use this dialog to specify controls that should not be checked for empty Caption property value."
18:50:33  按翻译热键 (第 1 次, step 模式)
18:50:37  译文已稳定
18:50:37  译文: "使用此对话框可以指定不应检查标题属性值是否为空的控件。"
18:50:37  translateposthtml.py -> "使用此对话框可以指定不应检查标题属性值是否为空的控件。"
18:50:39  ---------- 第 73 个文本框 ----------
18:50:40  原文: "UI Standard Properties Manager - by CodeSMART"
18:50:41  translate.py -> need=1  text="UI Standard Properties Manager - by CodeSMART"
18:50:43  翻译前基准: "UI Standard Properties Manager - by CodeSMART"
18:50:44  按翻译热键 (第 1 次, step 模式)
18:50:48  译文已稳定
18:50:48  译文: "UI标准属性管理器-通过CodeSMART"
18:50:48  translateposthtml.py -> "UI标准属性管理器-通过CodeSMART"
18:50:50  ---------- 第 74 个文本框 ----------
18:50:51  原文: "Form1"
18:50:51  translate.py -> need=0  text="Form1"
18:50:51  不需要翻译 -> 直接回车
18:50:51  ---------- 第 75 个文本框 ----------
18:50:52  原文: "Hidden exit button"
18:50:53  translate.py -> need=1  text="Hidden exit button"
18:50:55  翻译前基准: "Hidden exit button"
18:50:57  按翻译热键 (第 1 次, step 模式)
18:51:01  译文已稳定
18:51:01  译文: "隐藏退出按钮"
18:51:01  translateposthtml.py -> "隐藏退出按钮"
18:51:02  ---------- 第 76 个文本框 ----------
18:51:03  原文: "Please choose a control type"
18:51:04  translate.py -> need=1  text="Please choose a control type"
18:51:06  翻译前基准: "Please choose a control type"
18:51:08  按翻译热键 (第 1 次, step 模式)
18:51:11  译文已稳定
18:51:11  译文: "请选择控制类型"
18:51:12  translateposthtml.py -> "请选择控制类型"
18:51:13  ---------- 第 77 个文本框 ----------
18:51:14  原文: "Use the UI Standard Properties Manager to configure standard property values for controls. The standards will be used in designer analysis operations and also at new designer/control creation."
18:51:15  translate.py -> need=1  text="Use the UI Standard Properties Manager to configure standard property values for controls. The standards will be used in designer analysis operations and also at new designer/control creation."
18:51:17  翻译前基准: "Use the UI Standard Properties Manager to configure standard property values for controls. The standards will be used in designer analysis operations and also at new designer/control creation."
18:51:19  按翻译热键 (第 1 次, step 模式)
18:51:23  译文已稳定
18:51:23  译文: "使用UI标准属性管理器配置控件的标准属性值。这些标准将用于设计器分析操作以及新设计器/控件创建。"
18:51:23  translateposthtml.py -> "使用UI标准属性管理器配置控件的标准属性值。这些标准将用于设计器分析操作以及新设计器/控件创建。"
18:51:24  ---------- 第 78 个文本框 ----------
18:51:25  原文: "Hint:"
18:51:26  translate.py -> need=1  text="Hint:"
18:51:28  翻译前基准: "Hint:"
18:51:30  按翻译热键 (第 1 次, step 模式)
18:51:34  译文已稳定
18:51:34  译文: "提示："
18:51:34  translateposthtml.py -> "提示："
18:51:35  ---------- 第 79 个文本框 ----------
18:51:36  原文: "xxxxxxxxxxxx\r\nyyyyyyyyyyyyy"
18:51:37  translate.py -> need=0  text="xxxxxxxxxxxx\nyyyyyyyyyyyyy"
18:51:37  不需要翻译 -> 直接回车
18:51:37  ---------- 第 80 个文本框 ----------
18:51:38  原文: "Common Command Button Captions and Hotkeys"
18:51:39  translate.py -> need=1  text="Common Command Button Captions and Hotkeys"
18:51:41  翻译前基准: "Common Command Button Captions and Hotkeys"
18:51:42  按翻译热键 (第 1 次, step 模式)
18:51:46  译文已稳定
18:51:46  译文: "常用命令按钮标题和热键"
18:51:46  translateposthtml.py -> "常用命令按钮标题和热键"
18:51:48  ---------- 第 81 个文本框 ----------
18:51:49  原文: "Form1"
18:51:49  translate.py -> need=0  text="Form1"
18:51:49  不需要翻译 -> 直接回车
18:51:50  ---------- 第 82 个文本框 ----------
18:51:50  原文: "&OK"
18:51:51  translate.py -> need=1  text="OK"
18:51:53  翻译前基准: "OK"
18:51:54  按翻译热键 (第 1 次, step 模式)
18:51:58  译文已稳定
18:51:58  译文: "好"
18:51:58  translateposthtml.py -> "好"
18:52:00  ---------- 第 83 个文本框 ----------
18:52:01  原文: "&Cancel"
18:52:01  translate.py -> need=1  text="Cancel"
18:52:03  翻译前基准: "Cancel"
18:52:04  按翻译热键 (第 1 次, step 模式)
18:52:08  译文已稳定
18:52:08  译文: "取消"
18:52:08  translateposthtml.py -> "取消"
18:52:10  ---------- 第 84 个文本框 ----------
18:52:11  原文: "&Help"
18:52:11  translate.py -> need=1  text="Help"
18:52:13  翻译前基准: "Help"
18:52:15  按翻译热键 (第 1 次, step 模式)
18:52:19  译文已稳定
18:52:19  译文: "帮助"
18:52:19  translateposthtml.py -> "帮助"
18:52:20  ---------- 第 85 个文本框 ----------
18:52:21  原文: "yyyyyyyyyyyyyyyyyyyyyyyyyyyyyyyyyyyyyyyyyyyyyyy"
18:52:22  translate.py -> need=0  text="yyyyyyyyyyyyyyyyyyyyyyyyyyyyyyyyyyyyyyyyyyyyyyy"
18:52:22  不需要翻译 -> 直接回车
18:52:22  ---------- 第 86 个文本框 ----------
18:52:23  原文: "Hint:"
18:52:24  translate.py -> need=1  text="Hint:"
18:52:26  翻译前基准: "Hint:"
18:52:27  按翻译热键 (第 1 次, step 模式)
18:52:31  译文已稳定
18:52:31  译文: "提示："
18:52:31  translateposthtml.py -> "提示："
18:52:33  ---------- 第 87 个文本框 ----------
18:52:34  原文: "Use this dialog to specify the standard caption, including hotkey, for OK, Cancel, Apply and Help command button controls."
18:52:35  translate.py -> need=1  text="Use this dialog to specify the standard caption, including hotkey, for OK, Cancel, Apply and Help command button controls."
18:52:37  翻译前基准: "Use this dialog to specify the standard caption, including hotkey, for OK, Cancel, Apply and Help command button controls."
18:52:38  按翻译热键 (第 1 次, step 模式)
18:52:42  译文已稳定
18:52:42  译文: "使用此对话框可以指定“确定”、“取消”、“应用”和“帮助”命令按钮控件的标准标题（包括热键）。"
18:52:42  translateposthtml.py -> "使用此对话框可以指定“确定”、“取消”、“应用”和“帮助”命令按钮控件的标准标题（包括热键）。"
18:52:44  ---------- 第 88 个文本框 ----------
18:52:45  原文: "Designer Analyzer - by CodeSMART"
18:52:46  translate.py -> need=0  text="Designer Analyzer - by CodeSMART"
18:52:46  不需要翻译 -> 直接回车
18:52:46  ---------- 第 89 个文本框 ----------
18:52:47  原文: "Form1"
18:52:47  translate.py -> need=0  text="Form1"
18:52:47  不需要翻译 -> 直接回车
18:52:48  ---------- 第 90 个文本框 ----------
18:52:49  原文: "&Begin >>"
18:52:49  translate.py -> need=1  text="Begin >>"
18:52:51  翻译前基准: "Begin >>"
18:52:52  按翻译热键 (第 1 次, step 模式)
18:52:56  译文已稳定
18:52:56  译文: "开始>>"
18:52:56  translateposthtml.py -> "开始>>"
18:52:58  ---------- 第 91 个文本框 ----------
18:52:59  原文: "&Cancel"
18:52:59  translate.py -> need=1  text="Cancel"
18:53:01  翻译前基准: "Cancel"
18:53:03  按翻译热键 (第 1 次, step 模式)
18:53:07  译文已稳定
18:53:07  译文: "取消"
18:53:07  translateposthtml.py -> "取消"
18:53:08  ---------- 第 92 个文本框 ----------
18:53:09  原文: "&Help"
18:53:10  translate.py -> need=1  text="Help"
18:53:12  翻译前基准: "Help"
18:53:13  按翻译热键 (第 1 次, step 模式)
18:53:17  译文已稳定
18:53:17  译文: "帮助"
18:53:17  translateposthtml.py -> "帮助"
18:53:19  ---------- 第 93 个文本框 ----------
18:53:20  原文: "This subsystem can be used to detect designer and control inconsistencies, critical user interface issues, standardization problems etc."
18:53:21  translate.py -> need=1  text="This subsystem can be used to detect designer and control inconsistencies, critical user interface issues, standardization problems etc."
18:53:23  翻译前基准: "This subsystem can be used to detect designer and control inconsistencies, critical user interface issues, standardization problems etc."
18:53:24  按翻译热键 (第 1 次, step 模式)
18:53:28  译文已稳定
18:53:28  译文: "该子系统可用于检测设计者和控制不一致、关键用户界面问题、标准化问题等。"
18:53:28  translateposthtml.py -> "该子系统可用于检测设计者和控制不一致、关键用户界面问题、标准化问题等。"
18:53:30  ---------- 第 94 个文本框 ----------
18:53:31  原文: "Hint:"
18:53:32  translate.py -> need=1  text="Hint:"
18:53:34  翻译前基准: "Hint:"
18:53:35  按翻译热键 (第 1 次, step 模式)
18:53:39  译文已稳定
18:53:39  译文: "提示："
18:53:39  translateposthtml.py -> "提示："
18:53:41  ---------- 第 95 个文本框 ----------
18:53:42  原文: "Choose here the scope at which CodeSMART will perform the designer analysis operation. You should review the designer analysis settings at least upon first use."
18:53:43  translate.py -> need=1  text="Choose here the scope at which CodeSMART will perform the designer analysis operation. You should review the designer analysis settings at least upon first use."
18:53:45  翻译前基准: "Choose here the scope at which CodeSMART will perform the designer analysis operation. You should review the designer analysis settings at least upon first use."
18:53:46  按翻译热键 (第 1 次, step 模式)
18:53:50  译文已稳定
18:53:50  译文: "在此选择CodeSMART将执行设计器分析操作的范围。至少应在第一次使用时查看设计器分析设置。"
18:53:50  translateposthtml.py -> "在此选择CodeSMART将执行设计器分析操作的范围。至少应在第一次使用时查看设计器分析设置。"
18:53:52  ---------- 第 96 个文本框 ----------
18:53:53  原文: "&Analyze in:"
18:53:53  translate.py -> need=1  text="Analyze in:"
18:53:55  翻译前基准: "Analyze in:"
18:53:56  按翻译热键 (第 1 次, step 模式)
18:54:00  译文已稳定
18:54:00  译文: "分析时间："
18:54:00  translateposthtml.py -> "分析时间："
18:54:02  ---------- 第 97 个文本框 ----------
18:54:03  原文: "Detect forms with the \bStartUpPosition property set to \bManual"
18:54:04  translate.py -> need=1  text="Detect forms with the <strong>StartUpPosition</strong> property set to <strong>Manual</strong>"
18:54:06  翻译前基准: "Detect forms with the <strong>StartUpPosition</strong> property set to <strong>Manual</strong>"
18:54:07  按翻译热键 (第 1 次, step 模式)
18:54:11  译文已稳定
18:54:11  译文: "检测<strong>StartUpPosition</strong>属性设置为<strong>Manual的</strong>窗体"
18:54:11  translateposthtml.py -> "检测\bStartUpPosition 属性设置为\bManual的 窗体"
18:54:13  ---------- 第 98 个文本框 ----------
18:54:14  原文: "Forms with the \bicon \bproperty \bnot \bset"
18:54:15  translate.py -> need=1  text="Forms with the <strong>icon</strong> <strong>property</strong> <strong>not</strong> <strong>set</strong>"
18:54:17  翻译前基准: "Forms with the <strong>icon</strong> <strong>property</strong> <strong>not</strong> <strong>set</strong>"
18:54:18  按翻译热键 (第 1 次, step 模式)
18:54:22  译文已稳定
18:54:22  译文: "<strong>未</strong><strong>设置</strong><strong>icon</strong><strong>属性</strong>"
18:54:22  translateposthtml.py -> "\b未 \b设置 \bicon \b属性 "
18:54:24  ---------- 第 99 个文本框 ----------
18:54:25  原文: "Check for designers with controls \bnot \bproperly \bordered"
18:54:26  translate.py -> need=1  text="Check for designers with controls <strong>not</strong> <strong>properly</strong> <strong>ordered</strong>"
18:54:28  翻译前基准: "Check for designers with controls <strong>not</strong> <strong>properly</strong> <strong>ordered</strong>"
18:54:29  按翻译热键 (第 1 次, step 模式)
18:54:33  译文已稳定
18:54:33  译文: "检查<strong>控件顺序</strong><strong>不</strong><strong>正确</strong>"
18:54:33  translateposthtml.py -> "检查\b控件顺序 \b不 \b正确 "
18:54:35  ---------- 第 100 个文本框 ----------
18:54:36  原文: "Detect forms \bwithout \bDefault/Cancel buttons"
18:54:37  translate.py -> need=1  text="Detect forms <strong>without</strong> <strong>Default</strong>/Cancel buttons"
18:54:39  翻译前基准: "Detect forms <strong>without</strong> <strong>Default</strong>/Cancel buttons"
18:54:40  按翻译热键 (第 1 次, step 模式)
18:54:44  译文已稳定
18:54:44  译文: "检测<strong>没有</strong><strong>默认</strong>/取消按钮的"
18:54:44  translateposthtml.py -> "检测\b没有 \b默认 /取消按钮的"
18:54:46  ---------- 第 101 个文本框 ----------
18:54:47  原文: "Detect forms with \bresizeable border but \bwithout \bresize \bcode"
18:54:48  translate.py -> need=1  text="Detect forms with <strong>resizeable</strong> border but <strong>without</strong> <strong>resize</strong> <strong>code</strong>"
18:54:50  翻译前基准: "Detect forms with <strong>resizeable</strong> border but <strong>without</strong> <strong>resize</strong> <strong>code</strong>"
18:54:52  按翻译热键 (第 1 次, step 模式)
18:54:56  译文已稳定
18:54:56  译文: "检测具有<strong>可调整大小</strong>的边框但<strong>没有</strong><strong>调整大小</strong><strong>代码的</strong>"
18:54:56  translateposthtml.py -> "检测具有\b可调整大小 的边框但\b没有 \b调整大小 \b代码的 "
18:54:57  ---------- 第 102 个文本框 ----------
18:54:58  原文: "Forms with \bShowOnTaskBar property \bFalse"
18:54:59  translate.py -> need=1  text="Forms with <strong>ShowOnTaskBar</strong> property <strong>False</strong>"
18:55:01  翻译前基准: "Forms with <strong>ShowOnTaskBar</strong> property <strong>False</strong>"
18:55:03  按翻译热键 (第 1 次, step 模式)
18:55:06  译文已稳定
18:55:06  译文: "具有<strong>ShowOnTaskBar</strong>属性<strong>False的</strong>窗体"
18:55:07  translateposthtml.py -> "具有\bShowOnTaskBar 属性\bFalse的 窗体"
18:55:08  ---------- 第 103 个文本框 ----------
18:55:09  原文: "Detect forms with the \bcaption property value still not changed from the \bdefault \eForm"
18:55:10  translate.py -> need=0  text="Detect forms with the \bcaption property value still not changed from the \bdefault \eForm"
18:55:10  不需要翻译 -> 直接回车
18:55:10  ---------- 第 104 个文本框 ----------
18:55:11  原文: "\bOnly warn about controls of \bidentical \btypes"
18:55:12  translate.py -> need=1  text="<strong>Only</strong> warn about controls of <strong>identical</strong> <strong>types</strong>"
18:55:14  翻译前基准: "<strong>Only</strong> warn about controls of <strong>identical</strong> <strong>types</strong>"
18:55:16  按翻译热键 (第 1 次, step 模式)
18:55:20  译文已稳定
18:55:20  译文: "<strong>仅</strong>对<strong>相同</strong><strong>类型</strong>"
18:55:20  translateposthtml.py -> "\b仅 对\b相同 \b类型 "
18:55:21  ---------- 第 105 个文本框 ----------
18:55:22  原文: "Detect common \bcommand \bbuttons without \bstandard \bhotkey. \aClick to customize."
18:55:23  translate.py -> need=1  text="Detect common <strong>command</strong> <strong>buttons</strong> without <strong>standard</strong> <strong>hotkey</strong>. \aClick to customize."
18:55:25  翻译前基准: "Detect common <strong>command</strong> <strong>buttons</strong> without <strong>standard</strong> <strong>hotkey</strong>. \aClick to customize."
18:55:27  按翻译热键 (第 1 次, step 模式)
18:55:31  译文已稳定
18:55:31  译文: "检测没有<strong>标准</strong><strong>热键的</strong>常见<strong>命令</strong><strong>按钮</strong>。\a单击以自定义。"
18:55:31  translateposthtml.py -> "检测没有\b标准 \b热键的 常见\b命令 \b按钮 。\a单击以自定义。"
18:55:32  ---------- 第 106 个文本框 ----------
18:55:33  原文: "Detect \bOK/Cancel command buttons without \bDefault/Cancel properties correctly set. \aClick to localize."
18:55:34  translate.py -> need=1  text="Detect <strong>OK</strong>/Cancel command buttons without <strong>Default</strong>/Cancel properties correctly set. \aClick to localize."
18:55:36  翻译前基准: "Detect <strong>OK</strong>/Cancel command buttons without <strong>Default</strong>/Cancel properties correctly set. \aClick to localize."
18:55:38  按翻译热键 (第 1 次, step 模式)
18:55:42  译文已稳定
18:55:42  译文: "检测未正确设置<strong>默认</strong>/取消属性的<strong>确定</strong>/取消命令按钮。\a单击以本地化。"
18:55:42  translateposthtml.py -> "检测未正确设置\b默认 /取消属性的\b确定 /取消命令按钮。\a单击以本地化。"
18:55:43  ---------- 第 107 个文本框 ----------
18:55:44  原文: "Detect \bTreeView controls with a nonstandard \bIndentSize property. \bStandard is: \e266 twips."
18:55:45  translate.py -> need=0  text="Detect \bTreeView controls with a nonstandard \bIndentSize property. \bStandard is: \e266 twips."
18:55:45  不需要翻译 -> 直接回车
18:55:46  ---------- 第 108 个文本框 ----------
18:55:46  原文: "\bUserControls with \bTabStop True and all contained controls with TabStop False (or reverse)"
18:55:47  translate.py -> need=1  text="<strong>UserControls</strong> with <strong>TabStop</strong> True and all contained controls with TabStop False (or reverse)"
18:55:49  翻译前基准: "<strong>UserControls</strong> with <strong>TabStop</strong> True and all contained controls with TabStop False (or reverse)"
18:55:51  按翻译热键 (第 1 次, step 模式)
18:55:55  译文已稳定
18:55:55  译文: "具有<strong>TabStop</strong>True<strong>的UserControls</strong>和具有TabStop False（或相反）的所有包含控件"
18:55:55  translateposthtml.py -> "具有\bTabStop True\b的UserControls 和具有TabStop False（或相反）的所有包含控件"
18:55:57  ---------- 第 109 个文本框 ----------
18:55:57  原文: "Try to identify \bTextBox controls without some sort of \bselect \ball code being implemented"
18:55:58  translate.py -> need=1  text="Try to identify <strong>TextBox</strong> controls without some sort of <strong>select</strong> <strong>all</strong> code being implemented"
18:56:00  翻译前基准: "Try to identify <strong>TextBox</strong> controls without some sort of <strong>select</strong> <strong>all</strong> code being implemented"
18:56:02  按翻译热键 (第 1 次, step 模式)
18:56:06  译文已稳定
18:56:06  译文: "尝试识别<strong>TextBox</strong>控件，而不实现某种<strong>选择</strong><strong>所有</strong>"
18:56:06  translateposthtml.py -> "尝试识别\bTextBox 控件，而不实现某种\b选择 \b所有 "
18:56:08  ---------- 第 110 个文本框 ----------
18:56:08  原文: "Detect \bPictureBox controls with the \bTabStop property set to True"
18:56:09  translate.py -> need=1  text="Detect <strong>PictureBox</strong> controls with the <strong>TabStop</strong> property set to True"
18:56:11  翻译前基准: "Detect <strong>PictureBox</strong> controls with the <strong>TabStop</strong> property set to True"
18:56:13  按翻译热键 (第 1 次, step 模式)
18:56:17  译文已稳定
18:56:17  译文: "检测<strong>TabStop</strong>属性设置为True<strong>的PictureBox</strong>控件"
18:56:17  translateposthtml.py -> "检测\bTabStop 属性设置为True\b的PictureBox 控件"
18:56:18  ---------- 第 111 个文本框 ----------
18:56:19  原文: "Detect controls \bwithout \bhotkey"
18:56:20  translate.py -> need=1  text="Detect controls <strong>without</strong> <strong>hotkey</strong>"
18:56:22  翻译前基准: "Detect controls <strong>without</strong> <strong>hotkey</strong>"
18:56:24  按翻译热键 (第 1 次, step 模式)
18:56:28  译文已稳定
18:56:28  译文: "<strong>无</strong><strong>热键</strong>检测控件"
18:56:28  translateposthtml.py -> "\b无 \b热键 检测控件"
18:56:29  ---------- 第 112 个文本框 ----------
18:56:30  原文: "Detect controls with the \bcaption property set to an \ball \bcaps value."
18:56:31  translate.py -> need=1  text="Detect controls with the <strong>caption</strong> property set to an <strong>all</strong> <strong>caps</strong> value."
18:56:33  翻译前基准: "Detect controls with the <strong>caption</strong> property set to an <strong>all</strong> <strong>caps</strong> value."
18:56:35  按翻译热键 (第 1 次, step 模式)
18:56:38  译文已稳定
18:56:38  译文: "检测caption属性设置为<strong>全</strong><strong>大写</strong>值的控件。<strong></strong>"
18:56:39  translateposthtml.py -> "检测caption属性设置为\b全 \b大写 值的控件。"
18:56:40  ---------- 第 113 个文本框 ----------
18:56:41  原文: "Detect controls at a \bnonstandard \bdistance from the designer margins. \bStandard is: \e60 twips."
18:56:42  translate.py -> need=0  text="Detect controls at a \bnonstandard \bdistance from the designer margins. \bStandard is: \e60 twips."
18:56:42  不需要翻译 -> 直接回车
18:56:42  ---------- 第 114 个文本框 ----------
18:56:43  原文: "Detect controls with an \bempty \bcaption \bproperty. \aExceptions can be specified."
18:56:44  translate.py -> need=1  text="Detect controls with an <strong>empty</strong> <strong>caption</strong> <strong>property</strong>. \aExceptions can be specified."
18:56:46  翻译前基准: "Detect controls with an <strong>empty</strong> <strong>caption</strong> <strong>property</strong>. \aExceptions can be specified."
18:56:48  按翻译热键 (第 1 次, step 模式)
18:56:51  译文已稳定
18:56:51  译文: "检测<strong>标题</strong><strong>属性</strong>为<strong>空的</strong>控件。\a可以指定。"
18:56:52  translateposthtml.py -> "检测\b标题 \b属性 为\b空的 控件。\a可以指定。"
18:56:53  ---------- 第 115 个文本框 ----------
18:56:54  原文: "Warn about \bmisaligned \bcontrols (lefts, tops, bottoms - whichever applies). The \bmaximum \bdeviation is: \e60 twips (differences smaller than this will be considered misalignments)."
18:56:55  translate.py -> need=0  text="Warn about \bmisaligned \bcontrols (lefts, tops, bottoms - whichever applies). The \bmaximum \bdeviation is: \e60 twips (differences smaller than this will be considered misalignments)."
18:56:55  不需要翻译 -> 直接回车
18:56:55  ---------- 第 116 个文本框 ----------
18:56:56  原文: "Warn about controls with \bdifferent \bsizes. The \bmaximum \bdeviation is: \e60 twips (differences smaller than this will be reported)."
18:56:57  translate.py -> need=0  text="Warn about controls with \bdifferent \bsizes. The \bmaximum \bdeviation is: \e60 twips (differences smaller than this will be reported)."
18:56:57  不需要翻译 -> 直接回车
18:56:58  ---------- 第 117 个文本框 ----------
18:56:58  原文: "\bOnly warn about controls of \bidentical \btypes"
18:56:59  translate.py -> need=1  text="<strong>Only</strong> warn about controls of <strong>identical</strong> <strong>types</strong>"
18:57:02  翻译前基准: "<strong>Only</strong> warn about controls of <strong>identical</strong> <strong>types</strong>"
18:57:03  按翻译热键 (第 1 次, step 模式)
18:57:07  译文已稳定
18:57:07  译文: "<strong>仅</strong>对<strong>相同</strong><strong>类型</strong>"
18:57:07  translateposthtml.py -> "\b仅 对\b相同 \b类型 "
18:57:09  ---------- 第 118 个文本框 ----------
18:57:09  原文: "Search for \bMsgBox/InputBox calls with no explicit title"
18:57:10  translate.py -> need=1  text="Search for <strong>MsgBox</strong>/InputBox calls with no explicit title"
18:57:12  翻译前基准: "Search for <strong>MsgBox</strong>/InputBox calls with no explicit title"
18:57:14  按翻译热键 (第 1 次, step 模式)
18:57:17  收到 Esc, 正在停止...
18:57:19  !! 文本框没有任何变化, 判定这次没翻译成功
18:57:19  !! 重试 1 次仍无译文, 这次按原文继续 (可能 STranslate 没响应热键)
18:57:19  译文: "Search for <strong>MsgBox</strong>/InputBox calls with no explicit title"
18:57:19  (Esc 中断) translateposthtml.py 调用失败 >> 已按 Esc, 中止本次调用
18:57:24  ========== 开始 (Ctrl+Alt+S) ==========
18:57:24  ---------- 第 1 个文本框 ----------
18:57:25  原文: "Detect forms with the \bcaption property value still not changed from the \bdefault \eForm"
18:57:26  translate.py -> need=0  text="Detect forms with the \bcaption property value still not changed from the \bdefault \eForm"
18:57:26  不需要翻译 -> 直接回车
18:57:26  ---------- 第 2 个文本框 ----------
18:57:27  原文: "\b仅 对\b相同 \b类型 "
18:57:27  translate.py -> need=0  text="\b仅 对\b相同 \b类型 "
18:57:27  不需要翻译 -> 直接回车
18:57:28  ---------- 第 3 个文本框 ----------
18:57:29  原文: "检测没有\b标准 \b热键的 常见\b命令 \b按钮 。\a单击以自定义。"
18:57:29  translate.py -> need=0  text="检测没有\b标准 \b热键的 常见\b命令 \b按钮 。\a单击以自定义。"
18:57:29  不需要翻译 -> 直接回车
18:57:29  ---------- 第 4 个文本框 ----------
18:57:30  原文: "检测未正确设置\b默认 /取消属性的\b确定 /取消命令按钮。\a单击以本地化。"
18:57:30  translate.py -> need=0  text="检测未正确设置\b默认 /取消属性的\b确定 /取消命令按钮。\a单击以本地化。"
18:57:30  不需要翻译 -> 直接回车
18:57:31  ---------- 第 5 个文本框 ----------
18:57:32  原文: "Detect \bTreeView controls with a nonstandard \bIndentSize property. \bStandard is: \e266 twips."
18:57:33  translate.py -> need=0  text="Detect \bTreeView controls with a nonstandard \bIndentSize property. \bStandard is: \e266 twips."
18:57:33  不需要翻译 -> 直接回车
18:57:33  ---------- 第 6 个文本框 ----------
18:57:34  原文: "具有\bTabStop True\b的UserControls 和具有TabStop False（或相反）的所有包含控件"
18:57:34  translate.py -> need=0  text="具有\bTabStop True\b的UserControls 和具有TabStop False（或相反）的所有包含控件"
18:57:34  不需要翻译 -> 直接回车
18:57:35  ---------- 第 7 个文本框 ----------
18:57:35  原文: "尝试识别\bTextBox 控件，而不实现某种\b选择 \b所有 "
18:57:36  translate.py -> need=0  text="尝试识别\bTextBox 控件，而不实现某种\b选择 \b所有 "
18:57:36  不需要翻译 -> 直接回车
18:57:36  ---------- 第 8 个文本框 ----------
18:57:37  原文: "检测\bTabStop 属性设置为True\b的PictureBox 控件"
18:57:37  translate.py -> need=0  text="检测\bTabStop 属性设置为True\b的PictureBox 控件"
18:57:37  不需要翻译 -> 直接回车
18:57:38  ---------- 第 9 个文本框 ----------
18:57:39  原文: "\b无 \b热键 检测控件"
18:57:39  translate.py -> need=0  text="\b无 \b热键 检测控件"
18:57:39  不需要翻译 -> 直接回车
18:57:39  ---------- 第 10 个文本框 ----------
18:57:40  原文: "检测caption属性设置为\b全 \b大写 值的控件。"
18:57:40  translate.py -> need=0  text="检测caption属性设置为\b全 \b大写 值的控件。"
18:57:40  不需要翻译 -> 直接回车
18:57:41  ---------- 第 11 个文本框 ----------
18:57:42  原文: "Detect controls at a \bnonstandard \bdistance from the designer margins. \bStandard is: \e60 twips."
18:57:43  translate.py -> need=0  text="Detect controls at a \bnonstandard \bdistance from the designer margins. \bStandard is: \e60 twips."
18:57:43  不需要翻译 -> 直接回车
18:57:43  ---------- 第 12 个文本框 ----------
18:57:44  原文: "检测\b标题 \b属性 为\b空的 控件。\a可以指定。"
18:57:44  translate.py -> need=0  text="检测\b标题 \b属性 为\b空的 控件。\a可以指定。"
18:57:44  不需要翻译 -> 直接回车
18:57:45  ---------- 第 13 个文本框 ----------
18:57:45  原文: "Warn about \bmisaligned \bcontrols (lefts, tops, bottoms - whichever applies). The \bmaximum \bdeviation is: \e60 twips (differences smaller than this will be considered misalignments)."
18:57:46  translate.py -> need=0  text="Warn about \bmisaligned \bcontrols (lefts, tops, bottoms - whichever applies). The \bmaximum \bdeviation is: \e60 twips (differences smaller than this will be considered misalignments)."
18:57:46  不需要翻译 -> 直接回车
18:57:47  ---------- 第 14 个文本框 ----------
18:57:48  原文: "Warn about controls with \bdifferent \bsizes. The \bmaximum \bdeviation is: \e60 twips (differences smaller than this will be reported)."
18:57:49  translate.py -> need=0  text="Warn about controls with \bdifferent \bsizes. The \bmaximum \bdeviation is: \e60 twips (differences smaller than this will be reported)."
18:57:49  不需要翻译 -> 直接回车
18:57:49  ---------- 第 15 个文本框 ----------
18:57:50  原文: "\b仅 对\b相同 \b类型 "
18:57:50  translate.py -> need=0  text="\b仅 对\b相同 \b类型 "
18:57:50  不需要翻译 -> 直接回车
18:57:51  ---------- 第 16 个文本框 ----------
18:57:51  原文: "Search for <strong>MsgBox</strong>/InputBox calls with no"
18:57:52  translate.py -> need=1  text="Search for <strong>MsgBox</strong>/InputBox calls with no"
18:57:54  翻译前基准: "Search for <strong>MsgBox</strong>/InputBox calls with no"
18:57:56  按翻译热键 (第 1 次, step 模式)
18:58:00  译文已稳定
18:58:00  译文: "搜索没有的<strong>MsgBox</strong>/InputBox调用"
18:58:00  translateposthtml.py -> "搜索没有的\bMsgBox /InputBox调用"
18:58:01  ---------- 第 17 个文本框 ----------
18:58:02  原文: "Detect designers and controls with \bnon-standard property values. \aClick \ahere to review the standards."
18:58:03  translate.py -> need=1  text="Detect designers and controls with <strong>non</strong>-standard property values. \aClick \ahere to review the standards."
18:58:05  翻译前基准: "Detect designers and controls with <strong>non</strong>-standard property values. \aClick \ahere to review the standards."
18:58:07  按翻译热键 (第 1 次, step 模式)
18:58:11  译文已稳定
18:58:11  译文: "检测具有<strong>非</strong>标准属性值的设计器和控件. \a单击\a此处查看标准。"
18:58:11  translateposthtml.py -> "检测具有\b非 标准属性值的设计器和控件. \a单击\a此处查看标准。"
18:58:12  ---------- 第 18 个文本框 ----------
18:58:13  原文: "Detect \bcolor properties that use \bnon-system color values. Configure \aexceptions\n."
18:58:14  translate.py -> need=1  text="Detect <strong>color</strong> properties that use <strong>non</strong>-system color values. Configure \aexceptions\n."
18:58:16  翻译前基准: "Detect <strong>color</strong> properties that use <strong>non</strong>-system color values. Configure \aexceptions\n."
18:58:18  按翻译热键 (第 1 次, step 模式)
18:58:22  译文已稳定
18:58:22  译文: "检测使用<strong>非</strong>系统颜色值的<strong>颜色</strong>属性.配置\a异常\n。"
18:58:22  translateposthtml.py -> "检测使用\b非 系统颜色值的\b颜色 属性.配置\a异常\n。"
18:58:24  ---------- 第 19 个文本框 ----------
18:58:24  原文: "Additionally, detect \bBackColor properties whose values are different than \bvbWindowBackground. Configure \aexceptions\n."
18:58:25  translate.py -> need=1  text="Additionally, detect <strong>BackColor</strong> properties whose values are different than <strong>vbWindowBackground</strong>. Configure \aexceptions\n."
18:58:27  翻译前基准: "Additionally, detect <strong>BackColor</strong> properties whose values are different than <strong>vbWindowBackground</strong>. Configure \aexceptions\n."
18:58:29  按翻译热键 (第 1 次, step 模式)
18:58:33  译文已稳定
18:58:33  译文: "此外，检测其值不同于<strong>vbWindowBackground</strong><strong>的BackColor</strong>属性。配置\a异常\n。"
18:58:33  translateposthtml.py -> "此外，检测其值不同于\bvbWindowBackground \b的BackColor 属性。配置\a异常\n。"
18:58:34  ---------- 第 20 个文本框 ----------
18:58:35  原文: "Additionally, detect \bForeColor properties whose values are different than \bvbWindowText. Configure \aexceptions\n."
18:58:36  translate.py -> need=1  text="Additionally, detect <strong>ForeColor</strong> properties whose values are different than <strong>vbWindowText</strong>. Configure \aexceptions\n."
18:58:38  翻译前基准: "Additionally, detect <strong>ForeColor</strong> properties whose values are different than <strong>vbWindowText</strong>. Configure \aexceptions\n."
18:58:40  按翻译热键 (第 1 次, step 模式)
18:58:44  译文已稳定
18:58:44  译文: "此外，检测值不同于<strong>vbWindowText</strong><strong>的ForeColor</strong>属性。配置\a异常\n。"
18:58:44  translateposthtml.py -> "此外，检测值不同于\bvbWindowText \b的ForeColor 属性。配置\a异常\n。"
18:58:45  ---------- 第 21 个文本框 ----------
18:58:46  原文: "Detect controls with \bFont property different than \bTahoma, \b8pt. \aClick to customize."
18:58:47  translate.py -> need=1  text="Detect controls with <strong>Font</strong> property different than <strong>Tahoma</strong>, <strong>8</strong>pt. \aClick to customize."
18:58:49  翻译前基准: "Detect controls with <strong>Font</strong> property different than <strong>Tahoma</strong>, <strong>8</strong>pt. \aClick to customize."
18:58:51  按翻译热键 (第 1 次, step 模式)
18:58:55  译文已稳定
18:58:55  译文: "检测<strong>Font</strong>属性不同于<strong>Taxi</strong>，<strong>8</strong>pt的控件。\a单击以自定义。"
18:58:55  translateposthtml.py -> "检测\bFont 属性不同于\bTaxi ，\b8 pt的控件。\a单击以自定义。"
18:58:57  ---------- 第 22 个文本框 ----------
18:58:57  原文: "\bOK buttons standard \bcaption and \bhotkey:"
18:58:58  translate.py -> need=1  text="<strong>OK</strong> buttons standard <strong>caption</strong> and <strong>hotkey</strong>:"
18:59:00  翻译前基准: "<strong>OK</strong> buttons standard <strong>caption</strong> and <strong>hotkey</strong>:"
18:59:02  按翻译热键 (第 1 次, step 模式)
18:59:06  译文已稳定
18:59:06  译文: "<strong>OK</strong>按钮标准<strong>标题</strong>和<strong>热键</strong>："
18:59:06  translateposthtml.py -> "\bOK 按钮标准\b标题 和\b热键 ："
18:59:07  ---------- 第 23 个文本框 ----------
18:59:08  原文: "\bCancel buttons standard \bcaption and \bhotkey:"
18:59:09  translate.py -> need=1  text="<strong>Cancel</strong> buttons standard <strong>caption</strong> and <strong>hotkey</strong>:"
18:59:11  翻译前基准: "<strong>Cancel</strong> buttons standard <strong>caption</strong> and <strong>hotkey</strong>:"
18:59:13  按翻译热键 (第 1 次, step 模式)
18:59:16  译文已稳定
18:59:16  译文: "<strong>取消</strong>按钮标准<strong>标题</strong>和<strong>热键</strong>："
18:59:17  translateposthtml.py -> "\b取消 按钮标准\b标题 和\b热键 ："
18:59:18  ---------- 第 24 个文本框 ----------
18:59:19  原文: "\bApply buttons standard \bcaption and \bhotkey:"
18:59:20  translate.py -> need=1  text="<strong>Apply</strong> buttons standard <strong>caption</strong> and <strong>hotkey</strong>:"
18:59:22  翻译前基准: "<strong>Apply</strong> buttons standard <strong>caption</strong> and <strong>hotkey</strong>:"
18:59:24  按翻译热键 (第 1 次, step 模式)
18:59:27  译文已稳定
18:59:27  译文: "<strong>应用</strong>按钮标准<strong>标题</strong>和<strong>热键</strong>："
18:59:28  translateposthtml.py -> "\b应用 按钮标准\b标题 和\b热键 ："
18:59:29  ---------- 第 25 个文本框 ----------
18:59:30  原文: "\bHelp buttons standard \bcaption and \bhotkey:"
18:59:31  translate.py -> need=1  text="<strong>Help</strong> buttons standard <strong>caption</strong> and <strong>hotkey</strong>:"
18:59:33  翻译前基准: "<strong>Help</strong> buttons standard <strong>caption</strong> and <strong>hotkey</strong>:"
18:59:35  按翻译热键 (第 1 次, step 模式)
18:59:38  译文已稳定
18:59:38  译文: "<strong>帮助</strong>按钮标准<strong>标题</strong>和<strong>热键</strong>："
18:59:39  translateposthtml.py -> "\b帮助 按钮标准\b标题 和\b热键 ："
18:59:40  ---------- 第 26 个文本框 ----------
18:59:41  原文: "Pane1"
18:59:41  translate.py -> need=0  text="Pane1"
18:59:41  不需要翻译 -> 直接回车
18:59:42  ---------- 第 27 个文本框 ----------
18:59:43  原文: "Pane1"
18:59:43  translate.py -> need=0  text="Pane1"
18:59:43  不需要翻译 -> 直接回车
18:59:43  ---------- 第 28 个文本框 ----------
18:59:44  原文: "391C011F31131A1D03523F0228020C16041B0A030B1B1A105031001E3300060850522219241A08011C5224193401"
18:59:44  translate.py -> need=0  text="391C011F31131A1D03523F0228020C16041B0A030B1B1A105031001E3300060850522219241A08011C5224193401"
18:59:44  不需要翻译 -> 直接回车
18:59:45  ---------- 第 29 个文本框 ----------
18:59:46  原文: "3.40.1291"
18:59:46  translate.py -> need=0  text="3.40.1291"
18:59:46  不需要翻译 -> 直接回车
18:59:46  ---------- 第 30 个文本框 ----------
18:59:47  原文: "Pane0"
18:59:48  translate.py -> need=0  text="Pane0"
18:59:48  不需要翻译 -> 直接回车
18:59:48  ---------- 第 31 个文本框 ----------
18:59:49  原文: "391C011F3A08000D03523F0223191606041B0A03000000005031001E381B1C18505222192F0112111C5224193F1A"
18:59:49  translate.py -> need=0  text="391C011F3A08000D03523F0223191606041B0A03000000005031001E381B1C18505222192F0112111C5224193F1A"
18:59:49  不需要翻译 -> 直接回车
18:59:50  ---------- 第 32 个文本框 ----------
18:59:50  原文: "3.40.1291"
18:59:51  translate.py -> need=0  text="3.40.1291"
18:59:51  不需要翻译 -> 直接回车
18:59:51  ---------- 第 33 个文本框 ----------
18:59:52  原文: "Pane0"
18:59:52  translate.py -> need=0  text="Pane0"
18:59:52  不需要翻译 -> 直接回车
18:59:53  ---------- 第 34 个文本框 ----------
18:59:53  原文: "imgHasNotProps"
18:59:54  translate.py -> need=0  text="imgHasNotProps"
18:59:54  不需要翻译 -> 直接回车
18:59:54  ---------- 第 35 个文本框 ----------
18:59:55  原文: "imgControls"
18:59:55  translate.py -> need=0  text="imgControls"
18:59:55  不需要翻译 -> 直接回车
18:59:56  ---------- 第 36 个文本框 ----------
18:59:57  原文: "imgHasProps"
18:59:57  translate.py -> need=0  text="imgHasProps"
18:59:57  不需要翻译 -> 直接回车
18:59:57  ---------- 第 37 个文本框 ----------
18:59:58  原文: "imgDesigners"
18:59:58  translate.py -> need=0  text="imgDesigners"
18:59:58  不需要翻译 -> 直接回车
18:59:59  ---------- 第 38 个文本框 ----------
19:00:00  原文: "imgCollapsed"
19:00:00  translate.py -> need=0  text="imgCollapsed"
19:00:00  不需要翻译 -> 直接回车
19:00:00  ---------- 第 39 个文本框 ----------
19:00:01  原文: "imgExpanded"
19:00:01  translate.py -> need=0  text="imgExpanded"
19:00:01  不需要翻译 -> 直接回车
19:00:02  ---------- 第 40 个文本框 ----------
19:00:03  原文: "imgRefresh"
19:00:03  translate.py -> need=0  text="imgRefresh"
19:00:03  不需要翻译 -> 直接回车
19:00:03  ---------- 第 41 个文本框 ----------
19:00:04  原文: "ImageList1"
19:00:04  translate.py -> need=0  text="ImageList1"
19:00:04  不需要翻译 -> 直接回车
19:00:05  ---------- 第 42 个文本框 ----------
19:00:06  原文: "imgNoDrop"
19:00:06  translate.py -> need=0  text="imgNoDrop"
19:00:06  不需要翻译 -> 直接回车
19:00:06  ---------- 第 43 个文本框 ----------
19:00:07  原文: "imgCodeMove"
19:00:08  translate.py -> need=0  text="imgCodeMove"
19:00:08  不需要翻译 -> 直接回车
19:00:08  ---------- 第 44 个文本框 ----------
19:00:09  原文: "391C011F31131A1D03523F0228020C16041B0A030B1B1A105031001E3300060850522219241A08011C5224193401"
19:00:09  translate.py -> need=0  text="391C011F31131A1D03523F0228020C16041B0A030B1B1A105031001E3300060850522219241A08011C5224193401"
19:00:09  不需要翻译 -> 直接回车
19:00:10  ---------- 第 45 个文本框 ----------
19:00:10  原文: "3.40.1291"
19:00:11  translate.py -> need=0  text="3.40.1291"
19:00:11  不需要翻译 -> 直接回车
19:00:11  ---------- 第 46 个文本框 ----------
19:00:12  原文: "Control"
19:00:12  translate.py -> need=0  text="Control"
19:00:12  不需要翻译 -> 直接回车
19:00:13  ---------- 第 47 个文本框 ----------
19:00:13  原文: "&Refresh List"
19:00:14  translate.py -> need=1  text="Refresh List"
19:00:16  翻译前基准: "Refresh List"
19:00:17  按翻译热键 (第 1 次, step 模式)
19:00:21  译文已稳定
19:00:21  译文: "刷新列表"
19:00:21  translateposthtml.py -> "刷新列表"
19:00:23  ---------- 第 48 个文本框 ----------
19:00:24  原文: "Please \bdo \bnot \buse \bother Visual Basic or CodeSMART \bfunctionality \buntil this \boperation \bfinishes."
19:00:25  translate.py -> need=1  text="Please <strong>do</strong> <strong>not</strong> <strong>use</strong> <strong>other</strong> Visual Basic or CodeSMART <strong>functionality</strong> <strong>until</strong> this <strong>operation</strong> <strong>finishes</strong>."
19:00:27  翻译前基准: "Please <strong>do</strong> <strong>not</strong> <strong>use</strong> <strong>other</strong> Visual Basic or CodeSMART <strong>functionality</strong> <strong>until</strong> this <strong>operation</strong> <strong>finishes</strong>."
19:00:29  按翻译热键 (第 1 次, step 模式)
19:00:32  译文已稳定
19:00:32  译文: "<strong>在</strong>此<strong>操作</strong><strong>完成</strong>之前，请<strong>不要</strong><strong>使用</strong><strong>其他</strong>Visual Basic或CodeSMART<strong>功能</strong>。<strong></strong>"
19:00:33  translateposthtml.py -> "\b在 此\b操作 \b完成 之前，请\b不要 \b使用 \b其他 Visual Basic或CodeSMART\b功能 。"
19:00:34  ---------- 第 49 个文本框 ----------
19:00:35  原文: "391C011F31131A1D03523F0228020C16041B0A030B1B1A105031001E3300060850522219241A08011C5224193401"
19:00:35  translate.py -> need=0  text="391C011F31131A1D03523F0228020C16041B0A030B1B1A105031001E3300060850522219241A08011C5224193401"
19:00:35  不需要翻译 -> 直接回车
19:00:36  ---------- 第 50 个文本框 ----------
19:00:37  原文: "3.40.1291"
19:00:37  translate.py -> need=0  text="3.40.1291"
19:00:37  不需要翻译 -> 直接回车
19:00:37  ---------- 第 51 个文本框 ----------
19:00:38  原文: "Control"
19:00:38  translate.py -> need=0  text="Control"
19:00:38  不需要翻译 -> 直接回车
19:00:39  ---------- 第 52 个文本框 ----------
19:00:40  原文: "ForeColor"
19:00:40  translate.py -> need=0  text="ForeColor"
19:00:40  不需要翻译 -> 直接回车
19:00:40  ---------- 第 53 个文本框 ----------
19:00:41  原文: "\bO&K buttons are VB CommandButton controls with \bthis \bcaption:"
19:00:42  translate.py -> need=1  text="<strong>OK</strong> buttons are VB CommandButton controls with <strong>this</strong> <strong>caption</strong>:"
19:00:44  翻译前基准: "<strong>OK</strong> buttons are VB CommandButton controls with <strong>this</strong> <strong>caption</strong>:"
19:00:45  按翻译热键 (第 1 次, step 模式)
19:00:49  译文已稳定
19:00:49  译文: "<strong>OK</strong>按钮是带有<strong>以下</strong><strong>标题</strong>的VB CommandButton控件："
19:00:49  translateposthtml.py -> "\bOK 按钮是带有\b以下 \b标题 的VB CommandButton控件："
19:00:51  ---------- 第 54 个文本框 ----------
19:00:52  原文: "\bC&ancel buttons are VB CommandButton controls with \bthis \bcaption:"
19:00:52  translate.py -> need=1  text="<strong>Cancel</strong> buttons are VB CommandButton controls with <strong>this</strong> <strong>caption</strong>:"
19:00:54  翻译前基准: "<strong>Cancel</strong> buttons are VB CommandButton controls with <strong>this</strong> <strong>caption</strong>:"
19:00:55  按翻译热键 (第 1 次, step 模式)
19:00:59  译文已稳定
19:00:59  译文: "<strong>“取消</strong>”按钮是带有<strong>以下</strong><strong>标题的</strong>VB CommandButton控件："
19:00:59  translateposthtml.py -> "\b“取消 ”按钮是带有\b以下 \b标题的 VB CommandButton控件："
19:01:01  ---------- 第 55 个文本框 ----------
19:01:02  原文: " \e"
19:01:02  translate.py -> need=0  text=" \e"
19:01:02  不需要翻译 -> 直接回车
19:01:03  ---------- 第 56 个文本框 ----------
19:01:04  原文: "Detect forms with the \bcaption property value still not changed from the \bdefault \e"
19:01:05  translate.py -> need=0  text="Detect forms with the \bcaption property value still not changed from the \bdefault \e"
19:01:05  不需要翻译 -> 直接回车
19:01:05  ---------- 第 57 个文本框 ----------
19:01:06  原文: "AxCsDesignerAnalyzer.ctlFormRules.SetDefaultFormCaptionLabel"
19:01:06  translate.py -> need=0  text="AxCsDesignerAnalyzer.ctlFormRules.SetDefaultFormCaptionLabel"
19:01:06  不需要翻译 -> 直接回车
19:01:07  ---------- 第 58 个文本框 ----------
19:01:07  原文: ") '"
19:01:08  translate.py -> need=0  text=") '"
19:01:08  不需要翻译 -> 直接回车
19:01:08  ---------- 第 59 个文本框 ----------
19:01:09  原文: "Detect controls at a \bnonstandard \bdistance from the designer margins. \bStandard is: \e"
19:01:10  translate.py -> need=0  text="Detect controls at a \bnonstandard \bdistance from the designer margins. \bStandard is: \e"
19:01:10  不需要翻译 -> 直接回车
19:01:10  ---------- 第 60 个文本框 ----------
19:01:11  原文: " twips."
19:01:11  translate.py -> need=0  text=" twips."
19:01:11  不需要翻译 -> 直接回车
19:01:12  ---------- 第 61 个文本框 ----------
19:01:13  原文: "AxCsDesignerAnalyzer.ctlControls.SetStandardDistanceLabel"
19:01:13  translate.py -> need=0  text="AxCsDesignerAnalyzer.ctlControls.SetStandardDistanceLabel"
19:01:13  不需要翻译 -> 直接回车
19:01:13  ---------- 第 62 个文本框 ----------
19:01:14  原文: "Warn about controls with \bdifferent \bsizes. The \bmaximum \bdeviation is: \e"
19:01:15  translate.py -> need=0  text="Warn about controls with \bdifferent \bsizes. The \bmaximum \bdeviation is: \e"
19:01:15  不需要翻译 -> 直接回车
19:01:16  ---------- 第 63 个文本框 ----------
19:01:16  原文: " twips (differences smaller than this will be reported)."
19:01:17  translate.py -> need=0  text=" twips (differences smaller than this will be reported)."
19:01:17  不需要翻译 -> 直接回车
19:01:18  ---------- 第 64 个文本框 ----------
19:01:19  原文: "AxCsDesignerAnalyzer.ctlControls.SetMaximumDeviationSizeLabel"
19:01:19  translate.py -> need=0  text="AxCsDesignerAnalyzer.ctlControls.SetMaximumDeviationSizeLabel"
19:01:19  不需要翻译 -> 直接回车
19:01:19  ---------- 第 65 个文本框 ----------
19:01:20  原文: "Warn about \bmisaligned \bcontrols (lefts, tops, bottoms - whichever applies). The \bmaximum \bdeviation is: \e"
19:01:21  translate.py -> need=0  text="Warn about \bmisaligned \bcontrols (lefts, tops, bottoms - whichever applies). The \bmaximum \bdeviation is: \e"
19:01:21  不需要翻译 -> 直接回车
19:01:22  ---------- 第 66 个文本框 ----------
19:01:22  原文: " twips (differences smaller than this will be considered misalignments)."
19:01:23  translate.py -> need=0  text=" twips (differences smaller than this will be considered misalignments)."
19:01:23  不需要翻译 -> 直接回车
19:01:24  ---------- 第 67 个文本框 ----------
19:01:25  原文: "AxCsDesignerAnalyzer.ctlControls.SetMaximumDeviationLabel"
19:01:25  translate.py -> need=0  text="AxCsDesignerAnalyzer.ctlControls.SetMaximumDeviationLabel"
19:01:25  不需要翻译 -> 直接回车
19:01:25  ---------- 第 68 个文本框 ----------
19:01:26  原文: "Detect \bTreeView controls with a nonstandard \bIndentSize property. \bStandard is: \e"
19:01:27  translate.py -> need=0  text="Detect \bTreeView controls with a nonstandard \bIndentSize property. \bStandard is: \e"
19:01:27  不需要翻译 -> 直接回车
19:01:27  ---------- 第 69 个文本框 ----------
19:01:28  原文: "AxCsDesignerAnalyzer.ctlControls.SetStandardTVIndentSizeLabel"
19:01:29  translate.py -> need=0  text="AxCsDesignerAnalyzer.ctlControls.SetStandardTVIndentSizeLabel"
19:01:29  不需要翻译 -> 直接回车
19:01:29  ---------- 第 70 个文本框 ----------
19:01:30  原文: "AnalyzeAllCaps"
19:01:30  translate.py -> need=0  text="AnalyzeAllCaps"
19:01:30  不需要翻译 -> 直接回车
19:01:31  ---------- 第 71 个文本框 ----------
19:01:31  原文: "DesignerAnalyzer"
19:01:32  translate.py -> need=0  text="DesignerAnalyzer"
19:01:32  不需要翻译 -> 直接回车
19:01:32  ---------- 第 72 个文本框 ----------
19:01:33  原文: "AnalyzeMsgBox"
19:01:33  translate.py -> need=0  text="AnalyzeMsgBox"
19:01:33  不需要翻译 -> 直接回车
19:01:34  ---------- 第 73 个文本框 ----------
19:01:34  原文: "AnalyzePropValueCorrespondency"
19:01:35  translate.py -> need=0  text="AnalyzePropValueCorrespondency"
19:01:35  不需要翻译 -> 直接回车
19:01:35  ---------- 第 74 个文本框 ----------
19:01:36  原文: "AnalyzeNonSystemColor"
19:01:36  translate.py -> need=0  text="AnalyzeNonSystemColor"
19:01:36  不需要翻译 -> 直接回车
19:01:37  ---------- 第 75 个文本框 ----------
19:01:37  原文: "AnalyzeForeColor"
19:01:38  translate.py -> need=0  text="AnalyzeForeColor"
19:01:38  不需要翻译 -> 直接回车
19:01:38  ---------- 第 76 个文本框 ----------
19:01:39  原文: "AnalyzeBackColor"
19:01:39  translate.py -> need=0  text="AnalyzeBackColor"
19:01:39  不需要翻译 -> 直接回车
19:01:40  ---------- 第 77 个文本框 ----------
19:01:41  原文: "AnalyzeFont"
19:01:41  translate.py -> need=0  text="AnalyzeFont"
19:01:41  不需要翻译 -> 直接回车
19:01:41  ---------- 第 78 个文本框 ----------
19:01:42  原文: "AxCsDesignerAnalyzer.ctlOther.Init"
19:01:42  translate.py -> need=0  text="AxCsDesignerAnalyzer.ctlOther.Init"
19:01:42  不需要翻译 -> 直接回车
19:01:43  ---------- 第 79 个文本框 ----------
19:01:44  原文: "Invalid sort order"
19:01:45  translate.py -> need=1  text="Invalid sort order"
19:01:47  翻译前基准: "Invalid sort order"
19:01:48  按翻译热键 (第 1 次, step 模式)
19:01:52  译文已稳定
19:01:52  译文: "排序顺序无效"
19:01:52  translateposthtml.py -> "排序顺序无效"
19:01:54  ---------- 第 80 个文本框 ----------
19:01:55  原文: ".CSortQuick"
19:01:55  translate.py -> need=0  text=".CSortQuick"
19:01:55  不需要翻译 -> 直接回车
19:01:55  ---------- 第 81 个文本框 ----------
19:01:56  原文: "AxCsDesignerAnalyzer.CTabOrderElement.ParentName"
19:01:56  translate.py -> need=0  text="AxCsDesignerAnalyzer.CTabOrderElement.ParentName"
19:01:56  不需要翻译 -> 直接回车
19:01:57  ---------- 第 82 个文本框 ----------
19:01:58  原文: "Scope"
19:01:58  translate.py -> need=0  text="Scope"
19:01:58  不需要翻译 -> 直接回车
19:01:58  ---------- 第 83 个文本框 ----------
19:01:59  原文: "AxCsDesignerAnalyzer.FDesignerAnalyzer.Init"
19:01:59  translate.py -> need=0  text="AxCsDesignerAnalyzer.FDesignerAnalyzer.Init"
19:01:59  不需要翻译 -> 直接回车
19:02:00  ---------- 第 84 个文本框 ----------
19:02:01  原文: "AxCsDesignerAnalyzer.CAlignPair.Direction"
19:02:01  translate.py -> need=0  text="AxCsDesignerAnalyzer.CAlignPair.Direction"
19:02:01  不需要翻译 -> 直接回车
19:02:01  ---------- 第 85 个文本框 ----------
19:02:02  原文: "AxCsDesignerAnalyzer.CAlignPairs.Class_Initialize"
19:02:02  translate.py -> need=0  text="AxCsDesignerAnalyzer.CAlignPairs.Class_Initialize"
19:02:02  不需要翻译 -> 直接回车
19:02:03  ---------- 第 86 个文本框 ----------
19:02:04  原文: "AxCsDesignerAnalyzer.mTreeViewAPI.GetTVItemText"
19:02:04  translate.py -> need=0  text="AxCsDesignerAnalyzer.mTreeViewAPI.GetTVItemText"
19:02:04  不需要翻译 -> 直接回车
19:02:04  ---------- 第 87 个文本框 ----------
19:02:05  原文: "SELECT "
19:02:06  translate.py -> need=0  text="SELECT "
19:02:06  不需要翻译 -> 直接回车
19:02:06  ---------- 第 88 个文本框 ----------
19:02:07  原文: "CtlPropValues"
19:02:07  translate.py -> need=0  text="CtlPropValues"
19:02:07  不需要翻译 -> 直接回车
19:02:07  ---------- 第 89 个文本框 ----------
19:02:08  原文: ".*"
19:02:09  translate.py -> need=0  text=".*"
19:02:09  不需要翻译 -> 直接回车
19:02:09  ---------- 第 90 个文本框 ----------
19:02:10  原文: " FROM "
19:02:10  translate.py -> need=0  text=" FROM "
19:02:10  不需要翻译 -> 直接回车
19:02:11  ---------- 第 91 个文本框 ----------
19:02:11  原文: "CtlProgIDs"
19:02:12  translate.py -> need=0  text="CtlProgIDs"
19:02:12  不需要翻译 -> 直接回车
19:02:12  ---------- 第 92 个文本框 ----------
19:02:13  原文: ", "
19:02:13  translate.py -> need=0  text=", "
19:02:13  不需要翻译 -> 直接回车
19:02:14  ---------- 第 93 个文本框 ----------
19:02:14  原文: " WHERE "
19:02:15  translate.py -> need=0  text=" WHERE "
19:02:15  不需要翻译 -> 直接回车
19:02:15  ---------- 第 94 个文本框 ----------
19:02:16  原文: ".ProgID = '"
19:02:16  translate.py -> need=0  text=".ProgID = '"
19:02:16  不需要翻译 -> 直接回车
19:02:17  ---------- 第 95 个文本框 ----------
19:02:18  原文: " AND "
19:02:18  translate.py -> need=0  text=" AND "
19:02:18  不需要翻译 -> 直接回车
19:02:18  ---------- 第 96 个文本框 ----------
19:02:19  原文: ".Enabled <> 0"
19:02:20  translate.py -> need=0  text=".Enabled <> 0"
19:02:20  不需要翻译 -> 直接回车
19:02:20  ---------- 第 97 个文本框 ----------
19:02:21  原文: ".ID = "
19:02:21  translate.py -> need=0  text=".ID = "
19:02:21  不需要翻译 -> 直接回车
19:02:22  ---------- 第 98 个文本框 ----------
19:02:23  原文: ".ControlID"
19:02:23  translate.py -> need=0  text=".ControlID"
19:02:23  不需要翻译 -> 直接回车
19:02:23  ---------- 第 99 个文本框 ----------
19:02:24  原文: " ORDER BY "
19:02:25  translate.py -> need=1  text=" ORDER BY "
19:02:27  翻译前基准: " ORDER BY "
19:02:29  按翻译热键 (第 1 次, step 模式)
19:02:32  译文已稳定
19:02:32  译文: "ORDER BY"
19:02:33  translateposthtml.py -> "ORDER BY"
19:02:34  ---------- 第 100 个文本框 ----------
19:02:35  原文: ".Name"
19:02:35  translate.py -> need=0  text=".Name"
19:02:35  不需要翻译 -> 直接回车
19:02:36  ---------- 第 101 个文本框 ----------
19:02:37  原文: "AxCsDesignerAnalyzer.CProperty.AdditionalValue"
19:02:37  translate.py -> need=0  text="AxCsDesignerAnalyzer.CProperty.AdditionalValue"
19:02:37  不需要翻译 -> 直接回车
19:02:37  ---------- 第 102 个文本框 ----------
19:02:38  原文: "AxCsDesignerAnalyzer.CRuleFormIcon.Init"
19:02:39  translate.py -> need=0  text="AxCsDesignerAnalyzer.CRuleFormIcon.Init"
19:02:39  不需要翻译 -> 直接回车
19:02:39  ---------- 第 103 个文本框 ----------
19:02:40  原文: "AxCsDesignerAnalyzer.CRuleWithoutResize.Init"
19:02:40  translate.py -> need=0  text="AxCsDesignerAnalyzer.CRuleWithoutResize.Init"
19:02:40  不需要翻译 -> 直接回车
19:02:40  ---------- 第 104 个文本框 ----------
19:02:41  原文: "AxCsDesignerAnalyzer.CRuleTabOrderOk.Init"
19:02:42  translate.py -> need=0  text="AxCsDesignerAnalyzer.CRuleTabOrderOk.Init"
19:02:42  不需要翻译 -> 直接回车
19:02:42  ---------- 第 105 个文本框 ----------
19:02:43  原文: "AxCsDesignerAnalyzer.CRuleTabOrderOk.EstimateProgressTotalRequirement"
19:02:43  translate.py -> need=0  text="AxCsDesignerAnalyzer.CRuleTabOrderOk.EstimateProgressTotalRequirement"
19:02:43  不需要翻译 -> 直接回车
19:02:44  ---------- 第 106 个文本框 ----------
19:02:44  原文: "AxCsDesignerAnalyzer.CRuleTabOrderOk.Process"
19:02:45  translate.py -> need=0  text="AxCsDesignerAnalyzer.CRuleTabOrderOk.Process"
19:02:45  不需要翻译 -> 直接回车
19:02:45  ---------- 第 107 个文本框 ----------
19:02:46  原文: "AxCsDesignerAnalyzer.CRuleTabOrderOk.Shutdown"
19:02:46  translate.py -> need=0  text="AxCsDesignerAnalyzer.CRuleTabOrderOk.Shutdown"
19:02:46  不需要翻译 -> 直接回车
19:02:47  ---------- 第 108 个文本框 ----------
19:02:47  原文: "AxCsDesignerAnalyzer.CRuleTabOrderOk.IUiAnalyzerRule_EstimateProgressTotalRequirement"
19:02:48  translate.py -> need=0  text="AxCsDesignerAnalyzer.CRuleTabOrderOk.IUiAnalyzerRule_EstimateProgressTotalRequirement"
19:02:48  不需要翻译 -> 直接回车
19:02:48  ---------- 第 109 个文本框 ----------
19:02:49  原文: "AxCsDesignerAnalyzer.FOkCancelApplyHelp.Init"
19:02:49  translate.py -> need=0  text="AxCsDesignerAnalyzer.FOkCancelApplyHelp.Init"
19:02:49  不需要翻译 -> 直接回车
19:02:50  ---------- 第 110 个文本框 ----------
19:02:50  原文: "AxCsDesignerAnalyzer.CRuleStdHotKey.Init"
19:02:51  translate.py -> need=0  text="AxCsDesignerAnalyzer.CRuleStdHotKey.Init"
19:02:51  不需要翻译 -> 直接回车
19:02:51  ---------- 第 111 个文本框 ----------
19:02:52  原文: "AxCsDesignerAnalyzer.CVBEnum.ValueNames"
19:02:52  translate.py -> need=0  text="AxCsDesignerAnalyzer.CVBEnum.ValueNames"
19:02:52  不需要翻译 -> 直接回车
19:02:53  ---------- 第 112 个文本框 ----------
19:02:54  原文: "AxCsDesignerAnalyzer.FPropManager.cbeDelete_Click"
19:02:54  translate.py -> need=0  text="AxCsDesignerAnalyzer.FPropManager.cbeDelete_Click"
19:02:54  不需要翻译 -> 直接回车
19:02:54  ---------- 第 113 个文本框 ----------
19:02:55  原文: "AxCsDesignerAnalyzer.FPropManager.cbeRefresh_Click"
19:02:55  translate.py -> need=0  text="AxCsDesignerAnalyzer.FPropManager.cbeRefresh_Click"
19:02:55  不需要翻译 -> 直接回车
19:02:56  ---------- 第 114 个文本框 ----------
19:02:57  原文: "LastNode"
19:02:57  translate.py -> need=0  text="LastNode"
19:02:57  不需要翻译 -> 直接回车
19:02:57  ---------- 第 115 个文本框 ----------
19:02:58  原文: "AxCsDesignerAnalyzer.FPropManager.cmdClose_Click"
19:02:58  translate.py -> need=0  text="AxCsDesignerAnalyzer.FPropManager.cmdClose_Click"
19:02:58  不需要翻译 -> 直接回车
19:02:59  ---------- 第 116 个文本框 ----------
19:03:00  原文: "ID"
19:03:00  translate.py -> need=0  text="ID"
19:03:00  不需要翻译 -> 直接回车
19:03:00  ---------- 第 117 个文本框 ----------
19:03:01  原文: "Enabled"
19:03:01  translate.py -> need=0  text="Enabled"
19:03:01  不需要翻译 -> 直接回车
19:03:02  ---------- 第 118 个文本框 ----------
19:03:03  原文: "imgHasProps"
19:03:03  translate.py -> need=0  text="imgHasProps"
19:03:03  不需要翻译 -> 直接回车
19:03:03  ---------- 第 119 个文本框 ----------
19:03:04  原文: "imgHasNotProps"
19:03:05  translate.py -> need=0  text="imgHasNotProps"
19:03:05  不需要翻译 -> 直接回车
19:03:05  ---------- 第 120 个文本框 ----------
19:03:06  原文: "AxCsDesignerAnalyzer.FPropManager.cmdRemove_Click"
19:03:06  translate.py -> need=0  text="AxCsDesignerAnalyzer.FPropManager.cmdRemove_Click"
19:03:06  不需要翻译 -> 直接回车
19:03:07  ---------- 第 121 个文本框 ----------
19:03:07  原文: "Click to remove the selected control property from the list."
19:03:08  translate.py -> need=1  text="Click to remove the selected control property from the list."
19:03:10  翻译前基准: "Click to remove the selected control property from the list."
19:03:12  按翻译热键 (第 1 次, step 模式)
19:03:16  译文已稳定
19:03:16  译文: "单击可从列表中删除选定的控件属性。"
19:03:16  translateposthtml.py -> "单击可从列表中删除选定的控件属性。"
19:03:18  ---------- 第 122 个文本框 ----------
19:03:18  原文: "AxCsDesignerAnalyzer.FPropManager.cmdRemove_GotFocus"
19:03:19  translate.py -> need=0  text="AxCsDesignerAnalyzer.FPropManager.cmdRemove_GotFocus"
19:03:19  不需要翻译 -> 直接回车
19:03:19  ---------- 第 123 个文本框 ----------
19:03:20  原文: "htm\StandardProperties_Manager.htm"
19:03:20  translate.py -> need=0  text="htm\StandardProperties_Manager.htm"
19:03:20  不需要翻译 -> 直接回车
19:03:21  ---------- 第 124 个文本框 ----------
19:03:21  原文: "AxCsDesignerAnalyzer.FPropManager.cmdHelp_Click"
19:03:22  translate.py -> need=0  text="AxCsDesignerAnalyzer.FPropManager.cmdHelp_Click"
19:03:22  不需要翻译 -> 直接回车
19:03:22  ---------- 第 125 个文本框 ----------
19:03:23  原文: "AxCsDesignerAnalyzer.FPropManager.ctlTitleLeft_OnClick"
19:03:23  translate.py -> need=0  text="AxCsDesignerAnalyzer.FPropManager.ctlTitleLeft_OnClick"
19:03:23  不需要翻译 -> 直接回车
19:03:24  ---------- 第 126 个文本框 ----------
19:03:25  原文: "AxCsDesignerAnalyzer.FPropManager.ctlTitleRightBottom_OnClick"
19:03:25  translate.py -> need=0  text="AxCsDesignerAnalyzer.FPropManager.ctlTitleRightBottom_OnClick"
19:03:25  不需要翻译 -> 直接回车
19:03:25  ---------- 第 127 个文本框 ----------
19:03:26  原文: "AxCsDesignerAnalyzer.FPropManager.ctlTitleRightTop_OnClick"
19:03:26  translate.py -> need=0  text="AxCsDesignerAnalyzer.FPropManager.ctlTitleRightTop_OnClick"
19:03:26  不需要翻译 -> 直接回车
19:03:27  ---------- 第 128 个文本框 ----------
19:03:27  原文: "SplitRatio"
19:03:28  translate.py -> need=0  text="SplitRatio"
19:03:28  不需要翻译 -> 直接回车
19:03:28  ---------- 第 129 个文本框 ----------
19:03:29  原文: "AxCsDesignerAnalyzer.CVBProp.Key"
19:03:29  translate.py -> need=0  text="AxCsDesignerAnalyzer.CVBProp.Key"
19:03:29  不需要翻译 -> 直接回车
19:03:30  ---------- 第 130 个文本框 ----------
19:03:31  原文: "AxCsDesignerAnalyzer.CRuleDefaultCancel.Init"
19:03:31  translate.py -> need=0  text="AxCsDesignerAnalyzer.CRuleDefaultCancel.Init"
19:03:31  不需要翻译 -> 直接回车
19:03:31  ---------- 第 131 个文本框 ----------
19:03:32  原文: "AxCsDesignerAnalyzer.CRuleFormCaption.Init"
19:03:32  translate.py -> need=0  text="AxCsDesignerAnalyzer.CRuleFormCaption.Init"
19:03:32  不需要翻译 -> 直接回车
19:03:33  ---------- 第 132 个文本框 ----------
19:03:34  原文: "AxCsDesignerAnalyzer.CRuleMsgBox.Init"
19:03:34  translate.py -> need=0  text="AxCsDesignerAnalyzer.CRuleMsgBox.Init"
19:03:34  不需要翻译 -> 直接回车
19:03:34  ---------- 第 133 个文本框 ----------
19:03:35  原文: "AxCsDesignerAnalyzer.CRuleNotAligned.Init"
19:03:35  translate.py -> need=0  text="AxCsDesignerAnalyzer.CRuleNotAligned.Init"
19:03:35  不需要翻译 -> 直接回车
19:03:36  ---------- 第 134 个文本框 ----------
19:03:37  原文: "AxCsDesignerAnalyzer.CRuleNotAligned.EstimateProgressTotalRequirement"
19:03:37  translate.py -> need=0  text="AxCsDesignerAnalyzer.CRuleNotAligned.EstimateProgressTotalRequirement"
19:03:37  不需要翻译 -> 直接回车
19:03:37  ---------- 第 135 个文本框 ----------
19:03:38  原文: "AxCsDesignerAnalyzer.CRuleNotAligned.Process"
19:03:39  translate.py -> need=0  text="AxCsDesignerAnalyzer.CRuleNotAligned.Process"
19:03:39  不需要翻译 -> 直接回车
19:03:39  ---------- 第 136 个文本框 ----------
19:03:40  原文: "AxCsDesignerAnalyzer.CRuleNotAligned.Shutdown"
19:03:40  translate.py -> need=0  text="AxCsDesignerAnalyzer.CRuleNotAligned.Shutdown"
19:03:40  不需要翻译 -> 直接回车
19:03:41  ---------- 第 137 个文本框 ----------
19:03:41  原文: "AxCsDesignerAnalyzer.CRuleNotAligned.IUiAnalyzerRule_EstimateProgressTotalRequirement"
19:03:42  translate.py -> need=0  text="AxCsDesignerAnalyzer.CRuleNotAligned.IUiAnalyzerRule_EstimateProgressTotalRequirement"
19:03:42  不需要翻译 -> 直接回车
19:03:42  ---------- 第 138 个文本框 ----------
19:03:43  原文: "AxCsDesignerAnalyzer.CRuleOkCancel.Init"
19:03:43  translate.py -> need=0  text="AxCsDesignerAnalyzer.CRuleOkCancel.Init"
19:03:43  不需要翻译 -> 直接回车
19:03:44  ---------- 第 139 个文本框 ----------
19:03:44  原文: "AxCsDesignerAnalyzer.CRulePictureBoxTS.Init"
19:03:45  translate.py -> need=0  text="AxCsDesignerAnalyzer.CRulePictureBoxTS.Init"
19:03:45  不需要翻译 -> 直接回车
19:03:45  ---------- 第 140 个文本框 ----------
19:03:46  原文: "AxCsDesignerAnalyzer.CRuleSelectAll.Init"
19:03:46  translate.py -> need=0  text="AxCsDesignerAnalyzer.CRuleSelectAll.Init"
19:03:46  不需要翻译 -> 直接回车
19:03:47  ---------- 第 141 个文本框 ----------
19:03:48  原文: "AxCsDesignerAnalyzer.CRuleSelectAll.EstimateProgressTotalRequirement"
19:03:48  translate.py -> need=0  text="AxCsDesignerAnalyzer.CRuleSelectAll.EstimateProgressTotalRequirement"
19:03:48  不需要翻译 -> 直接回车
19:03:48  ---------- 第 142 个文本框 ----------
19:03:49  原文: "AxCsDesignerAnalyzer.CRuleTaskBar.Init"
19:03:49  translate.py -> need=0  text="AxCsDesignerAnalyzer.CRuleTaskBar.Init"
19:03:49  不需要翻译 -> 直接回车
19:03:50  ---------- 第 143 个文本框 ----------
19:03:51  原文: "AxCsDesignerAnalyzer.CRuleTVIndentSize.Init"
19:03:51  translate.py -> need=0  text="AxCsDesignerAnalyzer.CRuleTVIndentSize.Init"
19:03:51  不需要翻译 -> 直接回车
19:03:51  ---------- 第 144 个文本框 ----------
19:03:52  原文: "AxCsDesignerAnalyzer.CRuleTVIndentSize.EstimateProgressTotalRequirement"
19:03:52  translate.py -> need=0  text="AxCsDesignerAnalyzer.CRuleTVIndentSize.EstimateProgressTotalRequirement"
19:03:52  不需要翻译 -> 直接回车
19:03:53  ---------- 第 145 个文本框 ----------
19:03:54  原文: "AxCsDesignerAnalyzer.CRuleTVIndentSize.Process"
19:03:54  translate.py -> need=0  text="AxCsDesignerAnalyzer.CRuleTVIndentSize.Process"
19:03:54  不需要翻译 -> 直接回车
19:03:54  ---------- 第 146 个文本框 ----------
19:03:55  原文: "AxCsDesignerAnalyzer.CRuleUserCTS.Init"
19:03:55  translate.py -> need=0  text="AxCsDesignerAnalyzer.CRuleUserCTS.Init"
19:03:55  不需要翻译 -> 直接回车
19:03:56  ---------- 第 147 个文本框 ----------
19:03:57  原文: "AxCsDesignerAnalyzer.CRuleDMargins.Init"
19:03:57  translate.py -> need=0  text="AxCsDesignerAnalyzer.CRuleDMargins.Init"
19:03:57  不需要翻译 -> 直接回车
19:03:57  ---------- 第 148 个文本框 ----------
19:03:58  原文: "AxCsDesignerAnalyzer.CRuleDMargins.EstimateProgressTotalRequirement"
19:03:59  translate.py -> need=0  text="AxCsDesignerAnalyzer.CRuleDMargins.EstimateProgressTotalRequirement"
19:03:59  不需要翻译 -> 直接回车
19:03:59  ---------- 第 149 个文本框 ----------
19:04:00  原文: "AxCsDesignerAnalyzer.CRuleDMargins.Process"
19:04:00  translate.py -> need=0  text="AxCsDesignerAnalyzer.CRuleDMargins.Process"
19:04:00  不需要翻译 -> 直接回车
19:04:01  ---------- 第 150 个文本框 ----------
19:04:01  原文: "AxCsDesignerAnalyzer.CRuleHotkeys.Init"
19:04:02  translate.py -> need=0  text="AxCsDesignerAnalyzer.CRuleHotkeys.Init"
19:04:02  不需要翻译 -> 直接回车
19:04:02  ---------- 第 151 个文本框 ----------
19:04:03  原文: ";Caption;"
19:04:03  translate.py -> need=0  text=";Caption;"
19:04:03  不需要翻译 -> 直接回车
19:04:04  ---------- 第 152 个文本框 ----------
19:04:04  原文: "ProgID"
19:04:05  translate.py -> need=0  text="ProgID"
19:04:05  不需要翻译 -> 直接回车
19:04:05  ---------- 第 153 个文本框 ----------
19:04:06  原文: "EmptyExceptions"
19:04:06  translate.py -> need=0  text="EmptyExceptions"
19:04:06  不需要翻译 -> 直接回车
19:04:07  ---------- 第 154 个文本框 ----------
19:04:07  原文: "FullName = '"
19:04:08  translate.py -> need=0  text="FullName = '"
19:04:08  不需要翻译 -> 直接回车
19:04:08  ---------- 第 155 个文本框 ----------
19:04:09  原文: "VB."
19:04:09  translate.py -> need=0  text="VB."
19:04:09  不需要翻译 -> 直接回车
19:04:10  ---------- 第 156 个文本框 ----------
19:04:11  原文: "FullName"
19:04:11  translate.py -> need=0  text="FullName"
19:04:11  不需要翻译 -> 直接回车
19:04:11  ---------- 第 157 个文本框 ----------
19:04:12  原文: "AxCsDesignerAnalyzer.CRuleEmptyCaption.Init"
19:04:12  translate.py -> need=0  text="AxCsDesignerAnalyzer.CRuleEmptyCaption.Init"
19:04:12  不需要翻译 -> 直接回车
19:04:13  ---------- 第 158 个文本框 ----------
19:04:14  原文: "AxCsDesignerAnalyzer.FExceptions.cmdCancel_Click"
19:04:14  translate.py -> need=0  text="AxCsDesignerAnalyzer.FExceptions.cmdCancel_Click"
19:04:14  不需要翻译 -> 直接回车
19:04:14  ---------- 第 159 个文本框 ----------
19:04:15  原文: "Click to cancel changes and close this dialog."
19:04:16  translate.py -> need=1  text="Click to cancel changes and close this dialog."
19:04:18  翻译前基准: "Click to cancel changes and close this dialog."
19:04:20  按翻译热键 (第 1 次, step 模式)
19:04:24  译文已稳定
19:04:24  译文: "单击以取消更改并关闭此对话框。"
19:04:24  translateposthtml.py -> "单击以取消更改并关闭此对话框。"
19:04:25  ---------- 第 160 个文本框 ----------
19:04:26  原文: "AxCsDesignerAnalyzer.FExceptions.cmdCancel_GotFocus"
19:04:26  translate.py -> need=0  text="AxCsDesignerAnalyzer.FExceptions.cmdCancel_GotFocus"
19:04:26  不需要翻译 -> 直接回车
19:04:27  ---------- 第 161 个文本框 ----------
19:04:28  原文: "AxCsDesignerAnalyzer.FExceptions.cmdHelp_Click"
19:04:28  translate.py -> need=0  text="AxCsDesignerAnalyzer.FExceptions.cmdHelp_Click"
19:04:28  不需要翻译 -> 直接回车
19:04:28  ---------- 第 162 个文本框 ----------
19:04:29  原文: "Click to view this subsystem's online documentation."
19:04:30  translate.py -> need=1  text="Click to view this subsystem's online documentation."
19:04:32  翻译前基准: "Click to view this subsystem's online documentation."
19:04:34  按翻译热键 (第 1 次, step 模式)
19:04:37  译文已稳定
19:04:37  译文: "单击以查看此子系统的联机文档。"
19:04:38  translateposthtml.py -> "单击以查看此子系统的联机文档。"
19:04:39  ---------- 第 163 个文本框 ----------
19:04:40  原文: "AxCsDesignerAnalyzer.FExceptions.cmdHelp_GotFocus"
19:04:40  translate.py -> need=0  text="AxCsDesignerAnalyzer.FExceptions.cmdHelp_GotFocus"
19:04:40  不需要翻译 -> 直接回车
19:04:41  ---------- 第 164 个文本框 ----------
19:04:42  原文: "AxCsDesignerAnalyzer.FExceptions.cmdStart_Click"
19:04:42  translate.py -> need=0  text="AxCsDesignerAnalyzer.FExceptions.cmdStart_Click"
19:04:42  不需要翻译 -> 直接回车
19:04:42  ---------- 第 165 个文本框 ----------
19:04:43  原文: "Click to save the changes and close this dialog."
19:04:44  translate.py -> need=1  text="Click to save the changes and close this dialog."
19:04:46  翻译前基准: "Click to save the changes and close this dialog."
19:04:48  按翻译热键 (第 1 次, step 模式)
19:04:51  译文已稳定
19:04:51  译文: "单击以保存更改并关闭此对话框。"
19:04:52  translateposthtml.py -> "单击以保存更改并关闭此对话框。"
19:04:53  ---------- 第 166 个文本框 ----------
19:04:54  原文: "AxCsDesignerAnalyzer.FExceptions.cmdStart_GotFocus"
19:04:54  translate.py -> need=0  text="AxCsDesignerAnalyzer.FExceptions.cmdStart_GotFocus"
19:04:54  不需要翻译 -> 直接回车
19:04:55  ---------- 第 167 个文本框 ----------
19:04:56  原文: "AxCsDesignerAnalyzer.FExceptions.ctlControlEx1_ShowHint"
19:04:56  translate.py -> need=0  text="AxCsDesignerAnalyzer.FExceptions.ctlControlEx1_ShowHint"
19:04:56  不需要翻译 -> 直接回车
19:04:56  ---------- 第 168 个文本框 ----------
19:04:57  原文: "AxCsDesignerAnalyzer.FAddControl.cmbFolder_Change"
19:04:57  translate.py -> need=0  text="AxCsDesignerAnalyzer.FAddControl.cmbFolder_Change"
19:04:57  不需要翻译 -> 直接回车
19:04:58  ---------- 第 169 个文本框 ----------
19:04:59  原文: "Use this control to specify an existing folder or to create a new one in which the selected controls should be added."
19:05:00  translate.py -> need=0  text="Use this control to specify an existing folder or to create a new one in which the selected controls should be added."
19:05:00  不需要翻译 -> 直接回车
19:05:00  ---------- 第 170 个文本框 ----------
19:05:01  原文: "AxCsDesignerAnalyzer.FAddControl.cmbFolder_GotFocus"
19:05:01  translate.py -> need=0  text="AxCsDesignerAnalyzer.FAddControl.cmbFolder_GotFocus"
19:05:01  不需要翻译 -> 直接回车
19:05:02  ---------- 第 171 个文本框 ----------
19:05:03  原文: "AxCsDesignerAnalyzer.FAddControl.cmdCancel_Click"
19:05:03  translate.py -> need=0  text="AxCsDesignerAnalyzer.FAddControl.cmdCancel_Click"
19:05:03  不需要翻译 -> 直接回车
19:05:03  ---------- 第 172 个文本框 ----------
19:05:04  原文: "Click to close this dialog."
19:05:05  translate.py -> need=1  text="Click to close this dialog."
19:05:07  翻译前基准: "Click to close this dialog."
19:05:08  按翻译热键 (第 1 次, step 模式)
19:05:12  译文已稳定
19:05:12  译文: "单击以关闭此对话框。"
19:05:12  translateposthtml.py -> "单击以关闭此对话框。"
19:05:14  ---------- 第 173 个文本框 ----------
19:05:15  原文: "AxCsDesignerAnalyzer.FAddControl.cmdCancel_GotFocus"
19:05:15  translate.py -> need=0  text="AxCsDesignerAnalyzer.FAddControl.cmdCancel_GotFocus"
19:05:15  不需要翻译 -> 直接回车
19:05:16  ---------- 第 174 个文本框 ----------
19:05:16  原文: "AxCsDesignerAnalyzer.FAddControl.cmdHelp_Click"
19:05:17  translate.py -> need=0  text="AxCsDesignerAnalyzer.FAddControl.cmdHelp_Click"
19:05:17  不需要翻译 -> 直接回车
19:05:17  ---------- 第 175 个文本框 ----------
19:05:18  原文: "AxCsDesignerAnalyzer.FAddControl.cmdHelp_GotFocus"
19:05:18  translate.py -> need=0  text="AxCsDesignerAnalyzer.FAddControl.cmdHelp_GotFocus"
19:05:18  不需要翻译 -> 直接回车
19:05:19  ---------- 第 176 个文本框 ----------
19:05:20  原文: "AxCsDesignerAnalyzer.FAddControl.cmdOK_Click"
19:05:20  translate.py -> need=0  text="AxCsDesignerAnalyzer.FAddControl.cmdOK_Click"
19:05:20  不需要翻译 -> 直接回车
19:05:20  ---------- 第 177 个文本框 ----------
19:05:21  原文: "AxCsDesignerAnalyzer.FAddControl.GetOption"
19:05:21  translate.py -> need=0  text="AxCsDesignerAnalyzer.FAddControl.GetOption"
19:05:21  不需要翻译 -> 直接回车
19:05:22  ---------- 第 178 个文本框 ----------
19:05:23  原文: "AxCsDesignerAnalyzer.FAddControl.SelectedControls"
19:05:23  translate.py -> need=0  text="AxCsDesignerAnalyzer.FAddControl.SelectedControls"
19:05:23  不需要翻译 -> 直接回车
19:05:23  ---------- 第 179 个文本框 ----------
19:05:24  原文: "AxCsDesignerAnalyzer.FAddControl.FolderName"
19:05:24  translate.py -> need=0  text="AxCsDesignerAnalyzer.FAddControl.FolderName"
19:05:24  不需要翻译 -> 直接回车
19:05:25  ---------- 第 180 个文本框 ----------
19:05:26  原文: "Click this button to save the new settings and close this dialog."
19:05:27  translate.py -> need=1  text="Click this button to save the new settings and close this dialog."
19:05:29  翻译前基准: "Click this button to save the new settings and close this dialog."
19:05:30  按翻译热键 (第 1 次, step 模式)
19:05:34  译文已稳定
19:05:34  译文: "单击此按钮保存新设置并关闭此对话框。"
19:05:34  translateposthtml.py -> "单击此按钮保存新设置并关闭此对话框。"
19:05:36  ---------- 第 181 个文本框 ----------
19:05:37  原文: "AxCsDesignerAnalyzer.FAddControl.cmdOK_GotFocus"
19:05:37  translate.py -> need=0  text="AxCsDesignerAnalyzer.FAddControl.cmdOK_GotFocus"
19:05:37  不需要翻译 -> 直接回车
19:05:37  ---------- 第 182 个文本框 ----------
19:05:38  原文: "Loading controls:"
19:05:39  translate.py -> need=1  text="Loading controls:"
19:05:41  翻译前基准: "Loading controls:"
19:05:43  按翻译热键 (第 1 次, step 模式)
19:05:47  译文已稳定
19:05:47  译文: "加载控制："
19:05:47  translateposthtml.py -> "加载控制："
19:05:48  ---------- 第 183 个文本框 ----------
19:05:49  原文: "AxCsDesignerAnalyzer.CProperties.Class_Initialize"
19:05:49  translate.py -> need=0  text="AxCsDesignerAnalyzer.CProperties.Class_Initialize"
19:05:49  不需要翻译 -> 直接回车
19:05:50  ---------- 第 184 个文本框 ----------
19:05:51  原文: " - "
19:05:51  translate.py -> need=0  text=" - "
19:05:51  不需要翻译 -> 直接回车
19:05:51  ---------- 第 185 个文本框 ----------
19:05:52  原文: "AxCsDesignerAnalyzer.MGlobals.Log"
19:05:53  translate.py -> need=0  text="AxCsDesignerAnalyzer.MGlobals.Log"
19:05:53  不需要翻译 -> 直接回车
19:05:53  ---------- 第 186 个文本框 ----------
19:05:54  原文: "Project"
19:05:54  translate.py -> need=0  text="Project"
19:05:54  不需要翻译 -> 直接回车
19:05:54  ---------- 第 187 个文本框 ----------
19:05:55  原文: "Component"
19:05:56  translate.py -> need=0  text="Component"
19:05:56  不需要翻译 -> 直接回车
19:05:56  ---------- 第 188 个文本框 ----------
19:05:57  原文: "Control"
19:05:57  translate.py -> need=0  text="Control"
19:05:57  不需要翻译 -> 直接回车
19:05:58  ---------- 第 189 个文本框 ----------
19:05:58  原文: "Category"
19:05:59  translate.py -> need=0  text="Category"
19:05:59  不需要翻译 -> 直接回车
19:05:59  ---------- 第 190 个文本框 ----------
19:06:00  原文: "Problem"
19:06:00  translate.py -> need=0  text="Problem"
19:06:00  不需要翻译 -> 直接回车
19:06:01  ---------- 第 191 个文本框 ----------
19:06:01  原文: "Ignore"
19:06:02  translate.py -> need=0  text="Ignore"
19:06:02  不需要翻译 -> 直接回车
19:06:02  ---------- 第 192 个文本框 ----------
19:06:03  原文: "Low"
19:06:03  translate.py -> need=0  text="Low"
19:06:03  不需要翻译 -> 直接回车
19:06:04  ---------- 第 193 个文本框 ----------
19:06:04  原文: "Moderate"
19:06:05  translate.py -> need=0  text="Moderate"
19:06:05  不需要翻译 -> 直接回车
19:06:05  ---------- 第 194 个文本框 ----------
19:06:06  原文: "High"
19:06:06  translate.py -> need=0  text="High"
19:06:06  不需要翻译 -> 直接回车
19:06:07  ---------- 第 195 个文本框 ----------
19:06:08  原文: "Critical"
19:06:08  translate.py -> need=0  text="Critical"
19:06:08  不需要翻译 -> 直接回车
19:06:08  ---------- 第 196 个文本框 ----------
19:06:09  原文: "Severity"
19:06:09  translate.py -> need=0  text="Severity"
19:06:09  不需要翻译 -> 直接回车
19:06:10  ---------- 第 197 个文本框 ----------
19:06:11  原文: "AxCsDesignerAnalyzer.MGlobals.AddProblem"
19:06:11  translate.py -> need=0  text="AxCsDesignerAnalyzer.MGlobals.AddProblem"
19:06:11  不需要翻译 -> 直接回车
19:06:11  ---------- 第 198 个文本框 ----------
19:06:12  原文: "AxCsDesignerAnalyzer.MGlobals.IsInString"
19:06:12  translate.py -> need=0  text="AxCsDesignerAnalyzer.MGlobals.IsInString"
19:06:12  不需要翻译 -> 直接回车
19:06:13  ---------- 第 199 个文本框 ----------
19:06:14  原文: "AxCsDesignerAnalyzer.MGlobals.StrCount"
19:06:14  translate.py -> need=0  text="AxCsDesignerAnalyzer.MGlobals.StrCount"
19:06:14  不需要翻译 -> 直接回车
19:06:14  ---------- 第 200 个文本框 ----------
19:06:15  原文: "AxCsDesignerAnalyzer.MGlobals.IsInComment"
19:06:15  translate.py -> need=0  text="AxCsDesignerAnalyzer.MGlobals.IsInComment"
19:06:15  不需要翻译 -> 直接回车
19:06:16  ---------- 第 201 个文本框 ----------
19:06:17  原文: "AxCsDesignerAnalyzer.MGlobals.EliminateHotKey"
19:06:17  translate.py -> need=0  text="AxCsDesignerAnalyzer.MGlobals.EliminateHotKey"
19:06:17  不需要翻译 -> 直接回车
19:06:17  ---------- 第 202 个文本框 ----------
19:06:18  原文: "ConnectionDesigner.UserConnection"
19:06:19  translate.py -> need=0  text="ConnectionDesigner.UserConnection"
19:06:19  不需要翻译 -> 直接回车
19:06:19  ---------- 第 203 个文本框 ----------
19:06:20  原文: "AxCsDesignerAnalyzer.MGlobals.IsSystemColor"
19:06:20  translate.py -> need=0  text="AxCsDesignerAnalyzer.MGlobals.IsSystemColor"
19:06:20  不需要翻译 -> 直接回车
19:06:20  ---------- 第 204 个文本框 ----------
19:06:21  原文: " _"
19:06:22  translate.py -> need=0  text=" _"
19:06:22  不需要翻译 -> 直接回车
19:06:22  ---------- 第 205 个文本框 ----------
19:06:23  原文: "AxCsDesignerAnalyzer.MGlobals.GetMethodDeclarationLine"
19:06:23  translate.py -> need=0  text="AxCsDesignerAnalyzer.MGlobals.GetMethodDeclarationLine"
19:06:23  不需要翻译 -> 直接回车
19:06:24  ---------- 第 206 个文本框 ----------
19:06:24  原文: "AxCsDesignerAnalyzer.MGlobals.GetDefaultExceptions"
19:06:25  translate.py -> need=0  text="AxCsDesignerAnalyzer.MGlobals.GetDefaultExceptions"
19:06:25  不需要翻译 -> 直接回车
19:06:25  ---------- 第 207 个文本框 ----------
19:06:26  原文: "ExceptedControls"
19:06:26  translate.py -> need=0  text="ExceptedControls"
19:06:26  不需要翻译 -> 直接回车
19:06:27  ---------- 第 208 个文本框 ----------
19:06:27  原文: "AxCsDesignerAnalyzer.MGlobals.CreateBackControlsExceptions"
19:06:28  translate.py -> need=0  text="AxCsDesignerAnalyzer.MGlobals.CreateBackControlsExceptions"
19:06:28  不需要翻译 -> 直接回车
19:06:28  ---------- 第 209 个文本框 ----------
19:06:29  原文: "Microsoft Windows Common Controls 6.0 (SP6) - ImageList"
19:06:30  translate.py -> need=0  text="Microsoft Windows Common Controls 6.0 (SP6) - ImageList"
19:06:30  不需要翻译 -> 直接回车
19:06:30  ---------- 第 210 个文本框 ----------
19:06:31  原文: "MSComctlLib.ImageList"
19:06:31  translate.py -> need=0  text="MSComctlLib.ImageList"
19:06:31  不需要翻译 -> 直接回车
19:06:32  ---------- 第 211 个文本框 ----------
19:06:33  原文: "AxCsDesignerAnalyzer.MGlobals.PopulateExceptedControlsTable"
19:06:33  translate.py -> need=0  text="AxCsDesignerAnalyzer.MGlobals.PopulateExceptedControlsTable"
19:06:33  不需要翻译 -> 直接回车
19:06:33  ---------- 第 212 个文本框 ----------
19:06:34  原文: "ExceptedControlsFore"
19:06:34  translate.py -> need=0  text="ExceptedControlsFore"
19:06:34  不需要翻译 -> 直接回车
19:06:35  ---------- 第 213 个文本框 ----------
19:06:36  原文: "AxCsDesignerAnalyzer.MGlobals.CreateForeControlsExceptions"
19:06:36  translate.py -> need=0  text="AxCsDesignerAnalyzer.MGlobals.CreateForeControlsExceptions"
19:06:36  不需要翻译 -> 直接回车
19:06:36  ---------- 第 214 个文本框 ----------
19:06:37  原文: "NonSysExceptions"
19:06:37  translate.py -> need=0  text="NonSysExceptions"
19:06:37  不需要翻译 -> 直接回车
19:06:38  ---------- 第 215 个文本框 ----------
19:06:39  原文: "Property"
19:06:39  translate.py -> need=0  text="Property"
19:06:39  不需要翻译 -> 直接回车
19:06:39  ---------- 第 216 个文本框 ----------
19:06:40  原文: "AxCsDesignerAnalyzer.MGlobals.CreateNonSystemExceptions"
19:06:41  translate.py -> need=0  text="AxCsDesignerAnalyzer.MGlobals.CreateNonSystemExceptions"
19:06:41  不需要翻译 -> 直接回车
19:06:41  ---------- 第 217 个文本框 ----------
19:06:42  原文: "MaskColor"
19:06:42  translate.py -> need=0  text="MaskColor"
19:06:42  不需要翻译 -> 直接回车
19:06:43  ---------- 第 218 个文本框 ----------
19:06:43  原文: "AxCsDesignerAnalyzer.MGlobals.PopulateNonSysExceptionsTable"
19:06:44  translate.py -> need=0  text="AxCsDesignerAnalyzer.MGlobals.PopulateNonSysExceptionsTable"
19:06:44  不需要翻译 -> 直接回车
19:06:44  ---------- 第 219 个文本框 ----------
19:06:45  原文: "BackExceptions"
19:06:45  translate.py -> need=0  text="BackExceptions"
19:06:45  不需要翻译 -> 直接回车
19:06:46  ---------- 第 220 个文本框 ----------
19:06:46  原文: "BackColor"
19:06:47  translate.py -> need=0  text="BackColor"
19:06:47  不需要翻译 -> 直接回车
19:06:47  ---------- 第 221 个文本框 ----------
19:06:48  原文: "AxCsDesignerAnalyzer.MGlobals.CreateBackColorExceptions"
19:06:48  translate.py -> need=0  text="AxCsDesignerAnalyzer.MGlobals.CreateBackColorExceptions"
19:06:48  不需要翻译 -> 直接回车
19:06:49  ---------- 第 222 个文本框 ----------
19:06:50  原文: "Label"
19:06:50  translate.py -> need=0  text="Label"
19:06:50  不需要翻译 -> 直接回车
19:06:50  ---------- 第 223 个文本框 ----------
19:06:51  原文: "VB.Label"
19:06:51  translate.py -> need=0  text="VB.Label"
19:06:51  不需要翻译 -> 直接回车
19:06:52  ---------- 第 224 个文本框 ----------
19:06:53  原文: "PictureBox"
19:06:53  translate.py -> need=0  text="PictureBox"
19:06:53  不需要翻译 -> 直接回车
19:06:53  ---------- 第 225 个文本框 ----------
19:06:54  原文: "VB.PictureBox"
19:06:54  translate.py -> need=0  text="VB.PictureBox"
19:06:54  不需要翻译 -> 直接回车
19:06:55  ---------- 第 226 个文本框 ----------
19:06:56  原文: "Frame"
19:06:56  translate.py -> need=0  text="Frame"
19:06:56  不需要翻译 -> 直接回车
19:06:56  ---------- 第 227 个文本框 ----------
19:06:57  原文: "VB.Frame"
19:06:57  translate.py -> need=0  text="VB.Frame"
19:06:57  不需要翻译 -> 直接回车
19:06:58  ---------- 第 228 个文本框 ----------
19:06:59  原文: "CommandButton"
19:06:59  translate.py -> need=0  text="CommandButton"
19:06:59  不需要翻译 -> 直接回车
19:06:59  ---------- 第 229 个文本框 ----------
19:07:00  原文: "VB.CommandButton"
19:07:01  translate.py -> need=0  text="VB.CommandButton"
19:07:01  不需要翻译 -> 直接回车
19:07:01  ---------- 第 230 个文本框 ----------
19:07:02  原文: "CheckBox"
19:07:02  translate.py -> need=0  text="CheckBox"
19:07:02  不需要翻译 -> 直接回车
19:07:03  ---------- 第 231 个文本框 ----------
19:07:03  原文: "VB.CheckBox"
19:07:04  translate.py -> need=0  text="VB.CheckBox"
19:07:04  不需要翻译 -> 直接回车
19:07:04  ---------- 第 232 个文本框 ----------
19:07:05  原文: "OptionButton"
19:07:05  translate.py -> need=0  text="OptionButton"
19:07:05  不需要翻译 -> 直接回车
19:07:06  ---------- 第 233 个文本框 ----------
19:07:06  原文: "VB.OptionButton"
19:07:07  translate.py -> need=0  text="VB.OptionButton"
19:07:07  不需要翻译 -> 直接回车
19:07:07  ---------- 第 234 个文本框 ----------
19:07:08  原文: "Form"
19:07:08  translate.py -> need=0  text="Form"
19:07:08  不需要翻译 -> 直接回车
19:07:09  ---------- 第 235 个文本框 ----------
19:07:09  原文: "VB.Form"
19:07:10  translate.py -> need=0  text="VB.Form"
19:07:10  不需要翻译 -> 直接回车
19:07:10  ---------- 第 236 个文本框 ----------
19:07:11  原文: "MDIForm"
19:07:11  translate.py -> need=0  text="MDIForm"
19:07:11  不需要翻译 -> 直接回车
19:07:12  ---------- 第 237 个文本框 ----------
19:07:12  原文: "VB.MDIForm"
19:07:13  translate.py -> need=0  text="VB.MDIForm"
19:07:13  不需要翻译 -> 直接回车
19:07:13  ---------- 第 238 个文本框 ----------
19:07:14  原文: "UserControl"
19:07:14  translate.py -> need=0  text="UserControl"
19:07:14  不需要翻译 -> 直接回车
19:07:15  ---------- 第 239 个文本框 ----------
19:07:15  原文: "VB.UserControl"
19:07:16  translate.py -> need=0  text="VB.UserControl"
19:07:16  不需要翻译 -> 直接回车
19:07:16  ---------- 第 240 个文本框 ----------
19:07:17  原文: "PropertyPage"
19:07:17  translate.py -> need=0  text="PropertyPage"
19:07:17  不需要翻译 -> 直接回车
19:07:18  ---------- 第 241 个文本框 ----------
19:07:19  原文: "VB.PropertyPage"
19:07:19  translate.py -> need=0  text="VB.PropertyPage"
19:07:19  不需要翻译 -> 直接回车
19:07:19  ---------- 第 242 个文本框 ----------
19:07:20  原文: "UserDocument"
19:07:20  translate.py -> need=0  text="UserDocument"
19:07:20  不需要翻译 -> 直接回车
19:07:21  ---------- 第 243 个文本框 ----------
19:07:22  原文: "VB.UserDocument"
19:07:22  translate.py -> need=0  text="VB.UserDocument"
19:07:22  不需要翻译 -> 直接回车
19:07:22  ---------- 第 244 个文本框 ----------
19:07:23  原文: "AxCsDesignerAnalyzer.MGlobals.PopulateBackColorTable"
19:07:23  translate.py -> need=0  text="AxCsDesignerAnalyzer.MGlobals.PopulateBackColorTable"
19:07:23  不需要翻译 -> 直接回车
19:07:24  ---------- 第 245 个文本框 ----------
19:07:25  原文: "ForeExceptions"
19:07:25  translate.py -> need=0  text="ForeExceptions"
19:07:25  不需要翻译 -> 直接回车
19:07:25  ---------- 第 246 个文本框 ----------
19:07:26  原文: "ForeColor"
19:07:27  translate.py -> need=0  text="ForeColor"
19:07:27  不需要翻译 -> 直接回车
19:07:27  ---------- 第 247 个文本框 ----------
19:07:28  原文: "AxCsDesignerAnalyzer.MGlobals.CreateForeColorExceptions"
19:07:28  translate.py -> need=0  text="AxCsDesignerAnalyzer.MGlobals.CreateForeColorExceptions"
19:07:28  不需要翻译 -> 直接回车
19:07:28  ---------- 第 248 个文本框 ----------
19:07:29  原文: "AxCsDesignerAnalyzer.MGlobals.PopulateForeColorTable"
19:07:30  translate.py -> need=0  text="AxCsDesignerAnalyzer.MGlobals.PopulateForeColorTable"
19:07:30  不需要翻译 -> 直接回车
19:07:30  ---------- 第 249 个文本框 ----------
19:07:31  原文: "AxCsDesignerAnalyzer.MGlobals.CreateEmptyCaptionExceptions"
19:07:31  translate.py -> need=0  text="AxCsDesignerAnalyzer.MGlobals.CreateEmptyCaptionExceptions"
19:07:31  不需要翻译 -> 直接回车
19:07:32  ---------- 第 250 个文本框 ----------
19:07:32  原文: "AxCsDesignerAnalyzer.MGlobals.PopulateEmptyCaptionTable"
19:07:33  translate.py -> need=0  text="AxCsDesignerAnalyzer.MGlobals.PopulateEmptyCaptionTable"
19:07:33  不需要翻译 -> 直接回车
19:07:33  ---------- 第 251 个文本框 ----------
19:07:34  原文: "AxCsDesignerAnalyzer.CRulePropValue.Init"
19:07:34  translate.py -> need=0  text="AxCsDesignerAnalyzer.CRulePropValue.Init"
19:07:34  不需要翻译 -> 直接回车
19:07:35  ---------- 第 252 个文本框 ----------
19:07:35  原文: "AxCsDesignerAnalyzer.CRulePropValue.Process"
19:07:36  translate.py -> need=0  text="AxCsDesignerAnalyzer.CRulePropValue.Process"
19:07:36  不需要翻译 -> 直接回车
19:07:36  ---------- 第 253 个文本框 ----------
19:07:37  原文: "AxCsDesignerAnalyzer.CRulePropValue.EstimateProgressTotalRequirement"
19:07:37  translate.py -> need=0  text="AxCsDesignerAnalyzer.CRulePropValue.EstimateProgressTotalRequirement"
19:07:37  不需要翻译 -> 直接回车
19:07:38  ---------- 第 254 个文本框 ----------
19:07:39  原文: "AxCsDesignerAnalyzer.CRulePropValue.Shutdown"
19:07:39  translate.py -> need=0  text="AxCsDesignerAnalyzer.CRulePropValue.Shutdown"
19:07:39  不需要翻译 -> 直接回车
19:07:39  ---------- 第 255 个文本框 ----------
19:07:40  原文: "AxCsDesignerAnalyzer.FProgressGDA.SetWindowOnTop"
19:07:40  translate.py -> need=0  text="AxCsDesignerAnalyzer.FProgressGDA.SetWindowOnTop"
19:07:40  不需要翻译 -> 直接回车
19:07:41  ---------- 第 256 个文本框 ----------
19:07:42  原文: "AxCsDesignerAnalyzer.FDAOption.cmdCancel_Click"
19:07:42  translate.py -> need=0  text="AxCsDesignerAnalyzer.FDAOption.cmdCancel_Click"
19:07:42  不需要翻译 -> 直接回车
19:07:42  ---------- 第 257 个文本框 ----------
19:07:43  原文: "AxCsDesignerAnalyzer.CControl.FolderID"
19:07:43  translate.py -> need=0  text="AxCsDesignerAnalyzer.CControl.FolderID"
19:07:43  不需要翻译 -> 直接回车
19:07:44  ---------- 第 258 个文本框 ----------
19:07:45  原文: "AxCsDesignerAnalyzer.CControl.Type_"
19:07:45  translate.py -> need=0  text="AxCsDesignerAnalyzer.CControl.Type_"
19:07:45  不需要翻译 -> 直接回车
19:07:45  ---------- 第 259 个文本框 ----------
19:07:46  原文: "AxCsDesignerAnalyzer.CControl.Enabled"
19:07:46  translate.py -> need=0  text="AxCsDesignerAnalyzer.CControl.Enabled"
19:07:46  不需要翻译 -> 直接回车
19:07:47  ---------- 第 260 个文本框 ----------
19:07:48  原文: "CLSID"
19:07:48  translate.py -> need=0  text="CLSID"
19:07:48  不需要翻译 -> 直接回车
19:07:48  ---------- 第 261 个文本框 ----------
19:07:49  原文: "Type"
19:07:50  translate.py -> need=0  text="Type"
19:07:50  不需要翻译 -> 直接回车
19:07:50  ---------- 第 262 个文本框 ----------
19:07:51  原文: "FolderID"
19:07:51  translate.py -> need=0  text="FolderID"
19:07:51  不需要翻译 -> 直接回车
19:07:52  ---------- 第 263 个文本框 ----------
19:07:52  原文: "vb."
19:07:53  translate.py -> need=0  text="vb."
19:07:53  不需要翻译 -> 直接回车
19:07:53  ---------- 第 264 个文本框 ----------
19:07:54  原文: "Color Property Exception"
19:07:55  translate.py -> need=1  text="Color Property Exception"
19:07:57  翻译前基准: "Color Property Exception"
19:07:58  按翻译热键 (第 1 次, step 模式)
19:08:02  译文已稳定
19:08:02  译文: "颜色属性异常"
19:08:02  translateposthtml.py -> "颜色属性异常"
19:08:04  ---------- 第 265 个文本框 ----------
19:08:05  原文: "Enter the color property name to be excepted:"
19:08:06  translate.py -> need=1  text="Enter the color property name to be excepted:"
19:08:08  翻译前基准: "Enter the color property name to be excepted:"
19:08:09  按翻译热键 (第 1 次, step 模式)
19:08:13  译文已稳定
19:08:13  译文: "输入要例外的颜色属性名称："
19:08:13  translateposthtml.py -> "输入要例外的颜色属性名称："
19:08:15  ---------- 第 266 个文本框 ----------
19:08:16  原文: "Property = '"
19:08:16  translate.py -> need=0  text="Property = '"
19:08:16  不需要翻译 -> 直接回车
19:08:17  ---------- 第 267 个文本框 ----------
19:08:17  原文: "CodeSMART"
19:08:18  translate.py -> need=0  text="CodeSMART"
19:08:18  不需要翻译 -> 直接回车
19:08:18  ---------- 第 268 个文本框 ----------
19:08:19  原文: "' already exists."
19:08:20  translate.py -> need=1  text="' already exists."
19:08:22  翻译前基准: "' already exists."
19:08:23  按翻译热键 (第 1 次, step 模式)
19:08:27  译文已稳定
19:08:27  译文: "'已经存在。"
19:08:27  translateposthtml.py -> "'已经存在。"
19:08:29  ---------- 第 269 个文本框 ----------
19:08:30  原文: "AxCsDesignerAnalyzer.FNonSysException.cmdAdd_Click"
19:08:30  translate.py -> need=0  text="AxCsDesignerAnalyzer.FNonSysException.cmdAdd_Click"
19:08:30  不需要翻译 -> 直接回车
19:08:31  ---------- 第 270 个文本框 ----------
19:08:32  原文: "AxCsDesignerAnalyzer.ctlException.GridValue"
19:08:32  translate.py -> need=0  text="AxCsDesignerAnalyzer.ctlException.GridValue"
19:08:32  不需要翻译 -> 直接回车
19:08:32  ---------- 第 271 个文本框 ----------
19:08:33  原文: "FontCharSet"
19:08:33  translate.py -> need=0  text="FontCharSet"
19:08:33  不需要翻译 -> 直接回车
19:08:34  ---------- 第 272 个文本框 ----------
19:08:35  原文: "Settings"
19:08:35  translate.py -> need=0  text="Settings"
19:08:35  不需要翻译 -> 直接回车
19:08:35  ---------- 第 273 个文本框 ----------
19:08:36  原文: "AxCsDesignerAnalyzer.ctlException.UserControl_Initialize"
19:08:36  translate.py -> need=0  text="AxCsDesignerAnalyzer.ctlException.UserControl_Initialize"
19:08:36  不需要翻译 -> 直接回车
19:08:37  ---------- 第 274 个文本框 ----------
19:08:38  原文: "AxCsDesignerAnalyzer.FForeException.cmdCancel_Click"
19:08:38  translate.py -> need=0  text="AxCsDesignerAnalyzer.FForeException.cmdCancel_Click"
19:08:38  不需要翻译 -> 直接回车
19:08:38  ---------- 第 275 个文本框 ----------
19:08:39  原文: "AxCsDesignerAnalyzer.FForeException.cmdHelp_Click"
19:08:39  translate.py -> need=0  text="AxCsDesignerAnalyzer.FForeException.cmdHelp_Click"
19:08:39  不需要翻译 -> 直接回车
19:08:40  ---------- 第 276 个文本框 ----------
19:08:41  原文: "AxCsDesignerAnalyzer.FForeException.cmdHelp_GotFocus"
19:08:41  translate.py -> need=0  text="AxCsDesignerAnalyzer.FForeException.cmdHelp_GotFocus"
19:08:41  不需要翻译 -> 直接回车
19:08:41  ---------- 第 277 个文本框 ----------
19:08:42  原文: "AxCsDesignerAnalyzer.FForeException.cmdCancel_GotFocus"
19:08:43  translate.py -> need=0  text="AxCsDesignerAnalyzer.FForeException.cmdCancel_GotFocus"
19:08:43  不需要翻译 -> 直接回车
19:08:43  ---------- 第 278 个文本框 ----------
19:08:44  原文: "AxCsDesignerAnalyzer.FForeException.cmdStart_Click"
19:08:44  translate.py -> need=0  text="AxCsDesignerAnalyzer.FForeException.cmdStart_Click"
19:08:44  不需要翻译 -> 直接回车
19:08:45  ---------- 第 279 个文本框 ----------
19:08:45  原文: "SELECT * FROM "
19:08:46  translate.py -> need=0  text="SELECT * FROM "
19:08:46  不需要翻译 -> 直接回车
19:08:46  ---------- 第 280 个文本框 ----------
19:08:47  原文: "AxCsDesignerAnalyzer.ctlControlEx.Init"
19:08:47  translate.py -> need=0  text="AxCsDesignerAnalyzer.ctlControlEx.Init"
19:08:47  不需要翻译 -> 直接回车
19:08:48  ---------- 第 281 个文本框 ----------
19:08:48  原文: "AxCsDesignerAnalyzer.FDefaultCancel.Init"
19:08:49  translate.py -> need=0  text="AxCsDesignerAnalyzer.FDefaultCancel.Init"
19:08:49  不需要翻译 -> 直接回车
19:08:49  ---------- 第 282 个文本框 ----------
19:08:50  原文: "AxCsManagers.ctlPaneTitle.Title"
19:08:50  translate.py -> need=0  text="AxCsManagers.ctlPaneTitle.Title"
19:08:50  不需要翻译 -> 直接回车
19:08:51  ---------- 第 283 个文本框 ----------
19:08:51  原文: "AxCsDesignerAnalyzer.CRuleSystemColor.Init"
19:08:52  translate.py -> need=0  text="AxCsDesignerAnalyzer.CRuleSystemColor.Init"
19:08:52  不需要翻译 -> 直接回车
19:08:52  ---------- 第 284 个文本框 ----------
19:08:53  原文: "AxCsDesignerAnalyzer.CRuleSystemColor.EstimateProgressTotalRequirement"
19:08:53  translate.py -> need=0  text="AxCsDesignerAnalyzer.CRuleSystemColor.EstimateProgressTotalRequirement"
19:08:53  不需要翻译 -> 直接回车
19:08:54  ---------- 第 285 个文本框 ----------
19:08:55  原文: "AxCsDesignerAnalyzer.CRuleSystemColor.Process"
19:08:55  translate.py -> need=0  text="AxCsDesignerAnalyzer.CRuleSystemColor.Process"
19:08:55  不需要翻译 -> 直接回车
19:08:55  ---------- 第 286 个文本框 ----------
19:08:56  原文: "AxCsDesignerAnalyzer.CRuleSystemColor.Shutdown"
19:08:56  translate.py -> need=0  text="AxCsDesignerAnalyzer.CRuleSystemColor.Shutdown"
19:08:56  不需要翻译 -> 直接回车
19:08:57  ---------- 第 287 个文本框 ----------
19:08:58  原文: "AxCsDesignerAnalyzer.CRuleSystemColor.IUiAnalyzerRule_EstimateProgressTotalRequirement"
19:08:58  translate.py -> need=0  text="AxCsDesignerAnalyzer.CRuleSystemColor.IUiAnalyzerRule_EstimateProgressTotalRequirement"
19:08:58  不需要翻译 -> 直接回车
19:08:58  ---------- 第 288 个文本框 ----------
19:08:59  原文: "AxCsDesignerAnalyzer.CRuleSystemColor.IUiAnalyzerRule_Init"
19:08:59  translate.py -> need=0  text="AxCsDesignerAnalyzer.CRuleSystemColor.IUiAnalyzerRule_Init"
19:08:59  不需要翻译 -> 直接回车
19:09:00  ---------- 第 289 个文本框 ----------
19:09:01  原文: "AxCsDesignerAnalyzer.CRuleSystemColor.IUiAnalyzerRule_Issue"
19:09:01  translate.py -> need=0  text="AxCsDesignerAnalyzer.CRuleSystemColor.IUiAnalyzerRule_Issue"
19:09:01  不需要翻译 -> 直接回车
19:09:01  ---------- 第 290 个文本框 ----------
19:09:02  原文: "AxCsDesignerAnalyzer.CRuleSystemColor.IUiAnalyzerRule_Process"
19:09:03  translate.py -> need=0  text="AxCsDesignerAnalyzer.CRuleSystemColor.IUiAnalyzerRule_Process"
19:09:03  不需要翻译 -> 直接回车
19:09:03  ---------- 第 291 个文本框 ----------
19:09:04  原文: "AxCsDesignerAnalyzer.CRuleAllCaps.Init"
19:09:04  translate.py -> need=0  text="AxCsDesignerAnalyzer.CRuleAllCaps.Init"
19:09:04  不需要翻译 -> 直接回车
19:09:04  ---------- 第 292 个文本框 ----------
19:09:05  原文: "AxCsDesignerAnalyzer.CRuleFont.Init"
19:09:06  translate.py -> need=0  text="AxCsDesignerAnalyzer.CRuleFont.Init"
19:09:06  不需要翻译 -> 直接回车
19:09:06  ---------- 第 293 个文本框 ----------
19:09:07  原文: "AxCsDesignerAnalyzer.CDesigner.CacheFile"
19:09:07  translate.py -> need=0  text="AxCsDesignerAnalyzer.CDesigner.CacheFile"
19:09:07  不需要翻译 -> 直接回车
19:09:08  ---------- 第 294 个文本框 ----------
19:09:08  原文: "AxCsDesignerAnalyzer.CDesigner.Init"
19:09:09  translate.py -> need=0  text="AxCsDesignerAnalyzer.CDesigner.Init"
19:09:09  不需要翻译 -> 直接回车
19:09:09  ---------- 第 295 个文本框 ----------
19:09:10  原文: "AxCsDesignerAnalyzer.CDesigner.InitForSettings"
19:09:10  translate.py -> need=0  text="AxCsDesignerAnalyzer.CDesigner.InitForSettings"
19:09:10  不需要翻译 -> 直接回车
19:09:11  ---------- 第 296 个文本框 ----------
19:09:12  原文: "AxCsDesignerAnalyzer.CDesigner.ShowSettings"
19:09:12  translate.py -> need=0  text="AxCsDesignerAnalyzer.CDesigner.ShowSettings"
19:09:12  不需要翻译 -> 直接回车
19:09:12  ---------- 第 297 个文本框 ----------
19:09:13  原文: "AxCsDesignerAnalyzer.CDesigner.GetOption"
19:09:13  translate.py -> need=0  text="AxCsDesignerAnalyzer.CDesigner.GetOption"
19:09:13  不需要翻译 -> 直接回车
19:09:14  ---------- 第 298 个文本框 ----------
19:09:15  原文: "AxCsDesignerAnalyzer.CDesigner.LastComponent"
19:09:15  translate.py -> need=0  text="AxCsDesignerAnalyzer.CDesigner.LastComponent"
19:09:15  不需要翻译 -> 直接回车
19:09:15  ---------- 第 299 个文本框 ----------
19:09:16  原文: "AxCsDesignerAnalyzer.CDesigner.LastProject"
19:09:16  translate.py -> need=0  text="AxCsDesignerAnalyzer.CDesigner.LastProject"
19:09:16  不需要翻译 -> 直接回车
19:09:17  ---------- 第 300 个文本框 ----------
19:09:18  原文: "AxCsDesignerAnalyzer.CDesigner.RefreshMode"
19:09:18  translate.py -> need=0  text="AxCsDesignerAnalyzer.CDesigner.RefreshMode"
19:09:18  不需要翻译 -> 直接回车
19:09:18  ---------- 第 301 个文本框 ----------
19:09:19  原文: "OpenAllowed"
19:09:19  translate.py -> need=0  text="OpenAllowed"
19:09:19  不需要翻译 -> 直接回车
19:09:20  ---------- 第 302 个文本框 ----------
19:09:21  原文: "CodeAnalyzer"
19:09:21  translate.py -> need=0  text="CodeAnalyzer"
19:09:21  不需要翻译 -> 直接回车
19:09:21  ---------- 第 303 个文本框 ----------
19:09:22  原文: "AxCsDesignerAnalyzer.CRuleStartupPos.Init"
19:09:23  translate.py -> need=0  text="AxCsDesignerAnalyzer.CRuleStartupPos.Init"
19:09:23  不需要翻译 -> 直接回车
19:09:23  ---------- 第 304 个文本框 ----------
19:09:24  原文: "AxCsDesignerAnalyzer.CRuleStartupPos.Init"
19:09:24  translate.py -> need=0  text="AxCsDesignerAnalyzer.CRuleStartupPos.Init"
19:09:24  不需要翻译 -> 直接回车
19:09:25  ---------- 第 305 个文本框 ----------
19:09:25  原文: "AxCsDesignerAnalyzer.CRuleStartupPos.Init"
19:09:26  translate.py -> need=0  text="AxCsDesignerAnalyzer.CRuleStartupPos.Init"
19:09:26  不需要翻译 -> 直接回车
19:09:26  ---------- 第 306 个文本框 ----------
19:09:27  原文: "AxCsDesignerAnalyzer.CRuleStartupPos.Init"
19:09:27  translate.py -> need=0  text="AxCsDesignerAnalyzer.CRuleStartupPos.Init"
19:09:27  不需要翻译 -> 直接回车
19:09:28  ---------- 第 307 个文本框 ----------
19:09:28  原文: "AxCsDesignerAnalyzer.CRuleStartupPos.Init"
19:09:29  translate.py -> need=0  text="AxCsDesignerAnalyzer.CRuleStartupPos.Init"
19:09:29  不需要翻译 -> 直接回车
19:09:29  ---------- 第 308 个文本框 ----------
19:09:30  原文: "AxCsDesignerAnalyzer.CRuleStartupPos.Init"
19:09:30  translate.py -> need=0  text="AxCsDesignerAnalyzer.CRuleStartupPos.Init"
19:09:30  不需要翻译 -> 直接回车
19:09:31  ---------- 第 309 个文本框 ----------
19:09:32  原文: "AxCsDesignerAnalyzer.CRuleStartupPos.Init"
19:09:32  translate.py -> need=0  text="AxCsDesignerAnalyzer.CRuleStartupPos.Init"
19:09:32  不需要翻译 -> 直接回车
19:09:32  ---------- 第 310 个文本框 ----------
19:09:33  原文: "AxCsDesignerAnalyzer.CRuleStartupPos.Init"
19:09:33  translate.py -> need=0  text="AxCsDesignerAnalyzer.CRuleStartupPos.Init"
19:09:33  不需要翻译 -> 直接回车
19:09:34  ---------- 第 311 个文本框 ----------
19:09:35  原文: "AxCsDesignerAnalyzer.CRuleStartupPos.Init"
19:09:35  translate.py -> need=0  text="AxCsDesignerAnalyzer.CRuleStartupPos.Init"
19:09:35  不需要翻译 -> 直接回车
19:09:35  ---------- 第 312 个文本框 ----------
19:09:36  原文: "AxCsDesignerAnalyzer.CRuleStartupPos.Init"
19:09:36  translate.py -> need=0  text="AxCsDesignerAnalyzer.CRuleStartupPos.Init"
19:09:36  不需要翻译 -> 直接回车
19:09:37  ---------- 第 313 个文本框 ----------
19:09:38  原文: "AxCsDesignerAnalyzer.CRuleStartupPos.Init"
19:09:38  translate.py -> need=0  text="AxCsDesignerAnalyzer.CRuleStartupPos.Init"
19:09:38  不需要翻译 -> 直接回车
19:09:38  ---------- 第 314 个文本框 ----------
19:09:39  原文: "AxCsDesignerAnalyzer.CRuleStartupPos.Init"
19:09:39  translate.py -> need=0  text="AxCsDesignerAnalyzer.CRuleStartupPos.Init"
19:09:39  不需要翻译 -> 直接回车
19:09:40  ---------- 第 315 个文本框 ----------
19:09:41  原文: "AxCsDesignerAnalyzer.CRuleStartupPos.Init"
19:09:41  translate.py -> need=0  text="AxCsDesignerAnalyzer.CRuleStartupPos.Init"
19:09:41  不需要翻译 -> 直接回车
19:09:41  ---------- 第 316 个文本框 ----------
19:09:42  原文: "AxCsDesignerAnalyzer.CRuleStartupPos.Init"
19:09:42  translate.py -> need=0  text="AxCsDesignerAnalyzer.CRuleStartupPos.Init"
19:09:42  不需要翻译 -> 直接回车
19:09:43  ---------- 第 317 个文本框 ----------
19:09:44  原文: "AxCsDesignerAnalyzer.CRuleStartupPos.Init"
19:09:44  translate.py -> need=0  text="AxCsDesignerAnalyzer.CRuleStartupPos.Init"
19:09:44  不需要翻译 -> 直接回车
19:09:44  ---------- 第 318 个文本框 ----------
19:09:45  原文: "AxCsDesignerAnalyzer.CRuleStartupPos.Init"
19:09:45  translate.py -> need=0  text="AxCsDesignerAnalyzer.CRuleStartupPos.Init"
19:09:45  不需要翻译 -> 直接回车
19:09:46  ---------- 第 319 个文本框 ----------
19:09:47  原文: "AxCsDesignerAnalyzer.CRuleStartupPos.Init"
19:09:47  translate.py -> need=0  text="AxCsDesignerAnalyzer.CRuleStartupPos.Init"
19:09:47  不需要翻译 -> 直接回车
19:09:47  ---------- 第 320 个文本框 ----------
19:09:48  原文: "AxCsDesignerAnalyzer.CRuleStartupPos.Init"
19:09:48  translate.py -> need=0  text="AxCsDesignerAnalyzer.CRuleStartupPos.Init"
19:09:48  不需要翻译 -> 直接回车
19:09:49  ---------- 第 321 个文本框 ----------
19:09:50  原文: "AxCsDesignerAnalyzer.CRuleStartupPos.Init"
19:09:50  translate.py -> need=0  text="AxCsDesignerAnalyzer.CRuleStartupPos.Init"
19:09:50  不需要翻译 -> 直接回车
19:09:50  ---------- 第 322 个文本框 ----------
19:09:51  原文: "AxCsDesignerAnalyzer.CRuleStartupPos.Init"
19:09:52  translate.py -> need=0  text="AxCsDesignerAnalyzer.CRuleStartupPos.Init"
19:09:52  不需要翻译 -> 直接回车
19:09:52  ---------- 第 323 个文本框 ----------
19:09:53  原文: "AxCsDesignerAnalyzer.CRuleStartupPos.Init"
19:09:53  translate.py -> need=0  text="AxCsDesignerAnalyzer.CRuleStartupPos.Init"
19:09:53  不需要翻译 -> 直接回车
19:09:53  ---------- 第 324 个文本框 ----------
19:09:54  原文: "AxCsDesignerAnalyzer.CRuleStartupPos.Init"
19:09:55  translate.py -> need=0  text="AxCsDesignerAnalyzer.CRuleStartupPos.Init"
19:09:55  不需要翻译 -> 直接回车
19:09:55  ---------- 第 325 个文本框 ----------
19:09:56  原文: "AxCsDesignerAnalyzer.CRuleStartupPos.Init"
19:09:56  translate.py -> need=0  text="AxCsDesignerAnalyzer.CRuleStartupPos.Init"
19:09:56  不需要翻译 -> 直接回车
19:09:56  ---------- 第 326 个文本框 ----------
19:09:57  原文: "AxCsDesignerAnalyzer.CRuleStartupPos.Init"
19:09:58  translate.py -> need=0  text="AxCsDesignerAnalyzer.CRuleStartupPos.Init"
19:09:58  不需要翻译 -> 直接回车
19:09:58  ---------- 第 327 个文本框 ----------
19:09:59  原文: "AxCsDesignerAnalyzer.CRuleStartupPos.Init"
19:09:59  translate.py -> need=0  text="AxCsDesignerAnalyzer.CRuleStartupPos.Init"
19:09:59  不需要翻译 -> 直接回车
19:10:00  ---------- 第 328 个文本框 ----------
19:10:00  原文: "AxCsDesignerAnalyzer.CRuleStartupPos.Init"
19:10:01  translate.py -> need=0  text="AxCsDesignerAnalyzer.CRuleStartupPos.Init"
19:10:01  不需要翻译 -> 直接回车
19:10:01  ---------- 第 329 个文本框 ----------
19:10:02  原文: "AxCsDesignerAnalyzer.CRuleStartupPos.Init"
19:10:02  translate.py -> need=0  text="AxCsDesignerAnalyzer.CRuleStartupPos.Init"
19:10:02  不需要翻译 -> 直接回车
19:10:03  ---------- 第 330 个文本框 ----------
19:10:03  原文: "AxCsDesignerAnalyzer.CRuleStartupPos.Init"
19:10:04  translate.py -> need=0  text="AxCsDesignerAnalyzer.CRuleStartupPos.Init"
19:10:04  不需要翻译 -> 直接回车
19:10:04  ---------- 第 331 个文本框 ----------
19:10:05  原文: "AxCsDesignerAnalyzer.CRuleStartupPos.Init"
19:10:05  translate.py -> need=0  text="AxCsDesignerAnalyzer.CRuleStartupPos.Init"
19:10:05  不需要翻译 -> 直接回车
19:10:06  ---------- 第 332 个文本框 ----------
19:10:06  原文: "AxCsDesignerAnalyzer.CRuleStartupPos.Init"
19:10:07  translate.py -> need=0  text="AxCsDesignerAnalyzer.CRuleStartupPos.Init"
19:10:07  不需要翻译 -> 直接回车
19:10:07  ---------- 第 333 个文本框 ----------
19:10:08  原文: "AxCsDesignerAnalyzer.CRuleStartupPos.Init"
19:10:08  translate.py -> need=0  text="AxCsDesignerAnalyzer.CRuleStartupPos.Init"
19:10:08  不需要翻译 -> 直接回车
19:10:09  ---------- 第 334 个文本框 ----------
19:10:09  原文: "AxCsDesignerAnalyzer.CRuleStartupPos.Init"
19:10:10  translate.py -> need=0  text="AxCsDesignerAnalyzer.CRuleStartupPos.Init"
19:10:10  不需要翻译 -> 直接回车
19:10:10  ---------- 第 335 个文本框 ----------
19:10:11  原文: "AxCsDesignerAnalyzer.CRuleStartupPos.Init"
19:10:11  translate.py -> need=0  text="AxCsDesignerAnalyzer.CRuleStartupPos.Init"
19:10:11  不需要翻译 -> 直接回车
19:10:12  ---------- 第 336 个文本框 ----------
19:10:12  收到 Esc, 正在停止...
19:10:13  原文: "AxCsDesignerAnalyzer.CRuleStartupPos.Init"
19:10:13  (Esc 中断) translate.py 调用失败 >> 已按 Esc, 中止本次调用
14:04:40  [路径] 脚本目录=D:\buger\Desktop\汉化\autotranslate  python=D:\Program\Python3\python.exe  前处理=D:\buger\Desktop\汉化\autotranslate\translate.py  后处理=D:\buger\Desktop\汉化\autotranslate\translateposthtml.py
14:04:40  [系统参数] 菜单显示延迟(SPI_GETMENUSHOWDELAY)=400ms -> 全选后等待=400ms  消息超时(SPI_GETMESSAGETIMEOUT)=5000ms -> 冲队列上限=5000ms  键盘延迟(SPI_GETKEYBOARDDELAY)=1  前台锁定(SPI_GETFOREGROUNDLOCKTIMEOUT)=2147483647ms  |  按翻译热键前的等待 = 400 + WM_NULL冲队列 + 300ms = 约 700ms  |  热键发法 = step (RAlt按住 150ms, F按住 100ms)  全选核对 = 开  没反应重试 = 1 次  |  自适应等待 = 开 (能确认就提前走, 上限不变)
14:05:58  ========== 开始 (Ctrl+Alt+S) ==========
14:05:58  ---------- 第 1 个文本框 ----------
14:06:01  收到 Esc, 正在停止...
14:06:01  没取到文本 (空文本框或复制失败) -> 直接回车   [取文本 2656ms]
14:06:02  ========== 已停止 (Esc) ==========
14:06:04  ========== 开始 (Ctrl+Alt+S) ==========
14:06:04  ---------- 第 1 个文本框 ----------
14:06:05  原文: "CodeSMART - Potential Problem Sources"   [取文本 188ms]
14:06:06  translate.py -> need=0  text="CodeSMART - Potential Problem Sources"   [python 1078ms]
14:06:06  不需要翻译 -> 直接回车
14:06:06      [回车+等下一个框 469ms]
14:06:06  ---------- 第 2 个文本框 (上一轮共 1.74s) ----------
14:06:06  原文: "Form1"   [取文本 172ms]
14:06:07  translate.py -> need=0  text="Form1"   [python 203ms]
14:06:07  不需要翻译 -> 直接回车
14:06:07      [回车+等下一个框 469ms]
14:06:07  ---------- 第 3 个文本框 (上一轮共 0.86s) ----------
14:06:07  原文: "&Close"   [取文本 219ms]
14:06:07  translate.py -> need=1  text="Close"   [python 187ms]
14:06:08  全选核对(Ctrl+V 第1次): 选中 6..0 / 共 6 字符
14:06:08      ↑ 没有全选, 重来一次
14:06:09  全选核对(Ctrl+V 第2次): 选中 6..0 / 共 6 字符
14:06:09      ↑ 没有全选, 重来一次
14:06:09  !! 全选核对(Ctrl+V): 连续两次都不是全选, 判定该控件不上报选中范围, 以后不再核对
14:06:09  翻译前基准: "Close"   [粘贴 1297ms, 取基准 188ms]
14:06:10  按翻译热键 (第 1 次, step 模式)   [全选+确认 797ms]
14:06:19  收到 Esc, 正在停止...
14:06:19  !! 文本框没有任何变化, 判定这次没翻译成功   [等了 8.61s]
14:06:19  !! 重试 1 次仍无译文, 这次按原文继续 (可能 STranslate 没响应热键)
14:06:19  译文: "Close"
14:06:19  (Esc 中断) translateposthtml.py 调用失败 >> 已按 Esc, 中止本次调用
14:06:21  ========== 开始 (Ctrl+Alt+S) ==========
14:06:22  ---------- 第 1 个文本框 ----------
14:06:22  原文: "Close"   [取文本 172ms]
14:06:22  translate.py -> need=0  text="Close"   [python 188ms]
14:06:22  不需要翻译 -> 直接回车
14:06:23      [回车+等下一个框 468ms]
14:06:23  ---------- 第 2 个文本框 (上一轮共 0.83s) ----------
14:06:23  原文: "Symptoms"   [取文本 172ms]
14:06:23  translate.py -> need=0  text="Symptoms"   [python 250ms]
14:06:23  不需要翻译 -> 直接回车
14:06:24      [回车+等下一个框 453ms]
14:06:24  ---------- 第 3 个文本框 (上一轮共 0.88s) ----------
14:06:24  原文: "<Click on a list item to see a brief problem description here>"   [取文本 172ms]
14:06:25  translate.py -> need=1  text="<Click on a list item to see a brief problem description here>"   [python 906ms]
14:06:26  翻译前基准: "<Click on a list item to see a brief problem description here>"   [粘贴 797ms, 取基准 172ms]
14:06:26  按翻译热键 (第 1 次, step 模式)   [全选+确认 797ms]
14:06:27  收到 Esc, 正在停止...
14:06:28  !! 文本框没有任何变化, 判定这次没翻译成功   [等了 1.20s]
14:06:28  !! 重试 1 次仍无译文, 这次按原文继续 (可能 STranslate 没响应热键)
14:06:28  译文: "<Click on a list item to see a brief problem description here>"
14:06:28  (Esc 中断) translateposthtml.py 调用失败 >> 已按 Esc, 中止本次调用
14:06:42  ========== 开始 (Ctrl+Alt+S) ==========
14:06:42  ---------- 第 1 个文本框 ----------
14:06:42  原文: "CodeSMART - Potential Problem Sources"   [取文本 172ms]
14:06:43  translate.py -> need=0  text="CodeSMART - Potential Problem Sources"   [python 750ms]
14:06:43  不需要翻译 -> 直接回车
14:06:43      [回车+等下一个框 453ms]
14:06:43  ---------- 第 2 个文本框 (上一轮共 1.38s) ----------
14:06:44  原文: "Form1"   [取文本 203ms]
14:06:44  translate.py -> need=0  text="Form1"   [python 187ms]
14:06:44  不需要翻译 -> 直接回车
14:06:44      [回车+等下一个框 469ms]
14:06:44  ---------- 第 3 个文本框 (上一轮共 0.86s) ----------
14:06:44  原文: "Close"   [取文本 172ms]
14:06:45  translate.py -> need=0  text="Close"   [python 188ms]
14:06:45  不需要翻译 -> 直接回车
14:06:45      [回车+等下一个框 453ms]
14:06:45  ---------- 第 4 个文本框 (上一轮共 0.81s) ----------
14:06:45  原文: "Symptoms"   [取文本 172ms]
14:06:45  translate.py -> need=0  text="Symptoms"   [python 187ms]
14:06:45  不需要翻译 -> 直接回车
14:06:46      [回车+等下一个框 453ms]
14:06:46  ---------- 第 5 个文本框 (上一轮共 0.81s) ----------
14:06:46  原文: "<Click on a list item to see a brief problem description here>"   [取文本 172ms]
14:06:47  translate.py -> need=1  text="<Click on a list item to see a brief problem description here>"   [python 750ms]
14:06:48  翻译前基准: "<Click on a list item to see a brief problem description here>"   [粘贴 813ms, 取基准 171ms]
14:06:49  按翻译热键 (第 1 次, step 模式)   [全选+确认 797ms]
14:06:58  收到 Esc, 正在停止...
14:06:58  !! 文本框没有任何变化, 判定这次没翻译成功   [等了 9.31s]
14:06:58  !! 重试 1 次仍无译文, 这次按原文继续 (可能 STranslate 没响应热键)
14:06:58  译文: "<Click on a list item to see a brief problem description here>"
14:06:58  (Esc 中断) translateposthtml.py 调用失败 >> 已按 Esc, 中止本次调用
14:07:06  ========== 开始 (Ctrl+Alt+S) ==========
14:07:06  ---------- 第 1 个文本框 ----------
14:07:06  原文: "CodeSMART - Potential Problem Sources"   [取文本 171ms]
14:07:08  translate.py -> need=0  text="CodeSMART - Potential Problem Sources"   [python 1141ms]
14:07:08  不需要翻译 -> 直接回车
14:07:08      [回车+等下一个框 469ms]
14:07:08  ---------- 第 2 个文本框 (上一轮共 1.80s) ----------
14:07:08  原文: "Form1"   [取文本 188ms]
14:07:08  translate.py -> need=0  text="Form1"   [python 187ms]
14:07:08  不需要翻译 -> 直接回车
14:07:09      [回车+等下一个框 454ms]
14:07:09  ---------- 第 3 个文本框 (上一轮共 0.83s) ----------
14:07:09  原文: "Close"   [取文本 171ms]
14:07:09  translate.py -> need=0  text="Close"   [python 188ms]
14:07:09  不需要翻译 -> 直接回车
14:07:10      [回车+等下一个框 453ms]
14:07:10  ---------- 第 4 个文本框 (上一轮共 0.81s) ----------
14:07:10  原文: "Symptoms"   [取文本 172ms]
14:07:10  translate.py -> need=0  text="Symptoms"   [python 187ms]
14:07:10  不需要翻译 -> 直接回车
14:07:11      [回车+等下一个框 454ms]
14:07:11  ---------- 第 5 个文本框 (上一轮共 0.81s) ----------
14:07:11  原文: "<Click on a list item to see a brief problem description here>"   [取文本 171ms]
14:07:12  translate.py -> need=1  text="<Click on a list item to see a brief problem description here>"   [python 860ms]
14:07:13  翻译前基准: "<Click on a list item to see a brief problem description here>"   [粘贴 797ms, 取基准 172ms]
14:07:13  按翻译热键 (第 1 次, step 模式)   [全选+确认 796ms]
14:07:21  收到 Esc, 正在停止...
14:07:21  !! 文本框没有任何变化, 判定这次没翻译成功   [等了 7.28s]
14:07:21  !! 重试 1 次仍无译文, 这次按原文继续 (可能 STranslate 没响应热键)
14:07:21  译文: "<Click on a list item to see a brief problem description here>"
14:07:21  (Esc 中断) translateposthtml.py 调用失败 >> 已按 Esc, 中止本次调用
14:16:53  ========== 开始 (Ctrl+Alt+S) ==========
14:16:54  ---------- 第 1 个文本框 ----------
14:16:54  原文: "CodeSMART - Potential Problem Sources"   [取文本 172ms]
14:16:55  translate.py -> need=0  text="CodeSMART - Potential Problem Sources"   [python 938ms]
14:16:55  不需要翻译 -> 直接回车
14:16:55      [回车+等下一个框 453ms]
14:16:55  ---------- 第 2 个文本框 (上一轮共 1.56s) ----------
14:16:55  原文: "Form1"   [取文本 172ms]
14:16:56  translate.py -> need=0  text="Form1"   [python 187ms]
14:16:56  不需要翻译 -> 直接回车
14:16:56      [回车+等下一个框 469ms]
14:16:56  ---------- 第 3 个文本框 (上一轮共 0.83s) ----------
14:16:56  原文: "Close"   [取文本 172ms]
14:16:56  translate.py -> need=0  text="Close"   [python 187ms]
14:16:56  不需要翻译 -> 直接回车
14:16:57      [回车+等下一个框 469ms]
14:16:57  ---------- 第 4 个文本框 (上一轮共 0.83s) ----------
14:16:57  原文: "Symptoms"   [取文本 172ms]
14:16:57  translate.py -> need=0  text="Symptoms"   [python 219ms]
14:16:57  不需要翻译 -> 直接回车
14:16:58      [回车+等下一个框 468ms]
14:16:58  ---------- 第 5 个文本框 (上一轮共 0.86s) ----------
14:16:58  原文: "<Click on a list item to see a brief problem description here>"   [取文本 172ms]
14:16:59  translate.py -> need=1  text="<Click on a list item to see a brief problem description here>"   [python 1016ms]
14:17:00  翻译前基准: "<Click on a list item to see a brief problem description here>"   [粘贴 797ms, 取基准 172ms]
14:17:01  按翻译热键 (第 1 次, step 模式)   [全选+确认 796ms]
14:17:07  收到 Esc, 正在停止...
14:17:07  !! 文本框没有任何变化, 判定这次没翻译成功   [等了 5.97s]
14:17:07  !! 重试 1 次仍无译文, 这次按原文继续 (可能 STranslate 没响应热键)
14:17:07  译文: "<Click on a list item to see a brief problem description here>"
14:17:07  (Esc 中断) translateposthtml.py 调用失败 >> 已按 Esc, 中止本次调用
14:23:07  ========== 开始 (Ctrl+Alt+S) ==========
14:23:07  ---------- 第 1 个文本框 ----------
14:23:07  原文: "CodeSMART - Potential Problem Sources"   [取文本 172ms]
14:23:08  translate.py -> need=0  text="CodeSMART - Potential Problem Sources"   [python 1031ms]
14:23:08  不需要翻译 -> 直接回车
14:23:09      [回车+等下一个框 469ms]
14:23:09  ---------- 第 2 个文本框 (上一轮共 1.67s) ----------
14:23:09  原文: "Form1"   [取文本 172ms]
14:23:09  translate.py -> need=0  text="Form1"   [python 187ms]
14:23:09  不需要翻译 -> 直接回车
14:23:09      [回车+等下一个框 453ms]
14:23:09  ---------- 第 3 个文本框 (上一轮共 0.81s) ----------
14:23:10  原文: "Close"   [取文本 172ms]
14:23:10  translate.py -> need=0  text="Close"   [python 203ms]
14:23:10  不需要翻译 -> 直接回车
14:23:10      [回车+等下一个框 454ms]
14:23:10  ---------- 第 4 个文本框 (上一轮共 0.84s) ----------
14:23:10  原文: "Symptoms"   [取文本 188ms]
14:23:11  translate.py -> need=0  text="Symptoms"   [python 187ms]
14:23:11  不需要翻译 -> 直接回车
14:23:11      [回车+等下一个框 453ms]
14:23:11  ---------- 第 5 个文本框 (上一轮共 0.83s) ----------
14:23:11  原文: "<Click on a list item to see a brief problem description here>"   [取文本 172ms]
14:23:12  translate.py -> need=1  text="<Click on a list item to see a brief problem description here>"   [python 906ms]
14:23:13  翻译前基准: "<Click on a list item to see a brief problem description here>"   [粘贴 813ms, 取基准 172ms]
14:23:14  按翻译热键 (第 1 次, step 模式)   [全选+确认 812ms]
14:23:24  收到 Esc, 正在停止...
14:23:24  !! 文本框没有任何变化, 判定这次没翻译成功   [等了 9.97s]
14:23:24  !! 重试 1 次仍无译文, 这次按原文继续 (可能 STranslate 没响应热键)
14:23:24  译文: "<Click on a list item to see a brief problem description here>"
14:23:24  (Esc 中断) translateposthtml.py 调用失败 >> 已按 Esc, 中止本次调用
14:25:08  [路径] 脚本目录=D:\buger\Desktop\汉化\autotranslate  python=D:\Program\Python3\python.exe  前处理=D:\buger\Desktop\汉化\autotranslate\translate.py  后处理=D:\buger\Desktop\汉化\autotranslate\translateposthtml.py
14:25:08  [系统参数] 菜单显示延迟(SPI_GETMENUSHOWDELAY)=400ms -> 全选后等待=400ms  消息超时(SPI_GETMESSAGETIMEOUT)=5000ms -> 冲队列上限=5000ms  键盘延迟(SPI_GETKEYBOARDDELAY)=1  前台锁定(SPI_GETFOREGROUNDLOCKTIMEOUT)=2147483647ms  |  按翻译热键前的等待 = 400 + WM_NULL冲队列 + 300ms = 约 700ms  |  热键发法 = step (RAlt按住 150ms, F按住 100ms)  全选核对 = 关  没反应重试 = 1 次  |  自适应等待 = 关 (固定 Sleep)  |  止损: 失败过的文本跳过 = 开, 连续失败 3 次就停
14:25:13  ========== 开始 (Ctrl+Alt+S) ==========
14:25:14  ---------- 第 1 个文本框 ----------
14:25:14  原文: "<Click on a list item to see a brief problem description here>"   [取文本 828ms]
14:25:16  translate.py -> need=1  text="<Click on a list item to see a brief problem description here>"   [python 1078ms]
14:25:18  翻译前基准: "<Click on a list item to see a brief problem description here>"   [粘贴 1297ms, 取基准 828ms]
14:25:19  按翻译热键 (第 1 次, step 模式)   [全选+确认 1297ms]
14:25:27  收到 Esc, 正在停止...
14:25:27  !! 文本框没有任何变化, 判定这次没翻译成功   [等了 7.89s, 轮询 5 次]
14:25:27  !! 重试 1 次仍无译文, 这次按原文继续 (可能 STranslate 没响应热键)   [本会话累计连续失败 1 次]
14:25:27  译文: "<Click on a list item to see a brief problem description here>"
14:25:27  (Esc 中断) translateposthtml.py 调用失败 >> 已按 Esc, 中止本次调用
14:27:45  [路径] 脚本目录=D:\buger\Desktop\汉化\autotranslate  python=D:\Program\Python3\python.exe  前处理=D:\buger\Desktop\汉化\autotranslate\translate.py  后处理=D:\buger\Desktop\汉化\autotranslate\translateposthtml.py
14:27:45  ===== 脚本版本 2026-10-06 回退自适应+三道止损 =====
14:27:45  [系统参数] 菜单显示延迟(SPI_GETMENUSHOWDELAY)=400ms -> 全选后等待=400ms  消息超时(SPI_GETMESSAGETIMEOUT)=5000ms -> 冲队列上限=5000ms  键盘延迟(SPI_GETKEYBOARDDELAY)=1  前台锁定(SPI_GETFOREGROUNDLOCKTIMEOUT)=2147483647ms  |  按翻译热键前的等待 = 400 + WM_NULL冲队列 + 300ms = 约 700ms  |  热键发法 = step (RAlt按住 150ms, F按住 100ms)  全选核对 = 关  没反应重试 = 1 次  |  自适应等待 = 关 (固定 Sleep)  |  止损: 失败过的文本跳过 = 开, 连续失败 3 次就停, 跳过正则 = ^<[^<>]*>$
14:27:53  ========== 开始 (Ctrl+Alt+S) ==========
14:27:54  ---------- 第 1 个文本框 ----------
14:27:55  原文: "<Click on a list item to see a brief problem description here>"   [取文本 828ms]
14:27:55  translate.py -> need=1  text="<Click on a list item to see a brief problem description here>"   [python 813ms]
14:27:55  这个文本匹配 SKIP_TRANS_PATTERN (翻译器会原样返回) -> 跳过翻译, 直接回车
14:27:56      [回车+等下一个框 453ms]
14:27:56  ---------- 第 2 个文本框 (上一轮共 2.13s) ----------
14:27:57  原文: "&Do \bnot \bshow this message \bagain."   [取文本 859ms]
14:27:57  translate.py -> need=1  text="Do <strong>not</strong> <strong>show</strong> this message <strong>again</strong>."   [python 188ms]
14:27:59  翻译前基准: "Do <strong>not</strong> <strong>show</strong> this message <strong>again</strong>."   [粘贴 1297ms, 取基准 828ms]
14:28:00  按翻译热键 (第 1 次, step 模式)   [全选+确认 1297ms]
14:28:03      第 1 次轮询看到内容变了
14:28:04  译文已稳定 (轮询 2 次)
14:28:04      [等译文 3.39s, 轮询 2 次]
14:28:04  译文: "<strong></strong><strong>不再</strong><strong>显示</strong>此消息。"
14:28:04  translateposthtml.py -> "\b不再 \b显示 此消息。"   [python 94ms]
14:28:06      [粘回译文 1312ms]
14:28:06      [回车+等下一个框 453ms]
14:28:06  ---------- 第 3 个文本框 (上一轮共 10.28s) ----------
14:28:07  原文: "The \bfollowing \btools found on your system may cause problems when \bloaded at the same time with \bCodeSMART \b2013 \bfor \bVB6:"   [取文本 844ms]
14:28:08  translate.py -> need=1  text="The <strong>following</strong> <strong>tools</strong> found on your system may cause problems when <strong>loaded</strong> at the same time with <strong>CodeSMART</strong> <strong>2013</strong> <strong>for</strong> <strong>VB6</strong>:"   [python 797ms]
14:28:12  翻译前基准: "The <strong>following</strong> <strong>tools</strong> found on your system may cause problems when <strong>loaded</strong> at the same time with <strong>CodeSMART</strong> <strong>2013</strong> <strong>for</strong> <strong>VB6</strong>:"   [粘贴 1297ms, 取基准 2672ms]
14:28:12  收到 Esc, 正在停止...
14:28:13  按翻译热键 (第 1 次, step 模式)   [全选+确认 1297ms]
14:28:15  !! 文本框没有任何变化, 判定这次没翻译成功   [等了 1.20s, 轮询 0 次]
14:28:15  !! 重试 1 次仍无译文, 这次按原文继续 (可能 STranslate 没响应热键)   [本会话累计连续失败 1 次]
14:28:15  译文: "The <strong>following</strong> <strong>tools</strong> found on your system may cause problems when <strong>loaded</strong> at the same time with <strong>CodeSMART</strong> <strong>2013</strong> <strong>for</strong> <strong>VB6</strong>:"
14:28:15  (Esc 中断) translateposthtml.py 调用失败 >> 已按 Esc, 中止本次调用
14:28:21  ========== 开始 (Ctrl+Alt+S) ==========
14:28:22  ---------- 第 1 个文本框 ----------
14:28:23  原文: "The \bfollowing \btools found on your system may cause problems when \bloaded at the same time with \bCodeSMART \b2013 \bfor \bVB6:"   [取文本 860ms]
14:28:23  translate.py -> need=1  text="The <strong>following</strong> <strong>tools</strong> found on your system may cause problems when <strong>loaded</strong> at the same time with <strong>CodeSMART</strong> <strong>2013</strong> <strong>for</strong> <strong>VB6</strong>:"   [python 859ms]
14:28:26  收到 Esc, 正在停止...
14:28:27  翻译前基准: "The <strong>following</strong> <strong>tools</strong> found on your system may cause problems when <strong>loaded</strong> at the same time with <strong>CodeSMART</strong> <strong>2013</strong> <strong>for</strong> <strong>VB6</strong>:"   [粘贴 1297ms, 取基准 2672ms]
14:28:27  !! 重试 1 次仍无译文, 这次按原文继续 (可能 STranslate 没响应热键)   [本会话累计连续失败 1 次]
14:28:27  译文: "The <strong>following</strong> <strong>tools</strong> found on your system may cause problems when <strong>loaded</strong> at the same time with <strong>CodeSMART</strong> <strong>2013</strong> <strong>for</strong> <strong>VB6</strong>:"
14:28:27  (Esc 中断) translateposthtml.py 调用失败 >> 已按 Esc, 中止本次调用
14:28:41  ========== 开始 (Ctrl+Alt+S) ==========
14:28:42  ---------- 第 1 个文本框 ----------
14:28:42  原文: "The \bfollowing \btools found on your system may cause problems when \bloaded at the same time with \bCodeSMART \b2013 \bfor \bVB6:"   [取文本 828ms]
14:28:43  translate.py -> need=1  text="The <strong>following</strong> <strong>tools</strong> found on your system may cause problems when <strong>loaded</strong> at the same time with <strong>CodeSMART</strong> <strong>2013</strong> <strong>for</strong> <strong>VB6</strong>:"   [python 844ms]
14:28:45  翻译前基准: "The <strong>following</strong> <strong>tools</strong> found on your system may cause problems when <strong>loaded</strong> at the same time with <strong>CodeSMART</strong> <strong>2013</strong> <strong>for</strong> <strong>VB6</strong>:"   [粘贴 1297ms, 取基准 828ms]
14:28:47  按翻译热键 (第 1 次, step 模式)   [全选+确认 1313ms]
14:28:49      第 1 次轮询看到内容变了
14:28:51  译文已稳定 (轮询 2 次)
14:28:51      [等译文 3.38s, 轮询 2 次]
14:28:51  译文: "您系统上的<strong>以下</strong><strong>工具</strong>在与<strong>CodeSMART</strong><strong>2013</strong><strong>for</strong><strong>VB6</strong>同时<strong>加载</strong>时可能会导致问题："
14:28:51  translateposthtml.py -> "您系统上的\b以下 \b工具 在与\bCodeSMART \b2013 \bfor \bVB6 同时\b加载 时可能会导致问题："   [python 94ms]
14:28:52      [粘回译文 1297ms]
14:28:52      [回车+等下一个框 453ms]
14:28:52  ---------- 第 2 个文本框 (上一轮共 10.89s) ----------
14:28:53  原文: "AxCSDiag2k5Lite.CDiagLite.Init"   [取文本 828ms]
14:28:53  translate.py -> need=0  text="AxCSDiag2k5Lite.CDiagLite.Init"   [python 187ms]
14:28:53  不需要翻译 -> 直接回车
14:28:54      [回车+等下一个框 453ms]
14:28:54  ---------- 第 3 个文本框 (上一轮共 1.50s) ----------
14:28:55  原文: ") '"   [取文本 828ms]
14:28:55  translate.py -> need=0  text=") '"   [python 187ms]
14:28:55  不需要翻译 -> 直接回车
14:28:55      [回车+等下一个框 454ms]
14:28:55  ---------- 第 4 个文本框 (上一轮共 1.48s) ----------
14:28:56  原文: "AxCSDiag2k5Lite.FWarning.GetOption"   [取文本 860ms]
14:28:57  translate.py -> need=0  text="AxCSDiag2k5Lite.FWarning.GetOption"   [python 203ms]
14:28:57  不需要翻译 -> 直接回车
14:28:57  收到 Esc, 正在停止...
14:28:57      [回车+等下一个框 453ms]
14:28:57  ========== 已停止 (Esc) ==========
14:40:14  [路径] 脚本目录=D:\buger\Desktop\汉化\autotranslate  python=D:\Program\Python3\python.exe  前处理=D:\buger\Desktop\汉化\autotranslate\translate.py  后处理=D:\buger\Desktop\汉化\autotranslate\translateposthtml.py
14:40:14  ===== 脚本版本 2026-10-06c 压缩等待(等译文2.5s/粘贴后与回车后不等/取文本不等) =====
14:40:14  [系统参数] 菜单显示延迟(SPI_GETMENUSHOWDELAY)=400ms -> 全选后等待=400ms  消息超时(SPI_GETMESSAGETIMEOUT)=5000ms -> 冲队列上限=5000ms  键盘延迟(SPI_GETKEYBOARDDELAY)=1  前台锁定(SPI_GETFOREGROUNDLOCKTIMEOUT)=2147483647ms  |  按翻译热键前的等待 = 400 + WM_NULL冲队列 + 300ms = 约 700ms  |  热键发法 = step (RAlt按住 150ms, F按住 100ms)  全选核对 = 关  没反应重试 = 1 次  |  自适应等待 = 关 (固定 Sleep)  |  止损: 失败过的文本跳过 = 开, 连续失败 3 次就停, 跳过正则 = ^<[^<>]*>$  |  等待: 取文本0ms/剪贴板上限600ms/粘贴后0ms/回车后0ms/等译文2500ms(+稳定期3000ms)
14:42:06  ========== 开始 (Ctrl+Alt+S) ==========
14:42:07  ---------- 第 1 个文本框 ----------
14:42:07  原文: "Add New Code Snippet - by CodeSMART"   [取文本 672ms]
14:42:08  translate.py -> need=1  text="Add New Code Snippet - by CodeSMART"   [python 1000ms]
14:42:10  翻译前基准: "Add New Code Snippet - by CodeSMART"   [粘贴 1188ms, 取基准 672ms]
14:42:11  按翻译热键 (第 1 次, step 模式)   [全选+确认 1296ms]
14:42:14      第 1 次轮询看到内容变了
14:42:15  译文已稳定 (轮询 2 次)
14:42:15      [等译文 3.06s, 轮询 2 次]
14:42:15  译文: "添加新的代码嗅探器-通过CodeSMART"
14:42:15  translateposthtml.py -> "添加新的代码嗅探器-通过CodeSMART"   [python 94ms]
14:42:16      [粘回译文 1140ms]
14:42:16      [回车+等下一个框 47ms]
14:42:16  ---------- 第 2 个文本框 (上一轮共 9.72s) ----------
14:42:17  原文: "Form1"   [取文本 672ms]
14:42:17  translate.py -> need=0  text="Form1"   [python 203ms]
14:42:17  不需要翻译 -> 直接回车
14:42:17      [回车+等下一个框 47ms]
14:42:17  ---------- 第 3 个文本框 (上一轮共 0.92s) ----------
14:42:18  原文: "Here is the code snippets folder hierarchy. Please choose an existing folder or create a new one to specify the new code snippets location."   [取文本 703ms]
14:42:19  translate.py -> need=1  text="Here is the code snippets folder hierarchy. Please choose an existing folder or create a new one to specify the new code snippets location."   [python 984ms]
14:42:21  翻译前基准: "Here is the code snippets folder hierarchy. Please choose an existing folder or create a new one to specify the new code snippets location."   [粘贴 1172ms, 取基准 672ms]
14:42:22  按翻译热键 (第 1 次, step 模式)   [全选+确认 1297ms]
14:42:25      第 1 次轮询看到内容变了
14:42:26  译文已稳定 (轮询 2 次)
14:42:26      [等译文 3.06s, 轮询 2 次]
14:42:26  译文: "下面是代码段文件夹层次结构。请选择现有文件夹或创建新文件夹以指定新代码段位置。"
14:42:26  translateposthtml.py -> "下面是代码段文件夹层次结构。请选择现有文件夹或创建新文件夹以指定新代码段位置。"   [python 110ms]
14:42:27      [粘回译文 1156ms]
14:42:27      [回车+等下一个框 47ms]
14:42:27  ---------- 第 4 个文本框 (上一轮共 9.75s) ----------
14:42:28  原文: "Hint:"   [取文本 687ms]
14:42:29  translate.py -> need=1  text="Hint:"   [python 813ms]
14:42:30  翻译前基准: "Hint:"   [粘贴 1141ms, 取基准 671ms]
14:42:32  按翻译热键 (第 1 次, step 模式)   [全选+确认 1297ms]
14:42:34      第 1 次轮询看到内容变了
14:42:35  译文已稳定 (轮询 2 次)
14:42:35      [等译文 3.05s, 轮询 2 次]
14:42:35  译文: "提示："
14:42:35  translateposthtml.py -> "提示："   [python 94ms]
14:42:36      [粘回译文 1156ms]
14:42:37      [回车+等下一个框 63ms]
14:42:37  ---------- 第 5 个文本框 (上一轮共 9.53s) ----------
14:42:37  原文: "Use this dialog to create a new code snippet from the currently selected code and to specify the category where it should belong."   [取文本 672ms]
14:42:38  translate.py -> need=1  text="Use this dialog to create a new code snippet from the currently selected code and to specify the category where it should belong."   [python 906ms]
14:42:40  翻译前基准: "Use this dialog to create a new code snippet from the currently selected code and to specify the category where it should belong."   [粘贴 1141ms, 取基准 672ms]
14:42:41  按翻译热键 (第 1 次, step 模式)   [全选+确认 1312ms]
14:42:44      第 1 次轮询看到内容变了
14:42:45  译文已稳定 (轮询 2 次)
14:42:45      [等译文 3.09s, 轮询 2 次]
14:42:45  译文: "使用此对话框可以从当前选定的代码创建新的代码段，并指定它应属于的类别。"
14:42:45  translateposthtml.py -> "使用此对话框可以从当前选定的代码创建新的代码段，并指定它应属于的类别。"   [python 94ms]
14:42:46      [粘回译文 1140ms]
14:42:46      [回车+等下一个框 63ms]
14:42:46  ---------- 第 6 个文本框 (上一轮共 9.64s) ----------
14:42:47  原文: "New Code Piece"   [取文本 672ms]
14:42:48  translate.py -> need=1  text="New Code Piece"   [python 859ms]
14:42:50  翻译前基准: "New Code Piece"   [粘贴 1172ms, 取基准 672ms]
14:42:51  按翻译热键 (第 1 次, step 模式)   [全选+确认 1297ms]
14:42:53      第 1 次轮询看到内容变了
14:42:54  译文已稳定 (轮询 2 次)
14:42:54      [等译文 3.05s, 轮询 2 次]
14:42:54  译文: "新代码段"
14:42:55  translateposthtml.py -> "新代码段"   [python 125ms]
14:42:56      [粘回译文 1157ms]
14:42:56      [回车+等下一个框 47ms]
14:42:56  ---------- 第 7 个文本框 (上一轮共 9.59s) ----------
14:42:56  原文: "&Help"   [取文本 671ms]
14:42:57  translate.py -> need=1  text="Help"   [python 235ms]
14:42:59  翻译前基准: "Help"   [粘贴 1140ms, 取基准 688ms]
14:43:00  按翻译热键 (第 1 次, step 模式)   [全选+确认 1297ms]
14:43:02      第 1 次轮询看到内容变了
14:43:03  译文已稳定 (轮询 2 次)
14:43:03      [等译文 3.05s, 轮询 2 次]
14:43:03  译文: "帮助"
14:43:04  translateposthtml.py -> "帮助"   [python 93ms]
14:43:05      [粘回译文 1141ms]
14:43:05      [回车+等下一个框 47ms]
14:43:05  ---------- 第 8 个文本框 (上一轮共 8.91s) ----------
14:43:05  原文: "&Cancel"   [取文本 687ms]
14:43:06  translate.py -> need=1  text="Cancel"   [python 250ms]
14:43:07  翻译前基准: "Cancel"   [粘贴 1157ms, 取基准 671ms]
14:43:09  按翻译热键 (第 1 次, step 模式)   [全选+确认 1297ms]
14:43:11      第 1 次轮询看到内容变了
14:43:12  译文已稳定 (轮询 2 次)
14:43:12      [等译文 3.05s, 轮询 2 次]
14:43:12  译文: "取消"
14:43:12  translateposthtml.py -> "取消"   [python 109ms]
14:43:14      [粘回译文 1157ms]
14:43:14      [回车+等下一个框 47ms]
14:43:14  ---------- 第 9 个文本框 (上一轮共 8.97s) ----------
14:43:14  原文: "&OK"   [取文本 671ms]
14:43:15  translate.py -> need=1  text="OK"   [python 204ms]
14:43:16  翻译前基准: "OK"   [粘贴 1156ms, 取基准 672ms]
14:43:18  按翻译热键 (第 1 次, step 模式)   [全选+确认 1297ms]
14:43:20      第 1 次轮询看到内容变了
14:43:21  译文已稳定 (轮询 2 次)
14:43:21      [等译文 3.05s, 轮询 2 次]
14:43:21  译文: "好"
14:43:21  translateposthtml.py -> "好"   [python 93ms]
14:43:23      [粘回译文 1141ms]
14:43:23      [回车+等下一个框 47ms]
14:43:23  ---------- 第 10 个文本框 (上一轮共 8.91s) ----------
14:43:23  原文: "Add New Designer Template - by CodeSMART"   [取文本 719ms]
14:43:24  translate.py -> need=1  text="Add New Designer Template - by CodeSMART"   [python 875ms]
14:43:26  翻译前基准: "Add New Designer Template - by CodeSMART"   [粘贴 1140ms, 取基准 688ms]
14:43:27  按翻译热键 (第 1 次, step 模式)   [全选+确认 1297ms]
14:43:30      第 1 次轮询看到内容变了
14:43:31  译文已稳定 (轮询 2 次)
14:43:31      [等译文 3.06s, 轮询 2 次]
14:43:31  译文: "添加新的设计器模板-通过CodeSMART"
14:43:31  translateposthtml.py -> "添加新的设计器模板-通过CodeSMART"   [python 141ms]
14:43:32      [粘回译文 1171ms]
14:43:32      [回车+等下一个框 47ms]
14:43:32  ---------- 第 11 个文本框 (上一轮共 9.69s) ----------
14:43:33  原文: "Form1"   [取文本 672ms]
14:43:33  translate.py -> need=0  text="Form1"   [python 235ms]
14:43:33  不需要翻译 -> 直接回车
14:43:33      [回车+等下一个框 62ms]
14:43:33  ---------- 第 12 个文本框 (上一轮共 0.97s) ----------
14:43:34  原文: "&OK"   [取文本 672ms]
14:43:34  translate.py -> need=1  text="OK"   [python 219ms]
14:43:36  翻译前基准: "OK"   [粘贴 1140ms, 取基准 672ms]
14:43:37  按翻译热键 (第 1 次, step 模式)   [全选+确认 1297ms]
14:43:40      第 1 次轮询看到内容变了
14:43:41  译文已稳定 (轮询 2 次)
14:43:41      [等译文 3.05s, 轮询 2 次]
14:43:41  译文: "好"
14:43:41  translateposthtml.py -> "好"   [python 94ms]
14:43:42      [粘回译文 1140ms]
14:43:42      [回车+等下一个框 47ms]
14:43:42  ---------- 第 13 个文本框 (上一轮共 8.88s) ----------
14:43:43  原文: "&Cancel"   [取文本 672ms]
14:43:43  translate.py -> need=1  text="Cancel"   [python 187ms]
14:43:45  翻译前基准: "Cancel"   [粘贴 1157ms, 取基准 672ms]
14:43:46  按翻译热键 (第 1 次, step 模式)   [全选+确认 1296ms]
14:43:49      第 1 次轮询看到内容变了
14:43:50  译文已稳定 (轮询 2 次)
14:43:50      [等译文 3.06s, 轮询 2 次]
14:43:50  译文: "取消"
14:43:50  translateposthtml.py -> "取消"   [python 109ms]
14:43:51      [粘回译文 1141ms]
14:43:51      [回车+等下一个框 47ms]
14:43:51  ---------- 第 14 个文本框 (上一轮共 8.89s) ----------
14:43:52  原文: "&Help"   [取文本 672ms]
14:43:52  translate.py -> need=1  text="Help"   [python 187ms]
14:43:54  翻译前基准: "Help"   [粘贴 1141ms, 取基准 672ms]
14:43:55  按翻译热键 (第 1 次, step 模式)   [全选+确认 1296ms]
14:43:57      第 1 次轮询看到内容变了
14:43:59  译文已稳定 (轮询 2 次)
14:43:59      [等译文 3.06s, 轮询 2 次]
14:43:59  译文: "帮助"
14:43:59  translateposthtml.py -> "帮助"   [python 125ms]
14:44:00      [粘回译文 1156ms]
14:44:00      [回车+等下一个框 47ms]
14:44:00  ---------- 第 15 个文本框 (上一轮共 8.91s) ----------
14:44:01  原文: "New Template"   [取文本 687ms]
14:44:02  translate.py -> need=1  text="New Template"   [python 954ms]
14:44:03  翻译前基准: "New Template"   [粘贴 1140ms, 取基准 672ms]
14:44:05  按翻译热键 (第 1 次, step 模式)   [全选+确认 1313ms]
14:44:07      第 1 次轮询看到内容变了
14:44:08  译文已稳定 (轮询 2 次)
14:44:08      [等译文 3.05s, 轮询 2 次]
14:44:08  译文: "新模板"
14:44:08  translateposthtml.py -> "新模板"   [python 94ms]
14:44:09      [粘回译文 1141ms]
14:44:10      [回车+等下一个框 62ms]
14:44:10  ---------- 第 16 个文本框 (上一轮共 9.66s) ----------
14:44:10  原文: "Use this dialog to create a new designer template from the currently selected controls and to specify the category where it should belong."   [取文本 672ms]
14:44:11  translate.py -> need=1  text="Use this dialog to create a new designer template from the currently selected controls and to specify the category where it should belong."   [python 797ms]
14:44:13  翻译前基准: "Use this dialog to create a new designer template from the currently selected controls and to specify the category where it should belong."   [粘贴 1141ms, 取基准 687ms]
14:44:14  按翻译热键 (第 1 次, step 模式)   [全选+确认 1297ms]
14:44:17      第 1 次轮询看到内容变了
14:44:18  译文已稳定 (轮询 2 次)
14:44:18      [等译文 3.08s, 轮询 2 次]
14:44:18  译文: "使用此对话框可以从当前选定的控件创建新的设计器模板，并指定它应属于的类别。"
14:44:18  translateposthtml.py -> "使用此对话框可以从当前选定的控件创建新的设计器模板，并指定它应属于的类别。"   [python 46ms]
14:44:19      [粘回译文 1141ms]
14:44:19      [回车+等下一个框 47ms]
14:44:19  ---------- 第 17 个文本框 (上一轮共 9.47s) ----------
14:44:20  原文: "Hint:"   [取文本 672ms]
14:44:21  translate.py -> need=1  text="Hint:"   [python 828ms]
14:44:22  翻译前基准: "Hint:"   [粘贴 1156ms, 取基准 672ms]
14:44:24  按翻译热键 (第 1 次, step 模式)   [全选+确认 1297ms]
14:44:26      第 1 次轮询看到内容变了
14:44:27  译文已稳定 (轮询 2 次)
14:44:27      [等译文 3.06s, 轮询 2 次]
14:44:27  译文: "提示："
14:44:27  translateposthtml.py -> "提示："   [python 94ms]
14:44:29      [粘回译文 1172ms]
14:44:29      [回车+等下一个框 47ms]
14:44:29  ---------- 第 18 个文本框 (上一轮共 9.55s) ----------
14:44:29  原文: "Hint text here"   [取文本 672ms]
14:44:30  translate.py -> need=1  text="Hint text here"   [python 843ms]
14:44:32  翻译前基准: "Hint text here"   [粘贴 1141ms, 取基准 672ms]
14:44:33  按翻译热键 (第 1 次, step 模式)   [全选+确认 1312ms]
14:44:36      第 1 次轮询看到内容变了
14:44:37  译文已稳定 (轮询 2 次)
14:44:37      [等译文 3.06s, 轮询 2 次]
14:44:37  译文: "在此处提示文本"
14:44:37  translateposthtml.py -> "在此处提示文本"   [python 109ms]
14:44:38      [粘回译文 1141ms]
14:44:38      [回车+等下一个框 47ms]
14:44:38  ---------- 第 19 个文本框 (上一轮共 9.55s) ----------
14:44:39  原文: "Preview Host"   [取文本 672ms]
14:44:40  translate.py -> need=0  text="Preview Host"   [python 890ms]
14:44:40  不需要翻译 -> 直接回车
14:44:40      [回车+等下一个框 63ms]
14:44:40  ---------- 第 20 个文本框 (上一轮共 1.63s) ----------
14:44:40  原文: "Form2"   [取文本 687ms]
14:44:41  translate.py -> need=0  text="Form2"   [python 188ms]
14:44:41  不需要翻译 -> 直接回车
14:44:41      [回车+等下一个框 47ms]
14:44:41  ---------- 第 21 个文本框 (上一轮共 0.92s) ----------
14:44:41  原文: "Caption"   [取文本 671ms]
14:44:42  translate.py -> need=0  text="Caption"   [python 204ms]
14:44:42  不需要翻译 -> 直接回车
14:44:42      [回车+等下一个框 46ms]
14:44:42  ---------- 第 22 个文本框 (上一轮共 0.94s) ----------
14:44:42  原文: "Label1"   [取文本 672ms]
14:44:42  translate.py -> need=0  text="Label1"   [python 187ms]
14:44:42  不需要翻译 -> 直接回车
14:44:43      [回车+等下一个框 47ms]
14:44:43  ---------- 第 23 个文本框 (上一轮共 0.91s) ----------
14:44:43  原文: "Invisible controls:"   [取文本 672ms]
14:44:44  translate.py -> need=1  text="Invisible controls:"   [python 813ms]
14:44:46  翻译前基准: "Invisible controls:"   [粘贴 1140ms, 取基准 672ms]
14:44:47  按翻译热键 (第 1 次, step 模式)   [全选+确认 1297ms]
14:44:50      第 1 次轮询看到内容变了
14:44:51  译文已稳定 (轮询 2 次)
14:44:51      [等译文 3.05s, 轮询 2 次]
14:44:51  译文: "隐形控制："
14:44:51  translateposthtml.py -> "隐形控制："   [python 94ms]
14:44:52      [粘回译文 1140ms]
14:44:52      [回车+等下一个框 47ms]
14:44:52  ---------- 第 24 个文本框 (上一轮共 9.47s) ----------
14:44:53  原文: "Library Manager - by CodeSMART"   [取文本 672ms]
14:44:54  translate.py -> need=0  text="Library Manager - by CodeSMART"   [python 859ms]
14:44:54  不需要翻译 -> 直接回车
14:44:54      [回车+等下一个框 63ms]
14:44:54  ---------- 第 25 个文本框 (上一轮共 1.59s) ----------
14:44:54  原文: "Form1"   [取文本 687ms]
14:44:54  translate.py -> need=0  text="Form1"   [python 188ms]
14:44:54  不需要翻译 -> 直接回车
14:44:54      [回车+等下一个框 47ms]
14:44:54  ---------- 第 26 个文本框 (上一轮共 0.92s) ----------
14:44:55  原文: "Form1"   [取文本 672ms]
14:44:55  translate.py -> need=0  text="Form1"   [python 187ms]
14:44:55  不需要翻译 -> 直接回车
14:44:55      [回车+等下一个框 47ms]
14:44:55  ---------- 第 27 个文本框 (上一轮共 0.91s) ----------
14:44:56  原文: "AutoText Manager - by CodeSMART"   [取文本 672ms]
14:44:57  translate.py -> need=0  text="AutoText Manager - by CodeSMART"   [python 812ms]
14:44:57  不需要翻译 -> 直接回车
14:44:57      [回车+等下一个框 47ms]
14:44:57  ---------- 第 28 个文本框 (上一轮共 1.53s) ----------
14:44:58  原文: "Form1"   [取文本 672ms]
14:44:58  translate.py -> need=0  text="Form1"   [python 188ms]
14:44:58  不需要翻译 -> 直接回车
14:44:58      [回车+等下一个框 46ms]
14:44:58  ---------- 第 29 个文本框 (上一轮共 0.91s) ----------
14:44:59  原文: "Use the AutoText Manager to add/delete/edit auto-text items - that is, associations between certain pieces of VB code and their optional triggers (aliases and/or keyboard shortcuts)."   [取文本 672ms]
14:44:59  translate.py -> need=1  text="Use the AutoText Manager to add/delete/edit auto-text items - that is, associations between certain pieces of VB code and their optional triggers (aliases and/or keyboard shortcuts)."   [python 953ms]
14:45:01  翻译前基准: "Use the AutoText Manager to add/delete/edit auto-text items - that is, associations between certain pieces of VB code and their optional triggers (aliases and/or keyboard shortcuts)."   [粘贴 1141ms, 取基准 672ms]
14:45:03  按翻译热键 (第 1 次, step 模式)   [全选+确认 1297ms]
14:45:05      第 1 次轮询看到内容变了
14:45:06  译文已稳定 (轮询 2 次)
14:45:06      [等译文 3.05s, 轮询 2 次]
14:45:06  译文: "使用“自动图文集管理器”可以添加/删除/编辑自动图文集项目-即某些VB代码片段与其可选触发器（别名和/或键盘快捷键）之间的关联。"
14:45:06  translateposthtml.py -> "使用“自动图文集管理器”可以添加/删除/编辑自动图文集项目-即某些VB代码片段与其可选触发器（别名和/或键盘快捷键）之间的关联。"   [python 109ms]
14:45:07      [粘回译文 1141ms]
14:45:07      [回车+等下一个框 62ms]
14:45:07  ---------- 第 30 个文本框 (上一轮共 9.64s) ----------
14:45:08  原文: "Hint:"   [取文本 672ms]
14:45:09  translate.py -> need=1  text="Hint:"   [python 922ms]
14:45:11  翻译前基准: "Hint:"   [粘贴 1140ms, 取基准 672ms]
14:45:12  按翻译热键 (第 1 次, step 模式)   [全选+确认 1297ms]
14:45:15      第 1 次轮询看到内容变了
14:45:16  译文已稳定 (轮询 2 次)
14:45:16      [等译文 3.05s, 轮询 2 次]
14:45:16  译文: "提示："
14:45:16  translateposthtml.py -> "提示："   [python 93ms]
14:45:17      [粘回译文 1141ms]
14:45:17      [回车+等下一个框 47ms]
14:45:17  ---------- 第 31 个文本框 (上一轮共 9.59s) ----------
14:45:18  原文: "Use the 'Items' section to select the auto-text item you want to edit or press 'Ctrl+N' in order to add a new one."   [取文本 672ms]
14:45:19  translate.py -> need=1  text="Use the 'Items' section to select the auto-text item you want to edit or press 'Ctrl+N' in order to add a new one."   [python 1297ms]
14:45:21  翻译前基准: "Use the 'Items' section to select the auto-text item you want to edit or press 'Ctrl+N' in order to add a new one."   [粘贴 1156ms, 取基准 687ms]
14:45:22  按翻译热键 (第 1 次, step 模式)   [全选+确认 1297ms]
14:45:25      第 1 次轮询看到内容变了
14:45:26  译文已稳定 (轮询 2 次)
14:45:26      [等译文 3.06s, 轮询 2 次]
14:45:26  译文: "使用“项目”部分选择要编辑的自动图文集项目，或按“Ctrl+N”添加新项目。"
14:45:26  translateposthtml.py -> "使用“项目”部分选择要编辑的自动图文集项目，或按“Ctrl+N”添加新项目。"   [python 93ms]
14:45:27      [粘回译文 1141ms]
14:45:27      [回车+等下一个框 47ms]
14:45:27  ---------- 第 32 个文本框 (上一轮共 10.00s) ----------
14:45:28  原文: "S&hortcut:"   [取文本 672ms]
14:45:28  translate.py -> need=1  text="Shortcut:"   [python 203ms]
14:45:30  翻译前基准: "Shortcut:"   [粘贴 1156ms, 取基准 672ms]
14:45:31  按翻译热键 (第 1 次, step 模式)   [全选+确认 1297ms]
14:45:34      第 1 次轮询看到内容变了
14:45:35  译文已稳定 (轮询 2 次)
14:45:35      [等译文 3.06s, 轮询 2 次]
14:45:35  译文: "："
14:45:35  translateposthtml.py -> "："   [python 94ms]
14:45:36      [粘回译文 1141ms]
14:45:36      [回车+等下一个框 47ms]
14:45:36  ---------- 第 33 个文本框 (上一轮共 8.92s) ----------
14:45:37  原文: "&Alias:"   [取文本 672ms]
14:45:37  translate.py -> need=1  text="Alias:"   [python 187ms]
14:45:39  翻译前基准: "Alias:"   [粘贴 1141ms, 取基准 672ms]
14:45:40  按翻译热键 (第 1 次, step 模式)   [全选+确认 1312ms]
14:45:42      第 1 次轮询看到内容变了
14:45:44  译文已稳定 (轮询 2 次)
14:45:44      [等译文 3.05s, 轮询 2 次]
14:45:44  译文: "别名："
14:45:44  translateposthtml.py -> "别名："   [python 94ms]
14:45:45      [粘回译文 1140ms]
14:45:45      [回车+等下一个框 47ms]
14:45:45  ---------- 第 34 个文本框 (上一轮共 8.86s) ----------
14:45:46  原文: "Code Snippets"   [取文本 672ms]
14:45:46  translate.py -> need=0  text="Code Snippets"   [python 812ms]
14:45:46  不需要翻译 -> 直接回车
14:45:46      [回车+等下一个框 47ms]
14:45:46  ---------- 第 35 个文本框 (上一轮共 1.53s) ----------
14:45:47  原文: "Form1"   [取文本 703ms]
14:45:47  translate.py -> need=0  text="Form1"   [python 235ms]
14:45:47  不需要翻译 -> 直接回车
14:45:47      [回车+等下一个框 47ms]
14:45:47  ---------- 第 36 个文本框 (上一轮共 0.99s) ----------
14:45:48  原文: "Standard Parameter Table"   [取文本 672ms]
14:45:49  translate.py -> need=1  text="Standard Parameter Table"   [python 890ms]
14:45:51  翻译前基准: "Standard Parameter Table"   [粘贴 1141ms, 取基准 672ms]
14:45:52  按翻译热键 (第 1 次, step 模式)   [全选+确认 1297ms]
14:45:54      第 1 次轮询看到内容变了
14:45:56  译文已稳定 (轮询 2 次)
14:45:56      [等译文 3.05s, 轮询 2 次]
14:45:56  译文: "标准参数表"
14:45:56  translateposthtml.py -> "标准参数表"   [python 110ms]
14:45:57      [粘回译文 1140ms]
14:45:57      [回车+等下一个框 63ms]
14:45:57  ---------- 第 37 个文本框 (上一轮共 9.58s) ----------
14:45:58  原文: "Form1"   [取文本 672ms]
14:45:58  translate.py -> need=0  text="Form1"   [python 187ms]
14:45:58  不需要翻译 -> 直接回车
14:45:58      [回车+等下一个框 47ms]
14:45:58  ---------- 第 38 个文本框 (上一轮共 0.91s) ----------
14:45:59  原文: "&Help"   [取文本 688ms]
14:45:59  translate.py -> need=1  text="Help"   [python 234ms]
14:46:01  翻译前基准: "Help"   [粘贴 1156ms, 取基准 672ms]
14:46:02  按翻译热键 (第 1 次, step 模式)   [全选+确认 1297ms]
14:46:04      第 1 次轮询看到内容变了
14:46:05  译文已稳定 (轮询 2 次)
14:46:05      [等译文 3.05s, 轮询 2 次]
14:46:05  译文: "帮助"
14:46:06  translateposthtml.py -> "帮助"   [python 93ms]
14:46:07      [粘回译文 1141ms]
14:46:07      [回车+等下一个框 47ms]
14:46:07  ---------- 第 39 个文本框 (上一轮共 8.92s) ----------
14:46:07  原文: "&Close"   [取文本 672ms]
14:46:08  translate.py -> need=1  text="Close"   [python 203ms]
14:46:09  翻译前基准: "Close"   [粘贴 1141ms, 取基准 671ms]
14:46:11  按翻译热键 (第 1 次, step 模式)   [全选+确认 1297ms]
14:46:13      第 1 次轮询看到内容变了
14:46:14  译文已稳定 (轮询 2 次)
14:46:14      [等译文 3.05s, 轮询 2 次]
14:46:14  译文: "密切"
14:46:14  translateposthtml.py -> "密切"   [python 109ms]
14:46:16      [粘回译文 1172ms]
14:46:16      [回车+等下一个框 63ms]
14:46:16  ---------- 第 40 个文本框 (上一轮共 8.92s) ----------
14:46:16  原文: "&Print"   [取文本 672ms]
14:46:17  translate.py -> need=1  text="Print"   [python 203ms]
14:46:18  翻译前基准: "Print"   [粘贴 1140ms, 取基准 672ms]
14:46:20  按翻译热键 (第 1 次, step 模式)   [全选+确认 1297ms]
14:46:22      第 1 次轮询看到内容变了
14:46:23  译文已稳定 (轮询 2 次)
14:46:23      [等译文 3.05s, 轮询 2 次]
14:46:23  译文: "打印"
14:46:23  translateposthtml.py -> "打印"   [python 94ms]
14:46:25      [粘回译文 1140ms]
14:46:25      [回车+等下一个框 47ms]
14:46:25  ---------- 第 41 个文本框 (上一轮共 8.86s) ----------
14:46:25  原文: "Pre&view"   [取文本 672ms]
14:46:25  translate.py -> need=1  text="Preview"   [python 188ms]
14:46:27  翻译前基准: "Preview"   [粘贴 1156ms, 取基准 672ms]
14:46:29  按翻译热键 (第 1 次, step 模式)   [全选+确认 1297ms]
14:46:31      第 1 次轮询看到内容变了
14:46:32  译文已稳定 (轮询 2 次)
14:46:32      [等译文 3.05s, 轮询 2 次]
14:46:32  译文: "预览"
14:46:32  translateposthtml.py -> "预览"   [python 125ms]
14:46:33      [粘回译文 1141ms]
14:46:33      [回车+等下一个框 62ms]
14:46:33  ---------- 第 42 个文本框 (上一轮共 8.91s) ----------
14:46:34  原文: "Print AutoText Items"   [取文本 672ms]
14:46:35  translate.py -> need=1  text="Print AutoText Items"   [python 828ms]
14:46:37  翻译前基准: "Print AutoText Items"   [粘贴 1141ms, 取基准 672ms]
14:46:38  按翻译热键 (第 1 次, step 模式)   [全选+确认 1297ms]
14:46:41      第 1 次轮询看到内容变了
14:46:42  译文已稳定 (轮询 2 次)
14:46:42      [等译文 3.06s, 轮询 2 次]
14:46:42  译文: "打印自动图文集项目"
14:46:42  translateposthtml.py -> "打印自动图文集项目"   [python 141ms]
14:46:43      [粘回译文 1140ms]
14:46:43      [回车+等下一个框 47ms]
14:46:43  ---------- 第 43 个文本框 (上一轮共 9.55s) ----------
14:46:44  原文: "Form1"   [取文本 672ms]
14:46:44  translate.py -> need=0  text="Form1"   [python 188ms]
14:46:44  不需要翻译 -> 直接回车
14:46:44      [回车+等下一个框 47ms]
14:46:44  ---------- 第 44 个文本框 (上一轮共 0.91s) ----------
14:46:45  原文: "Pre&view"   [取文本 703ms]
14:46:45  translate.py -> need=1  text="Preview"   [python 234ms]
14:46:47  翻译前基准: "Preview"   [粘贴 1141ms, 取基准 672ms]
14:46:48  按翻译热键 (第 1 次, step 模式)   [全选+确认 1296ms]
14:46:50      第 1 次轮询看到内容变了
14:46:52  译文已稳定 (轮询 2 次)
14:46:52      [等译文 3.09s, 轮询 2 次]
14:46:52  译文: "预览"
14:46:52  translateposthtml.py -> "预览"   [python 94ms]
14:46:53      [粘回译文 1140ms]
14:46:53      [回车+等下一个框 47ms]
14:46:53  ---------- 第 45 个文本框 (上一轮共 8.97s) ----------
14:46:54  原文: "&Print"   [取文本 672ms]
14:46:54  translate.py -> need=1  text="Print"   [python 235ms]
14:46:56  翻译前基准: "Print"   [粘贴 1156ms, 取基准 672ms]
14:46:57  按翻译热键 (第 1 次, step 模式)   [全选+确认 1312ms]
14:46:59      第 1 次轮询看到内容变了
14:47:01  译文已稳定 (轮询 2 次)
14:47:01      [等译文 3.08s, 轮询 2 次]
14:47:01  译文: "打印"
14:47:01  translateposthtml.py -> "打印"   [python 94ms]
14:47:02      [粘回译文 1171ms]
14:47:02      [回车+等下一个框 47ms]
14:47:02  ---------- 第 46 个文本框 (上一轮共 9.00s) ----------
14:47:03  原文: "&Close"   [取文本 688ms]
14:47:03  translate.py -> need=1  text="Close"   [python 234ms]
14:47:05  翻译前基准: "Close"   [粘贴 1141ms, 取基准 687ms]
14:47:06  按翻译热键 (第 1 次, step 模式)   [全选+确认 1297ms]
14:47:08      第 1 次轮询看到内容变了
14:47:10  译文已稳定 (轮询 2 次)
14:47:10      [等译文 3.06s, 轮询 2 次]
14:47:10  译文: "密切"
14:47:10  translateposthtml.py -> "密切"   [python 93ms]
14:47:11      [粘回译文 1141ms]
14:47:11      [回车+等下一个框 62ms]
14:47:11  ---------- 第 47 个文本框 (上一轮共 8.95s) ----------
14:47:12  原文: "AutoText - Print Preview"   [取文本 672ms]
14:47:12  translate.py -> need=1  text="AutoText - Print Preview"   [python 875ms]
14:47:14  翻译前基准: "AutoText - Print Preview"   [粘贴 1141ms, 取基准 672ms]
14:47:16  按翻译热键 (第 1 次, step 模式)   [全选+确认 1312ms]
14:47:18      第 1 次轮询看到内容变了
14:47:19  译文已稳定 (轮询 2 次)
14:47:19      [等译文 3.05s, 轮询 2 次]
14:47:19  译文: "自动图文集-打印预览"
14:47:19  translateposthtml.py -> "自动图文集-打印预览"   [python 94ms]
14:47:20      [粘回译文 1140ms]
14:47:20      [回车+等下一个框 63ms]
14:47:20  ---------- 第 48 个文本框 (上一轮共 9.56s) ----------
14:47:21  原文: "Form1"   [取文本 672ms]
14:47:21  translate.py -> need=0  text="Form1"   [python 250ms]
14:47:21  不需要翻译 -> 直接回车
14:47:21      [回车+等下一个框 47ms]
14:47:21  ---------- 第 49 个文本框 (上一轮共 0.97s) ----------
14:47:22  原文: "Naming Standards Manager - by CodeSMART"   [取文本 703ms]
14:47:23  translate.py -> need=1  text="Naming Standards Manager - by CodeSMART"   [python 844ms]
14:47:25  翻译前基准: "Naming Standards Manager - by CodeSMART"   [粘贴 1140ms, 取基准 672ms]
14:47:26  按翻译热键 (第 1 次, step 模式)   [全选+确认 1313ms]
14:47:28      第 1 次轮询看到内容变了
14:47:30  译文已稳定 (轮询 2 次)
14:47:30      [等译文 3.05s, 轮询 2 次]
14:47:30  译文: "标准管理器-通过CodeSMART"
14:47:30  translateposthtml.py -> "标准管理器-通过CodeSMART"   [python 94ms]
14:47:31      [粘回译文 1140ms]
14:47:31      [回车+等下一个框 47ms]
14:47:31  ---------- 第 50 个文本框 (上一轮共 9.56s) ----------
14:47:32  原文: "Form1"   [取文本 672ms]
14:47:32  translate.py -> need=0  text="Form1"   [python 188ms]
14:47:32  不需要翻译 -> 直接回车
14:47:32      [回车+等下一个框 46ms]
14:47:32  ---------- 第 51 个文本框 (上一轮共 0.92s) ----------
14:47:33  原文: "&Help"   [取文本 672ms]
14:47:33  translate.py -> need=1  text="Help"   [python 234ms]
14:47:35  翻译前基准: "Help"   [粘贴 1141ms, 取基准 687ms]
14:47:36  按翻译热键 (第 1 次, step 模式)   [全选+确认 1297ms]
14:47:38      第 1 次轮询看到内容变了
14:47:39  译文已稳定 (轮询 2 次)
14:47:39      [等译文 3.05s, 轮询 2 次]
14:47:39  译文: "帮助"
14:47:40  translateposthtml.py -> "帮助"   [python 94ms]
14:47:41      [粘回译文 1140ms]
14:47:41      [回车+等下一个框 47ms]
14:47:41  ---------- 第 52 个文本框 (上一轮共 8.91s) ----------
14:47:41  原文: "&OK"   [取文本 672ms]
14:47:42  translate.py -> need=1  text="OK"   [python 250ms]
14:47:43  翻译前基准: "OK"   [粘贴 1141ms, 取基准 672ms]
14:47:45  按翻译热键 (第 1 次, step 模式)   [全选+确认 1312ms]
14:47:47      第 1 次轮询看到内容变了
14:47:48  译文已稳定 (轮询 2 次)
14:47:48      [等译文 3.06s, 轮询 2 次]
14:47:48  译文: "好"
14:47:49  translateposthtml.py -> "好"   [python 93ms]
14:47:50      [粘回译文 1141ms]
14:47:50      [回车+等下一个框 47ms]
14:47:50  ---------- 第 53 个文本框 (上一轮共 8.94s) ----------
14:47:50  原文: "&Cancel"   [取文本 672ms]
14:47:51  translate.py -> need=1  text="Cancel"   [python 203ms]
14:47:52  翻译前基准: "Cancel"   [粘贴 1140ms, 取基准 672ms]
14:47:54  按翻译热键 (第 1 次, step 模式)   [全选+确认 1297ms]
14:47:56      第 1 次轮询看到内容变了
14:47:57  译文已稳定 (轮询 2 次)
14:47:57      [等译文 3.06s, 轮询 2 次]
14:47:57  译文: "取消"
14:47:57  translateposthtml.py -> "取消"   [python 109ms]
14:47:59      [粘回译文 1141ms]
14:47:59      [回车+等下一个框 62ms]
14:47:59  ---------- 第 54 个文本框 (上一轮共 8.91s) ----------
14:47:59  原文: "Hint text here"   [取文本 672ms]
14:48:00  translate.py -> need=1  text="Hint text here"   [python 1000ms]
14:48:02  翻译前基准: "Hint text here"   [粘贴 1141ms, 取基准 703ms]
14:48:03  按翻译热键 (第 1 次, step 模式)   [全选+确认 1312ms]
14:48:06      第 1 次轮询看到内容变了
14:48:07  译文已稳定 (轮询 2 次)
14:48:07      [等译文 3.09s, 轮询 2 次]
14:48:07  译文: "在此处提示文本"
14:48:07  translateposthtml.py -> "在此处提示文本"   [python 94ms]
14:48:08      [粘回译文 1156ms]
14:48:08      [回车+等下一个框 47ms]
14:48:08  ---------- 第 55 个文本框 (上一轮共 9.77s) ----------
14:48:09  原文: "Hint:"   [取文本 672ms]
14:48:10  translate.py -> need=1  text="Hint:"   [python 813ms]
14:48:12  翻译前基准: "Hint:"   [粘贴 1156ms, 取基准 672ms]
14:48:13  按翻译热键 (第 1 次, step 模式)   [全选+确认 1297ms]
14:48:15      第 1 次轮询看到内容变了
14:48:17  译文已稳定 (轮询 2 次)
14:48:17      [等译文 3.06s, 轮询 2 次]
14:48:17  译文: "提示："
14:48:17  translateposthtml.py -> "提示："   [python 93ms]
14:48:18      [粘回译文 1141ms]
14:48:18      [回车+等下一个框 47ms]
14:48:18  ---------- 第 56 个文本框 (上一轮共 9.52s) ----------
14:48:19  原文: "Use this manager to specify the coding standards used by you/your team. These settings are used by CodeSMART in code generation operations."   [取文本 672ms]
14:48:19  translate.py -> need=0  text="Use this manager to specify the coding standards used by you/your team. These settings are used by CodeSMART in code generation operations."   [python 844ms]
14:48:19  不需要翻译 -> 直接回车
14:48:19      [回车+等下一个框 46ms]
14:48:19  ---------- 第 57 个文本框 (上一轮共 1.56s) ----------
14:48:20  原文: "Import AutoText Items - by CodeSMART"   [取文本 672ms]
14:48:21  translate.py -> need=1  text="Import AutoText Items - by CodeSMART"   [python 750ms]
14:48:23  翻译前基准: "Import AutoText Items - by CodeSMART"   [粘贴 1157ms, 取基准 687ms]
14:48:24  按翻译热键 (第 1 次, step 模式)   [全选+确认 1297ms]
14:48:26      第 1 次轮询看到内容变了
14:48:28  译文已稳定 (轮询 2 次)
14:48:28      [等译文 3.11s, 轮询 2 次]
14:48:28  译文: "导入自动图文集项目-通过CodeSMART"
14:48:28  translateposthtml.py -> "导入自动图文集项目-通过CodeSMART"   [python 94ms]
14:48:29      [粘回译文 1141ms]
14:48:29      [回车+等下一个框 46ms]
14:48:29  ---------- 第 58 个文本框 (上一轮共 9.50s) ----------
14:48:30  原文: "Form1"   [取文本 672ms]
14:48:30  translate.py -> need=0  text="Form1"   [python 250ms]
14:48:30  不需要翻译 -> 直接回车
14:48:30      [回车+等下一个框 47ms]
14:48:30  ---------- 第 59 个文本框 (上一轮共 0.97s) ----------
14:48:31  原文: "&Rename Folder"   [取文本 688ms]
14:48:31  translate.py -> need=1  text="Rename Folder"   [python 187ms]
14:48:33  翻译前基准: "Rename Folder"   [粘贴 1141ms, 取基准 672ms]
14:48:34  按翻译热键 (第 1 次, step 模式)   [全选+确认 1297ms]
14:48:36      第 1 次轮询看到内容变了
14:48:38  译文已稳定 (轮询 2 次)
14:48:38      [等译文 3.06s, 轮询 2 次]
14:48:38  译文: "重命名文件夹"
14:48:38  translateposthtml.py -> "重命名文件夹"   [python 109ms]
14:48:39      [粘回译文 1157ms]
14:48:39      [回车+等下一个框 46ms]
14:48:39  ---------- 第 60 个文本框 (上一轮共 8.91s) ----------
14:48:40  原文: "Select &All"   [取文本 688ms]
14:48:40  translate.py -> need=1  text="Select All"   [python 187ms]
14:48:42  翻译前基准: "Select All"   [粘贴 1141ms, 取基准 688ms]
14:48:43  按翻译热键 (第 1 次, step 模式)   [全选+确认 1312ms]
14:48:45      第 1 次轮询看到内容变了
14:48:46  译文已稳定 (轮询 2 次)
14:48:46      [等译文 3.05s, 轮询 2 次]
14:48:46  译文: "选择所有"
14:48:47  translateposthtml.py -> "选择所有"   [python 94ms]
14:48:48      [粘回译文 1140ms]
14:48:48      [回车+等下一个框 47ms]
14:48:48  ---------- 第 61 个文本框 (上一轮共 8.89s) ----------
14:48:48  原文: "&Unselect All"   [取文本 688ms]
14:48:49  translate.py -> need=1  text="Unselect All"   [python 187ms]
14:48:50  翻译前基准: "Unselect All"   [粘贴 1141ms, 取基准 703ms]
14:48:52  按翻译热键 (第 1 次, step 模式)   [全选+确认 1297ms]
14:48:54      第 1 次轮询看到内容变了
14:48:55  译文已稳定 (轮询 2 次)
14:48:55      [等译文 3.08s, 轮询 2 次]
14:48:55  译文: "取消选择所有"
14:48:55  translateposthtml.py -> "取消选择所有"   [python 93ms]
14:48:57      [粘回译文 1141ms]
14:48:57      [回车+等下一个框 47ms]
14:48:57  ---------- 第 62 个文本框 (上一轮共 8.92s) ----------
14:48:57  原文: "&Help"   [取文本 672ms]
14:48:58  translate.py -> need=1  text="Help"   [python 234ms]
14:48:59  翻译前基准: "Help"   [粘贴 1141ms, 取基准 687ms]
14:49:01  按翻译热键 (第 1 次, step 模式)   [全选+确认 1297ms]
14:49:03      第 1 次轮询看到内容变了
14:49:04  译文已稳定 (轮询 2 次)
14:49:04      [等译文 3.06s, 轮询 2 次]
14:49:04  译文: "帮助"
14:49:04  translateposthtml.py -> "帮助"   [python 93ms]
14:49:06      [粘回译文 1141ms]
14:49:06      [回车+等下一个框 47ms]
14:49:06  ---------- 第 63 个文本框 (上一轮共 8.92s) ----------
14:49:06  原文: "&Close"   [取文本 687ms]
14:49:07  translate.py -> need=1  text="Close"   [python 235ms]
14:49:08  翻译前基准: "Close"   [粘贴 1156ms, 取基准 672ms]
14:49:10  按翻译热键 (第 1 次, step 模式)   [全选+确认 1297ms]
14:49:12      第 1 次轮询看到内容变了
14:49:13  译文已稳定 (轮询 2 次)
14:49:13      [等译文 3.06s, 轮询 2 次]
14:49:13  译文: "密切"
14:49:13  translateposthtml.py -> "密切"   [python 94ms]
14:49:14      [粘回译文 1140ms]
14:49:15      [回车+等下一个框 47ms]
14:49:15  ---------- 第 64 个文本框 (上一轮共 8.94s) ----------
14:49:15  原文: "&Import >>"   [取文本 672ms]
14:49:15  translate.py -> need=1  text="Import >>"   [python 235ms]
14:49:17  翻译前基准: "Import >>"   [粘贴 1140ms, 取基准 672ms]
14:49:19  按翻译热键 (第 1 次, step 模式)   [全选+确认 1313ms]
14:49:21      第 1 次轮询看到内容变了
14:49:22  译文已稳定 (轮询 2 次)
14:49:22      [等译文 3.06s, 轮询 2 次]
14:49:22  译文: "进口>>"
14:49:22  translateposthtml.py -> "进口>>"   [python 93ms]
14:49:23      [粘回译文 1157ms]
14:49:23      [回车+等下一个框 46ms]
14:49:23  ---------- 第 65 个文本框 (上一轮共 8.95s) ----------
14:49:24  原文: "Select the items to import:"   [取文本 688ms]
14:49:25  translate.py -> need=1  text="Select the items to import:"   [python 797ms]
14:49:27  翻译前基准: "Select the items to import:"   [粘贴 1140ms, 取基准 672ms]
14:49:28  按翻译热键 (第 1 次, step 模式)   [全选+确认 1297ms]
14:49:30      第 1 次轮询看到内容变了
14:49:32  译文已稳定 (轮询 2 次)
14:49:32      [等译文 3.05s, 轮询 2 次]
14:49:32  译文: "选择要导入的项目："
14:49:32  translateposthtml.py -> "选择要导入的项目："   [python 109ms]
14:49:33      [粘回译文 1156ms]
14:49:33      [回车+等下一个框 47ms]
14:49:33  ---------- 第 66 个文本框 (上一轮共 9.52s) ----------
14:49:34  原文: "Export AutoText Items - by CodeSMART"   [取文本 672ms]
14:49:34  translate.py -> need=1  text="Export AutoText Items - by CodeSMART"   [python 797ms]
14:49:36  翻译前基准: "Export AutoText Items - by CodeSMART"   [粘贴 1156ms, 取基准 672ms]
14:49:38  按翻译热键 (第 1 次, step 模式)   [全选+确认 1297ms]
14:49:40      第 1 次轮询看到内容变了
14:49:41  译文已稳定 (轮询 2 次)
14:49:41      [等译文 3.05s, 轮询 2 次]
14:49:41  译文: "导出自动图文集项目-通过CodeSMART"
14:49:41  translateposthtml.py -> "导出自动图文集项目-通过CodeSMART"   [python 93ms]
14:49:42      [粘回译文 1141ms]
14:49:42      [回车+等下一个框 47ms]
14:49:42  ---------- 第 67 个文本框 (上一轮共 9.47s) ----------
14:49:43  原文: "Form1"   [取文本 687ms]
14:49:43  translate.py -> need=0  text="Form1"   [python 188ms]
14:49:43  不需要翻译 -> 直接回车
14:49:43      [回车+等下一个框 47ms]
14:49:43  ---------- 第 68 个文本框 (上一轮共 0.92s) ----------
14:49:44  原文: "&Rename Folder"   [取文本 687ms]
14:49:44  translate.py -> need=1  text="Rename Folder"   [python 188ms]
14:49:46  翻译前基准: "Rename Folder"   [粘贴 1140ms, 取基准 672ms]
14:49:47  按翻译热键 (第 1 次, step 模式)   [全选+确认 1313ms]
14:49:50      第 1 次轮询看到内容变了
14:49:51  译文已稳定 (轮询 2 次)
14:49:51      [等译文 3.05s, 轮询 2 次]
14:49:51  译文: "重命名文件夹"
14:49:51  translateposthtml.py -> "重命名文件夹"   [python 94ms]
14:49:52      [粘回译文 1156ms]
14:49:52      [回车+等下一个框 47ms]
14:49:52  ---------- 第 69 个文本框 (上一轮共 8.89s) ----------
14:49:53  原文: "&Unselect All"   [取文本 672ms]
14:49:53  translate.py -> need=1  text="Unselect All"   [python 188ms]
14:49:55  翻译前基准: "Unselect All"   [粘贴 1140ms, 取基准 688ms]
14:49:56  按翻译热键 (第 1 次, step 模式)   [全选+确认 1297ms]
14:49:59      第 1 次轮询看到内容变了
14:50:00  译文已稳定 (轮询 2 次)
14:50:00      [等译文 3.05s, 轮询 2 次]
14:50:00  译文: "取消选择所有"
14:50:00  translateposthtml.py -> "取消选择所有"   [python 110ms]
14:50:01      [粘回译文 1140ms]
14:50:01      [回车+等下一个框 47ms]
14:50:01  ---------- 第 70 个文本框 (上一轮共 8.88s) ----------
14:50:02  原文: "Select &All"   [取文本 672ms]
14:50:02  translate.py -> need=1  text="Select All"   [python 188ms]
14:50:04  翻译前基准: "Select All"   [粘贴 1156ms, 取基准 672ms]
14:50:05  按翻译热键 (第 1 次, step 模式)   [全选+确认 1297ms]
14:50:06  收到 Esc, 正在停止...
14:50:07  !! 文本框没有任何变化, 判定这次没翻译成功   [等了 1.20s, 轮询 0 次]
14:50:07  !! 重试 1 次仍无译文, 这次按原文继续 (可能 STranslate 没响应热键)   [本会话累计连续失败 1 次]
14:50:07  译文: "Select All"
14:50:07  (Esc 中断) translateposthtml.py 调用失败 >> 已按 Esc, 中止本次调用
14:55:03  [路径] 脚本目录=D:\buger\Desktop\汉化\autotranslate  python=D:\Program\Python3\python.exe  前处理=D:\buger\Desktop\汉化\autotranslate\translate.py  后处理=D:\buger\Desktop\汉化\autotranslate\translateposthtml.py
14:55:03  ===== 脚本版本 2026-10-06d 压缩等待 + 全选探针(Ctrl+Alt+P) =====
14:55:03  [系统参数] 菜单显示延迟(SPI_GETMENUSHOWDELAY)=400ms -> 全选后等待=400ms  消息超时(SPI_GETMESSAGETIMEOUT)=5000ms -> 冲队列上限=5000ms  键盘延迟(SPI_GETKEYBOARDDELAY)=1  前台锁定(SPI_GETFOREGROUNDLOCKTIMEOUT)=2147483647ms  |  按翻译热键前的等待 = 400 + WM_NULL冲队列 + 300ms = 约 700ms  |  热键发法 = step (RAlt按住 150ms, F按住 100ms)  全选核对 = 关  没反应重试 = 1 次  |  自适应等待 = 关 (固定 Sleep)  |  止损: 失败过的文本跳过 = 开, 连续失败 3 次就停, 跳过正则 = ^<[^<>]*>$  |  等待: 取文本0ms/剪贴板上限600ms/粘贴后0ms/回车后0ms/等译文2500ms(+稳定期3000ms)
14:55:11  ========== 开始 (Ctrl+Alt+S) ==========
14:55:12  ---------- 第 1 个文本框 ----------
14:55:12  原文: "&Help"   [取文本 672ms]
14:55:12  translate.py -> need=1  text="Help"   [python 187ms]
14:55:14  翻译前基准: "Help"   [粘贴 1141ms, 取基准 672ms]
14:55:16  按翻译热键 (第 1 次, step 模式)   [全选+确认 1297ms]
14:55:18      第 1 次轮询看到内容变了
14:55:19  译文已稳定 (轮询 2 次)
14:55:19      [等译文 3.05s, 轮询 2 次]
14:55:19  译文: "帮助"
14:55:19  translateposthtml.py -> "帮助"   [python 109ms]
14:55:20      [粘回译文 1141ms]
14:55:20      [回车+等下一个框 46ms]
14:55:20  ---------- 第 2 个文本框 (上一轮共 8.86s) ----------
14:55:21  原文: "&Close"   [取文本 672ms]
14:55:21  translate.py -> need=1  text="Close"   [python 219ms]
14:55:23  翻译前基准: "Close"   [粘贴 1141ms, 取基准 672ms]
14:55:24  按翻译热键 (第 1 次, step 模式)   [全选+确认 1328ms]
14:55:27      第 1 次轮询看到内容变了
14:55:28  译文已稳定 (轮询 2 次)
14:55:28      [等译文 3.06s, 轮询 2 次]
14:55:28  译文: "密切"
14:55:28  translateposthtml.py -> "密切"   [python 94ms]
14:55:29      [粘回译文 1172ms]
14:55:29      [回车+等下一个框 47ms]
14:55:29  ---------- 第 3 个文本框 (上一轮共 8.95s) ----------
14:55:30  收到 Esc, 正在停止...
14:55:30  原文: "&Export >>"   [取文本 671ms]
14:55:30  (Esc 中断) translate.py 调用失败 >> 已按 Esc, 中止本次调用
14:57:38  ===== 全选探针 (Ctrl+Alt+P) 开始, HWND=329476 =====
14:57:39  探针 1) 右键菜单全选后: 10..0 / 共 10 字符
14:57:40  探针 2) 右方向键收起选中后: 10..0 / 共 10 字符
14:57:40  探针 3) EM_SETSEL(0,-1) 后: 10..0 / 共 10 字符  (消息成功)
14:57:40  探针结论: 控件不上报真实选中范围 -> 继续用右键菜单
14:57:40  ===== 全选探针结束 =====
15:01:50  [路径] 脚本目录=D:\buger\Desktop\汉化\autotranslate  python=D:\Program\Python3\python.exe  前处理=D:\buger\Desktop\汉化\autotranslate\translate.py  后处理=D:\buger\Desktop\汉化\autotranslate\translateposthtml.py
15:01:50  ===== 脚本版本 2026-10-06e 探针=直接API全选(不弹窗, 看高亮) =====
15:01:50  [系统参数] 菜单显示延迟(SPI_GETMENUSHOWDELAY)=400ms -> 全选后等待=400ms  消息超时(SPI_GETMESSAGETIMEOUT)=5000ms -> 冲队列上限=5000ms  键盘延迟(SPI_GETKEYBOARDDELAY)=1  前台锁定(SPI_GETFOREGROUNDLOCKTIMEOUT)=2147483647ms  |  按翻译热键前的等待 = 400 + WM_NULL冲队列 + 300ms = 约 700ms  |  热键发法 = step (RAlt按住 150ms, F按住 100ms)  全选核对 = 关  没反应重试 = 1 次  |  自适应等待 = 关 (固定 Sleep)  |  止损: 失败过的文本跳过 = 开, 连续失败 3 次就停, 跳过正则 = ^<[^<>]*>$  |  等待: 取文本0ms/剪贴板上限600ms/粘贴后0ms/回车后0ms/等译文2500ms(+稳定期3000ms)
15:01:59  探针(API全选) HWND=329476  收起选中后=10..0 / 共 10 字符  EM_SETSEL后=10..0 / 共 10 字符  消息=发送成功
15:02:19  探针(API全选) HWND=329476  收起选中后=10..0 / 共 10 字符  EM_SETSEL后=10..0 / 共 10 字符  消息=发送成功
15:14:35  [路径] 脚本目录=D:\buger\Desktop\汉化\autotranslate  python=D:\Program\Python3\python.exe  前处理=D:\buger\Desktop\汉化\autotranslate\translate.py  后处理=D:\buger\Desktop\汉化\autotranslate\translateposthtml.py
15:14:35  ===== 脚本版本 2026-10-06f 全选改走 Windows API(EM_SETSEL) =====
15:14:35  [系统参数] 菜单显示延迟(SPI_GETMENUSHOWDELAY)=400ms -> 全选后等待=400ms  消息超时(SPI_GETMESSAGETIMEOUT)=5000ms -> 冲队列上限=5000ms  键盘延迟(SPI_GETKEYBOARDDELAY)=1  前台锁定(SPI_GETFOREGROUNDLOCKTIMEOUT)=2147483647ms  |  按翻译热键前的等待 = 400 + WM_NULL冲队列 + 300ms = 约 700ms  |  热键发法 = step (RAlt按住 150ms, F按住 100ms)  全选核对 = 关  没反应重试 = 1 次  |  自适应等待 = 关 (固定 Sleep)  |  止损: 失败过的文本跳过 = 开, 连续失败 3 次就停, 跳过正则 = ^<[^<>]*>$  |  全选方式 = Windows API (EM_SETSEL), 失败退回右键菜单  |  等待: 取文本0ms/剪贴板上限600ms/粘贴后0ms/回车后0ms/等译文2500ms(+稳定期3000ms)
15:14:42  ========== 开始 (Ctrl+Alt+S) ==========
15:14:43  ---------- 第 1 个文本框 ----------
15:14:43  ★ 全选改用 Windows API (EM_SETSEL): 不再弹右键菜单, 每次省约 500ms
15:14:44  没取到文本 (空文本框或复制失败) -> 直接回车   [取文本 718ms]
15:14:44  ---------- 第 2 个文本框 (上一轮共 0.77s) ----------
15:14:44  没取到文本 (空文本框或复制失败) -> 直接回车   [取文本 703ms]
15:14:44  ---------- 第 3 个文本框 (上一轮共 0.75s) ----------
15:14:45  收到 Esc, 正在停止...
15:14:45  没取到文本 (空文本框或复制失败) -> 直接回车   [取文本 688ms]
15:14:45  ========== 已停止 (Esc) ==========
15:14:47  ========== 开始 (Ctrl+Alt+S) ==========
15:14:48  ---------- 第 1 个文本框 ----------
15:14:48  没取到文本 (空文本框或复制失败) -> 直接回车   [取文本 687ms]
15:14:49  ---------- 第 2 个文本框 (上一轮共 0.73s) ----------
15:14:49  没取到文本 (空文本框或复制失败) -> 直接回车   [取文本 719ms]
15:14:49  ---------- 第 3 个文本框 (上一轮共 0.77s) ----------
15:14:49  原文: "&Export >>"   [取文本 78ms]
15:14:49  收到 Esc, 正在停止...
15:14:49  (Esc 中断) translate.py 调用失败 >> 已按 Esc, 中止本次调用
15:17:20  ========== 开始 (Ctrl+Alt+S) ==========
15:17:20  ---------- 第 1 个文本框 ----------
15:17:21  没取到文本 (空文本框或复制失败) -> 直接回车   [取文本 688ms]
15:17:21  ---------- 第 2 个文本框 (上一轮共 0.74s) ----------
15:17:22  没取到文本 (空文本框或复制失败) -> 直接回车   [取文本 687ms]
15:17:22  ---------- 第 3 个文本框 (上一轮共 0.73s) ----------
15:17:22  收到 Esc, 正在停止...
15:17:23  没取到文本 (空文本框或复制失败) -> 直接回车   [取文本 688ms]
15:17:23  ========== 已停止 (Esc) ==========
15:23:09  [路径] 脚本目录=D:\buger\Desktop\汉化\autotranslate  python=D:\Program\Python3\python.exe  前处理=D:\buger\Desktop\汉化\autotranslate\translate.py  后处理=D:\buger\Desktop\汉化\autotranslate\translateposthtml.py
15:23:09  ===== 脚本版本 2026-10-06g 退回菜单全选(API会让Ctrl+C失效) + 热键可配置 =====
15:23:09  [系统参数] 菜单显示延迟(SPI_GETMENUSHOWDELAY)=400ms -> 全选后等待=400ms  消息超时(SPI_GETMESSAGETIMEOUT)=5000ms -> 冲队列上限=5000ms  键盘延迟(SPI_GETKEYBOARDDELAY)=1  前台锁定(SPI_GETFOREGROUNDLOCKTIMEOUT)=2147483647ms  |  按翻译热键前的等待 = 400 + WM_NULL冲队列 + 300ms = 约 700ms  |  热键发法 = step (RAlt按住 150ms, F按住 100ms)  全选核对 = 关  没反应重试 = 1 次  |  自适应等待 = 关 (固定 Sleep)  |  止损: 失败过的文本跳过 = 开, 连续失败 3 次就停, 跳过正则 = ^<[^<>]*>$  |  全选方式 = 右键菜单  |  脚本热键 = 开始 ^!s / 探针 ^!+p  |  等待: 取文本0ms/剪贴板上限600ms/粘贴后0ms/回车后0ms/等译文2500ms(+稳定期3000ms)
15:23:11  !! 热键注册失败: ^!s -> Invalid callback function.
15:23:11  !! 热键注册失败: ^!+p -> Invalid callback function.
15:24:41  [路径] 脚本目录=D:\buger\Desktop\汉化\autotranslate  python=D:\Program\Python3\python.exe  前处理=D:\buger\Desktop\汉化\autotranslate\translate.py  后处理=D:\buger\Desktop\汉化\autotranslate\translateposthtml.py
15:24:41  ===== 脚本版本 2026-10-06g 退回菜单全选(API会让Ctrl+C失效) + 热键可配置 =====
15:24:41  [系统参数] 菜单显示延迟(SPI_GETMENUSHOWDELAY)=400ms -> 全选后等待=400ms  消息超时(SPI_GETMESSAGETIMEOUT)=5000ms -> 冲队列上限=5000ms  键盘延迟(SPI_GETKEYBOARDDELAY)=1  前台锁定(SPI_GETFOREGROUNDLOCKTIMEOUT)=2147483647ms  |  按翻译热键前的等待 = 400 + WM_NULL冲队列 + 300ms = 约 700ms  |  热键发法 = step (RAlt按住 150ms, F按住 100ms)  全选核对 = 关  没反应重试 = 1 次  |  自适应等待 = 关 (固定 Sleep)  |  止损: 失败过的文本跳过 = 开, 连续失败 3 次就停, 跳过正则 = ^<[^<>]*>$  |  全选方式 = 右键菜单  |  脚本热键 = 开始 ^!s / 探针 ^!+p  |  等待: 取文本0ms/剪贴板上限600ms/粘贴后0ms/回车后0ms/等译文2500ms(+稳定期3000ms)
15:24:43  !! 热键注册失败: ^!s -> Invalid callback function.
15:24:43  !! 热键注册失败: ^!+p -> Invalid callback function.
15:26:24  [路径] 脚本目录=D:\buger\Desktop\汉化\autotranslate  python=D:\Program\Python3\python.exe  前处理=D:\buger\Desktop\汉化\autotranslate\translate.py  后处理=D:\buger\Desktop\汉化\autotranslate\translateposthtml.py
15:26:24  ===== 脚本版本 2026-10-06g 退回菜单全选(API会让Ctrl+C失效) + 热键可配置 =====
15:26:24  [系统参数] 菜单显示延迟(SPI_GETMENUSHOWDELAY)=400ms -> 全选后等待=400ms  消息超时(SPI_GETMESSAGETIMEOUT)=5000ms -> 冲队列上限=5000ms  键盘延迟(SPI_GETKEYBOARDDELAY)=1  前台锁定(SPI_GETFOREGROUNDLOCKTIMEOUT)=2147483647ms  |  按翻译热键前的等待 = 400 + WM_NULL冲队列 + 300ms = 约 700ms  |  热键发法 = step (RAlt按住 150ms, F按住 100ms)  全选核对 = 关  没反应重试 = 1 次  |  自适应等待 = 关 (固定 Sleep)  |  止损: 失败过的文本跳过 = 开, 连续失败 3 次就停, 跳过正则 = ^<[^<>]*>$  |  全选方式 = 右键菜单  |  脚本热键 = 开始 ^!s / 探针 ^!+p  |  等待: 取文本0ms/剪贴板上限600ms/粘贴后0ms/回车后0ms/等译文2500ms(+稳定期3000ms)
15:26:25  !! 热键注册失败: ^!s -> Invalid callback function.
15:26:25  !! 热键注册失败: ^!+p -> Invalid callback function.
15:36:14  [路径] 脚本目录=D:\buger\Desktop\汉化\autotranslate  python=D:\Program\Python3\python.exe  前处理=D:\buger\Desktop\汉化\autotranslate\translate.py  后处理=D:\buger\Desktop\汉化\autotranslate\translateposthtml.py
15:36:14  ===== 脚本版本 2026-10-06h 热键改回静态定义(修好热键全失效) + 菜单全选 =====
15:36:14  [系统参数] 菜单显示延迟(SPI_GETMENUSHOWDELAY)=400ms -> 全选后等待=400ms  消息超时(SPI_GETMESSAGETIMEOUT)=5000ms -> 冲队列上限=5000ms  键盘延迟(SPI_GETKEYBOARDDELAY)=1  前台锁定(SPI_GETFOREGROUNDLOCKTIMEOUT)=2147483647ms  |  按翻译热键前的等待 = 400 + WM_NULL冲队列 + 300ms = 约 700ms  |  热键发法 = step (RAlt按住 150ms, F按住 100ms)  全选核对 = 关  没反应重试 = 1 次  |  自适应等待 = 关 (固定 Sleep)  |  止损: 失败过的文本跳过 = 开, 连续失败 3 次就停, 跳过正则 = ^<[^<>]*>$  |  全选方式 = 右键菜单  |  脚本热键 = 开始 ^!s / 探针 ^!+p (静态定义, 见文件末尾)  |  等待: 取文本0ms/剪贴板上限600ms/粘贴后0ms/回车后0ms/等译文2500ms(+稳定期3000ms)
15:36:20  ========== 开始 (Ctrl+Alt+S) ==========
15:36:21  ---------- 第 1 个文本框 ----------
15:36:21  原文: "&Export >>"   [取文本 672ms]
15:36:21  translate.py -> need=1  text="Export >>"   [python 203ms]
15:36:23  翻译前基准: "Export >>"   [粘贴 1141ms, 取基准 687ms]
15:36:25  按翻译热键 (第 1 次, step 模式)   [全选+确认 1297ms]
15:36:27      第 1 次轮询看到内容变了
15:36:28  译文已稳定 (轮询 2 次)
15:36:28      [等译文 3.05s, 轮询 2 次]
15:36:28  译文: "出口>>"
15:36:28  translateposthtml.py -> "出口>>"   [python 93ms]
15:36:29      [粘回译文 1157ms]
15:36:29      [回车+等下一个框 47ms]
15:36:29  ---------- 第 2 个文本框 (上一轮共 8.89s) ----------
15:36:30  收到 Esc, 正在停止...
15:36:30  原文: "Select the items to export:"   [取文本 687ms]
15:36:30  (Esc 中断) translate.py 调用失败 >> 已按 Esc, 中止本次调用
15:40:40  [路径] 脚本目录=D:\buger\Desktop\汉化\autotranslate  python=D:\Program\Python3\python.exe  前处理=D:\buger\Desktop\汉化\autotranslate\translate.py  后处理=D:\buger\Desktop\汉化\autotranslate\translateposthtml.py
15:40:40  ===== 脚本版本 2026-10-06i 探针升级: 焦点对比 + 三种全选方式的复制结果 =====
15:40:40  [系统参数] 菜单显示延迟(SPI_GETMENUSHOWDELAY)=400ms -> 全选后等待=400ms  消息超时(SPI_GETMESSAGETIMEOUT)=5000ms -> 冲队列上限=5000ms  键盘延迟(SPI_GETKEYBOARDDELAY)=1  前台锁定(SPI_GETFOREGROUNDLOCKTIMEOUT)=2147483647ms  |  按翻译热键前的等待 = 400 + WM_NULL冲队列 + 300ms = 约 700ms  |  热键发法 = step (RAlt按住 150ms, F按住 100ms)  全选核对 = 关  没反应重试 = 1 次  |  自适应等待 = 关 (固定 Sleep)  |  止损: 失败过的文本跳过 = 开, 连续失败 3 次就停, 跳过正则 = ^<[^<>]*>$  |  全选方式 = 右键菜单  |  脚本热键 = 开始 ^!s / 探针 ^!+p (静态定义, 见文件末尾)  |  等待: 取文本0ms/剪贴板上限600ms/粘贴后0ms/回车后0ms/等译文2500ms(+稳定期3000ms)
15:40:54  复制测试: 焦点 657212->657212  活动窗口没变  A(API立刻)=【空】 [""]  B(API等300ms)=【空】 [""]  C(菜单)=【空】 [""]
15:46:12  [路径] 脚本目录=D:\buger\Desktop\汉化\autotranslate  python=D:\Program\Python3\python.exe  前处理=D:\buger\Desktop\汉化\autotranslate\translate.py  后处理=D:\buger\Desktop\汉化\autotranslate\translateposthtml.py
15:46:12  ===== 脚本版本 2026-10-06j 探针改目视版(不做测量, 你看高亮颜色) =====
15:46:12  [系统参数] 菜单显示延迟(SPI_GETMENUSHOWDELAY)=400ms -> 全选后等待=400ms  消息超时(SPI_GETMESSAGETIMEOUT)=5000ms -> 冲队列上限=5000ms  键盘延迟(SPI_GETKEYBOARDDELAY)=1  前台锁定(SPI_GETFOREGROUNDLOCKTIMEOUT)=2147483647ms  |  按翻译热键前的等待 = 400 + WM_NULL冲队列 + 300ms = 约 700ms  |  热键发法 = step (RAlt按住 150ms, F按住 100ms)  全选核对 = 关  没反应重试 = 1 次  |  自适应等待 = 关 (固定 Sleep)  |  止损: 失败过的文本跳过 = 开, 连续失败 3 次就停, 跳过正则 = ^<[^<>]*>$  |  全选方式 = 右键菜单  |  脚本热键 = 开始 ^!s / 探针 ^!+p (静态定义, 见文件末尾)  |  等待: 取文本0ms/剪贴板上限600ms/粘贴后0ms/回车后0ms/等译文2500ms(+稳定期3000ms)
15:46:30  探针(目视) 依次执行: 收起选中 -> API全选 -> 菜单全选; 等你报告高亮颜色
15:46:47  探针(目视) 依次执行: 收起选中 -> API全选 -> 菜单全选; 等你报告高亮颜色
15:47:18  [路径] 脚本目录=D:\buger\Desktop\汉化\autotranslate  python=D:\Program\Python3\python.exe  前处理=D:\buger\Desktop\汉化\autotranslate\translate.py  后处理=D:\buger\Desktop\汉化\autotranslate\translateposthtml.py
15:47:18  ===== 脚本版本 2026-10-06j 探针改目视版(不做测量, 你看高亮颜色) =====
15:47:18  [系统参数] 菜单显示延迟(SPI_GETMENUSHOWDELAY)=400ms -> 全选后等待=400ms  消息超时(SPI_GETMESSAGETIMEOUT)=5000ms -> 冲队列上限=5000ms  键盘延迟(SPI_GETKEYBOARDDELAY)=1  前台锁定(SPI_GETFOREGROUNDLOCKTIMEOUT)=2147483647ms  |  按翻译热键前的等待 = 400 + WM_NULL冲队列 + 300ms = 约 700ms  |  热键发法 = step (RAlt按住 150ms, F按住 100ms)  全选核对 = 关  没反应重试 = 1 次  |  自适应等待 = 关 (固定 Sleep)  |  止损: 失败过的文本跳过 = 开, 连续失败 3 次就停, 跳过正则 = ^<[^<>]*>$  |  全选方式 = 右键菜单  |  脚本热键 = 开始 ^!s / 探针 ^!+p (静态定义, 见文件末尾)  |  等待: 取文本0ms/剪贴板上限600ms/粘贴后0ms/回车后0ms/等译文2500ms(+稳定期3000ms)
15:48:06  探针(目视) 依次执行: 收起选中 -> API全选 -> 菜单全选; 等你报告高亮颜色
16:26:11  [路径] 脚本目录=D:\buger\Desktop\汉化\autotranslate  python=D:\Program\Python3\python.exe  前处理=D:\buger\Desktop\汉化\autotranslate\translate.py  后处理=D:\buger\Desktop\汉化\autotranslate\translateposthtml.py
16:26:11  ===== 脚本版本 2026-10-06k 重新启用API全选(补回车等待150ms + 复制失败自动回退菜单) =====
16:26:11  [系统参数] 菜单显示延迟(SPI_GETMENUSHOWDELAY)=400ms -> 全选后等待=400ms  消息超时(SPI_GETMESSAGETIMEOUT)=5000ms -> 冲队列上限=5000ms  键盘延迟(SPI_GETKEYBOARDDELAY)=1  前台锁定(SPI_GETFOREGROUNDLOCKTIMEOUT)=2147483647ms  |  按翻译热键前的等待 = 400 + WM_NULL冲队列 + 300ms = 约 700ms  |  热键发法 = step (RAlt按住 150ms, F按住 100ms)  全选核对 = 关  没反应重试 = 1 次  |  自适应等待 = 关 (固定 Sleep)  |  止损: 失败过的文本跳过 = 开, 连续失败 3 次就停, 跳过正则 = ^<[^<>]*>$  |  全选方式 = Windows API (EM_SETSEL), 失败退回右键菜单  |  脚本热键 = 开始 ^!s / 探针 ^!+p (静态定义, 见文件末尾)  |  等待: 取文本0ms/剪贴板上限600ms/粘贴后0ms/回车后150ms/等译文2500ms(+稳定期3000ms)
16:26:32  ========== 开始 (Ctrl+Alt+S) ==========
16:26:33  ---------- 第 1 个文本框 ----------
16:26:33  ★ 全选改用 Windows API (EM_SETSEL): 不再弹右键菜单, 每次省约 500ms
16:26:33  !! 复制失败: 文本框里有 8 个字符, 剪贴板却是空的  (这次全选走的是 API)
16:26:33     -> 退回右键菜单全选, 重试一次
16:26:34  收到 Esc, 正在停止...
16:26:35     -> 重试仍然失败
16:26:35  没取到文本 (空文本框或复制失败) -> 直接回车   [取文本 2000ms]
16:26:35  ========== 已停止 (Esc) ==========
16:27:35  ========== 开始 (Ctrl+Alt+S) ==========
16:27:35  ---------- 第 1 个文本框 ----------
16:27:36  !! 复制失败: 文本框里有 8 个字符, 剪贴板却是空的  (这次全选走的是 API)
16:27:36     -> 退回右键菜单全选, 重试一次
16:27:37     -> 重试仍然失败
16:27:37  没取到文本 (空文本框或复制失败) -> 直接回车   [取文本 1984ms]
16:27:37  ---------- 第 2 个文本框 (上一轮共 2.20s) ----------
16:27:38  !! 复制失败: 文本框里有 8 个字符, 剪贴板却是空的  (这次全选走的是 API)
16:27:38     -> 退回右键菜单全选, 重试一次
16:27:39  收到 Esc, 正在停止...
16:27:39     -> 重试仍然失败
16:27:39  没取到文本 (空文本框或复制失败) -> 直接回车   [取文本 1969ms]
16:27:39  ========== 已停止 (Esc) ==========
16:48:03  [路径] 脚本目录=D:\buger\Desktop\汉化\autotranslate  python=D:\Program\Python3\python.exe  前处理=D:\buger\Desktop\汉化\autotranslate\translate.py  后处理=D:\buger\Desktop\汉化\autotranslate\translateposthtml.py
16:48:03  ===== 脚本版本 2026-10-06m 取文本改用 WM_GETTEXT(绕开 Ctrl+C) + 首次交叉验证 =====
16:48:03  [系统参数] 菜单显示延迟(SPI_GETMENUSHOWDELAY)=400ms -> 全选后等待=400ms  消息超时(SPI_GETMESSAGETIMEOUT)=5000ms -> 冲队列上限=5000ms  键盘延迟(SPI_GETKEYBOARDDELAY)=1  前台锁定(SPI_GETFOREGROUNDLOCKTIMEOUT)=2147483647ms  |  按翻译热键前的等待 = 400 + WM_NULL冲队列 + 300ms = 约 700ms  |  热键发法 = step (RAlt按住 150ms, F按住 100ms)  全选核对 = 关  没反应重试 = 1 次  |  自适应等待 = 关 (固定 Sleep)  |  止损: 失败过的文本跳过 = 开, 连续失败 3 次就停, 跳过正则 = ^<[^<>]*>$  |  全选方式 = Windows API (EM_SETSEL), 失败退回右键菜单  |  脚本热键 = 开始 ^!s / 探针 ^!+p (静态定义, 见文件末尾)  |  等待: 取文本0ms/剪贴板上限600ms/粘贴后0ms/回车后150ms/等译文2500ms(+稳定期3000ms)
16:48:09  ========== 开始 (Ctrl+Alt+S) ==========
16:48:09  ---------- 第 1 个文本框 ----------
16:48:09  ★ 全选改用 Windows API (EM_SETSEL): 不再弹右键菜单, 每次省约 500ms
16:48:10  !! 复制失败: 文本框里有 8 个字符, 剪贴板却是空的  (这次全选走的是 API)
16:48:10     -> 退回右键菜单全选, 重试一次
16:48:11  收到 Esc, 正在停止...
16:48:11     -> 重试仍然失败
16:48:11  读文本交叉验证: WM_GETTEXT="Menu Bar"   菜单+Ctrl+C=""   【不一致! 本次以剪贴板为准】
16:48:11  没取到文本 (空文本框或复制失败) -> 直接回车   [取文本 1969ms]
16:48:12  ========== 已停止 (Esc) ==========
16:52:46  [路径] 脚本目录=D:\buger\Desktop\汉化\autotranslate  python=D:\Program\Python3\python.exe  前处理=D:\buger\Desktop\汉化\autotranslate\translate.py  后处理=D:\buger\Desktop\汉化\autotranslate\translateposthtml.py
16:52:46  ===== 脚本版本 2026-10-06n 慢动作模式(每步停5s+提示) + 菜单模式检测/自动关掉 =====
16:52:46  [系统参数] 菜单显示延迟(SPI_GETMENUSHOWDELAY)=400ms -> 全选后等待=400ms  消息超时(SPI_GETMESSAGETIMEOUT)=5000ms -> 冲队列上限=5000ms  键盘延迟(SPI_GETKEYBOARDDELAY)=1  前台锁定(SPI_GETFOREGROUNDLOCKTIMEOUT)=2147483647ms  |  按翻译热键前的等待 = 400 + WM_NULL冲队列 + 300ms = 约 700ms  |  热键发法 = step (RAlt按住 150ms, F按住 100ms)  全选核对 = 关  没反应重试 = 1 次  |  自适应等待 = 关 (固定 Sleep)  |  止损: 失败过的文本跳过 = 开, 连续失败 3 次就停, 跳过正则 = ^<[^<>]*>$  |  全选方式 = Windows API (EM_SETSEL), 失败退回右键菜单  |  脚本热键 = 开始 ^!s / 探针 ^!+p (静态定义, 见文件末尾)  |  等待: 取文本0ms/剪贴板上限600ms/粘贴后0ms/回车后150ms/等译文2500ms(+稳定期3000ms)
16:52:54  ========== 开始 (Ctrl+Alt+S) ==========
16:52:55  ---------- 第 1 个文本框 ----------
16:52:55  ★ 全选改用 Windows API (EM_SETSEL): 不再弹右键菜单, 每次省约 500ms
16:52:55  !! 复制失败: 文本框里有 8 个字符, 剪贴板却是空的  (这次全选走的是 API)
16:52:55     -> 退回右键菜单全选, 重试一次
16:52:57     -> 重试仍然失败
16:52:57  读文本交叉验证: WM_GETTEXT="Menu Bar"   菜单+Ctrl+C=""   【不一致! 本次以剪贴板为准】
16:52:57  没取到文本 (空文本框或复制失败) -> 直接回车   [取文本 1969ms]
16:52:57  ---------- 第 2 个文本框 (上一轮共 2.17s) ----------
16:52:57  原文: "Menu Bar"   [取文本 0ms]
16:53:00  收到 Esc, 正在停止...
16:53:02  (Esc 中断) translate.py 调用失败 >> 已按 Esc, 中止本次调用
17:36:19  [路径] 脚本目录=D:\buger\Desktop\汉化\autotranslate  python=D:\Program\Python3\python.exe  前处理=D:\buger\Desktop\汉化\autotranslate\translate.py  后处理=D:\buger\Desktop\汉化\autotranslate\translateposthtml.py
17:36:19  ===== 脚本版本 2026-10-06p 总病根: Alt 把程序带进菜单模式 -> 每步前自动 Esc 退出 =====
17:36:19  [系统参数] 菜单显示延迟(SPI_GETMENUSHOWDELAY)=400ms -> 全选后等待=400ms  消息超时(SPI_GETMESSAGETIMEOUT)=5000ms -> 冲队列上限=5000ms  键盘延迟(SPI_GETKEYBOARDDELAY)=1  前台锁定(SPI_GETFOREGROUNDLOCKTIMEOUT)=2147483647ms  |  按翻译热键前的等待 = 400 + WM_NULL冲队列 + 300ms = 约 700ms  |  热键发法 = step (RAlt按住 150ms, F按住 100ms)  全选核对 = 关  没反应重试 = 1 次  |  自适应等待 = 关 (固定 Sleep)  |  止损: 失败过的文本跳过 = 开, 连续失败 3 次就停, 跳过正则 = ^<[^<>]*>$  |  全选方式 = Windows API (EM_SETSEL), 失败退回右键菜单  |  脚本热键 = 开始 ^!s / 探针 ^!+p (静态定义, 见文件末尾)  |  等待: 取文本0ms/剪贴板上限600ms/粘贴后0ms/回车后150ms/等译文2500ms(+稳定期3000ms)
17:36:24  ========== 开始 (Ctrl+Alt+S) ==========
17:36:24  ---------- 第 1 个文本框 ----------
17:36:24  ★ 全选改用 Windows API (EM_SETSEL): 不再弹右键菜单, 每次省约 500ms
17:36:25  !! 复制失败: 文本框里有 8 个字符, 剪贴板却是空的  (这次全选走的是 API)
17:36:25     -> 退回右键菜单全选, 重试一次
17:36:26  收到 Esc, 正在停止...
17:36:26     -> 重试仍然失败
17:36:26  读文本交叉验证: WM_GETTEXT="Menu Bar"   菜单+Ctrl+C=""   【不一致! 本次以剪贴板为准】
17:36:26  没取到文本 (空文本框或复制失败) -> 直接回车   [取文本 2016ms]
17:36:26  ========== 已停止 (Esc) ==========
17:37:06  ========== 开始 (Ctrl+Alt+S) ==========
17:37:06  ---------- 第 1 个文本框 ----------
17:37:06  原文: "Menu Bar"   [取文本 0ms]
17:37:11  translate.py -> need=0  text="Menu Bar"   [python 375ms]
17:37:16  不需要翻译 -> 直接回车
17:37:17      [回车+等下一个框 203ms]
17:37:18  收到 Esc, 正在停止...
17:37:22  ========== 已停止 (Esc) ==========
17:41:40  [路径] 脚本目录=D:\buger\Desktop\汉化\autotranslate  python=D:\Program\Python3\python.exe  前处理=D:\buger\Desktop\汉化\autotranslate\translate.py  后处理=D:\buger\Desktop\汉化\autotranslate\translateposthtml.py
17:41:40  ===== 脚本版本 2026-10-06q 开始热键改成 Ctrl+Shift+S(去掉Alt) + 焦点诊断 + Menu Bar 守卫 =====
17:41:40  [系统参数] 菜单显示延迟(SPI_GETMENUSHOWDELAY)=400ms -> 全选后等待=400ms  消息超时(SPI_GETMESSAGETIMEOUT)=5000ms -> 冲队列上限=5000ms  键盘延迟(SPI_GETKEYBOARDDELAY)=1  前台锁定(SPI_GETFOREGROUNDLOCKTIMEOUT)=2147483647ms  |  按翻译热键前的等待 = 400 + WM_NULL冲队列 + 300ms = 约 700ms  |  热键发法 = step (RAlt按住 150ms, F按住 100ms)  全选核对 = 关  没反应重试 = 1 次  |  自适应等待 = 关 (固定 Sleep)  |  止损: 失败过的文本跳过 = 开, 连续失败 3 次就停, 跳过正则 = ^<[^<>]*>$  |  全选方式 = Windows API (EM_SETSEL), 失败退回右键菜单  |  脚本热键 = 开始 ^+s (Ctrl+Shift+S, 不含 Alt) / 探针 ^!+p  |  等待: 取文本0ms/剪贴板上限600ms/粘贴后0ms/回车后150ms/等译文2500ms(+稳定期3000ms)
17:41:45  ========== 开始 (Ctrl+Alt+S) ==========
17:41:45  ---------- 第 1 个文本框 ----------
17:41:45  ★ 全选改用 Windows API (EM_SETSEL): 不再弹右键菜单, 每次省约 500ms
17:41:45  读文本交叉验证: WM_GETTEXT="&Export >>"   菜单+Ctrl+C="&Export >>"   焦点=Edit '&Export >>'   【一致】
17:41:45  原文: "&Export >>"   [取文本 109ms, 焦点 Edit '&Export >>']
17:41:51  translate.py -> need=1  text="Export >>"   [python 375ms]
17:42:01  翻译前基准: "Export >>"   [粘贴 141ms, 取基准 0ms]
17:42:06  按翻译热键 (第 1 次, step 模式)   [全选+确认 313ms]
17:42:18      第 1 次轮询看到内容变了
17:42:18  译文已稳定 (轮询 2 次)
17:42:18      [等译文 1.72s, 轮询 2 次]
17:42:18  译文: "出口>>"
17:42:24  translateposthtml.py -> "出口>>"   [python 94ms]
17:42:29      [粘回译文 141ms]
17:42:34      [回车+等下一个框 203ms]
17:42:36  收到 Esc, 正在停止...
17:42:39  ========== 已停止 (Esc) ==========
17:44:37  [路径] 脚本目录=D:\buger\Desktop\汉化\autotranslate  python=D:\Program\Python3\python.exe  前处理=D:\buger\Desktop\汉化\autotranslate\translate.py  后处理=D:\buger\Desktop\汉化\autotranslate\translateposthtml.py
17:44:37  ===== 脚本版本 2026-10-06r 关掉慢动作 + 轮询压到150ms (读文本走WM_GETTEXT免费) =====
17:44:37  [系统参数] 菜单显示延迟(SPI_GETMENUSHOWDELAY)=400ms -> 全选后等待=400ms  消息超时(SPI_GETMESSAGETIMEOUT)=5000ms -> 冲队列上限=5000ms  键盘延迟(SPI_GETKEYBOARDDELAY)=1  前台锁定(SPI_GETFOREGROUNDLOCKTIMEOUT)=2147483647ms  |  按翻译热键前的等待 = 400 + WM_NULL冲队列 + 300ms = 约 700ms  |  热键发法 = step (RAlt按住 150ms, F按住 100ms)  全选核对 = 关  没反应重试 = 1 次  |  自适应等待 = 关 (固定 Sleep)  |  止损: 失败过的文本跳过 = 开, 连续失败 3 次就停, 跳过正则 = ^<[^<>]*>$  |  全选方式 = Windows API (EM_SETSEL), 失败退回右键菜单  |  脚本热键 = 开始 ^+s (Ctrl+Shift+S, 不含 Alt) / 探针 ^!+p  |  等待: 取文本0ms/剪贴板上限600ms/粘贴后0ms/回车后150ms/等译文2500ms(+稳定期3000ms)
17:44:43  ========== 开始 (Ctrl+Alt+S) ==========
17:44:43  ---------- 第 1 个文本框 ----------
17:44:43  ★ 全选改用 Windows API (EM_SETSEL): 不再弹右键菜单, 每次省约 500ms
17:44:43  读文本交叉验证: WM_GETTEXT="Select the items to export:"   菜单+Ctrl+C="Select the items to export:"   焦点=Edit 'Select the items to '   【一致】
17:44:43  原文: "Select the items to export:"   [取文本 94ms, 焦点 Edit 'Select the items to ']
17:44:44  translate.py -> need=1  text="Select the items to export:"   [python 828ms]
17:44:44  翻译前基准: "Select the items to export:"   [粘贴 141ms, 取基准 0ms]
17:44:45  按翻译热键 (第 1 次, step 模式)   [全选+确认 297ms]
17:44:46      第 1 次轮询看到内容变了
17:44:46  译文已稳定 (轮询 2 次)
17:44:46      [等译文 0.47s, 轮询 2 次]
17:44:46  译文: "选择要导出的项目："
17:44:46  translateposthtml.py -> "选择要导出的项目："   [python 93ms]
17:44:46      [粘回译文 157ms]
17:44:46      [回车+等下一个框 234ms]
17:44:46  ---------- 第 2 个文本框 (上一轮共 2.89s) ----------
17:44:46  原文: "Edit Custom Parameters - by CodeSMART"   [取文本 0ms, 焦点 Edit 'Edit Custom Paramete']
17:44:47  translate.py -> need=1  text="Edit Custom Parameters - by CodeSMART"   [python 812ms]
17:44:47  翻译前基准: "Edit Custom Parameters - by CodeSMART"   [粘贴 157ms, 取基准 0ms]
17:44:47  按翻译热键 (第 1 次, step 模式)   [全选+确认 297ms]
17:44:48      第 1 次轮询看到内容变了
17:44:48  译文已稳定 (轮询 2 次)
17:44:48      [等译文 0.47s, 轮询 2 次]
17:44:48  译文: "编辑自定义参数-通过CodeSMART"
17:44:49  translateposthtml.py -> "编辑自定义参数-通过CodeSMART"   [python 110ms]
17:44:49      [粘回译文 156ms]
17:44:49      [回车+等下一个框 203ms]
17:44:49  ---------- 第 3 个文本框 (上一轮共 2.77s) ----------
17:44:49  原文: "Form1"   [取文本 0ms, 焦点 Edit 'Form1']
17:44:49  translate.py -> need=0  text="Form1"   [python 187ms]
17:44:49  不需要翻译 -> 直接回车
17:44:49      [回车+等下一个框 203ms]
17:44:49  ---------- 第 4 个文本框 (上一轮共 0.39s) ----------
17:44:49  原文: "&Help"   [取文本 0ms, 焦点 Edit '&Help']
17:44:50  translate.py -> need=1  text="Help"   [python 203ms]
17:44:50  翻译前基准: "Help"   [粘贴 141ms, 取基准 0ms]
17:44:50  按翻译热键 (第 1 次, step 模式)   [全选+确认 312ms]
17:44:51      第 1 次轮询看到内容变了
17:44:51  译文已稳定 (轮询 2 次)
17:44:51      [等译文 0.47s, 轮询 2 次]
17:44:51  译文: "帮助"
17:44:51  translateposthtml.py -> "帮助"   [python 47ms]
17:44:51      [粘回译文 156ms]
17:44:51      [回车+等下一个框 204ms]
17:44:51  ---------- 第 5 个文本框 (上一轮共 2.11s) ----------
17:44:51  原文: "&Close"   [取文本 0ms, 焦点 Edit '&Close']
17:44:52  translate.py -> need=1  text="Close"   [python 218ms]
17:44:52  翻译前基准: "Close"   [粘贴 141ms, 取基准 0ms]
17:44:52  按翻译热键 (第 1 次, step 模式)   [全选+确认 312ms]
17:44:53      第 1 次轮询看到内容变了
17:44:53  译文已稳定 (轮询 2 次)
17:44:53      [等译文 0.45s, 轮询 2 次]
17:44:53  译文: "密切"
17:44:53  translateposthtml.py -> "密切"   [python 109ms]
17:44:53      [粘回译文 157ms]
17:44:54      [回车+等下一个框 218ms]
17:44:54  ---------- 第 6 个文本框 (上一轮共 2.17s) ----------
17:44:54  原文: "&Remove"   [取文本 0ms, 焦点 Edit '&Remove']
17:44:54  translate.py -> need=1  text="Remove"   [python 219ms]
17:44:54  翻译前基准: "Remove"   [粘贴 141ms, 取基准 0ms]
17:44:54  按翻译热键 (第 1 次, step 模式)   [全选+确认 312ms]
17:44:55      第 1 次轮询看到内容变了
17:44:55  译文已稳定 (轮询 2 次)
17:44:55      [等译文 0.45s, 轮询 2 次]
17:44:55  译文: "去除"
17:44:55  translateposthtml.py -> "去除"   [python 94ms]
17:44:56      [粘回译文 172ms]
17:44:56      [回车+等下一个框 218ms]
17:44:56  ---------- 第 7 个文本框 (上一轮共 2.17s) ----------
17:44:56  原文: "&Add New"   [取文本 0ms, 焦点 Edit '&Add New']
17:44:56  translate.py -> need=1  text="Add New"   [python 235ms]
17:44:56  翻译前基准: "Add New"   [粘贴 156ms, 取基准 0ms]
17:44:56  按翻译热键 (第 1 次, step 模式)   [全选+确认 312ms]
17:44:57      第 1 次轮询看到内容变了
17:44:57  译文已稳定 (轮询 2 次)
17:44:57      [等译文 0.45s, 轮询 2 次]
17:44:58  译文: "添加新"
17:44:58  translateposthtml.py -> "添加新"   [python 125ms]
17:44:58      [粘回译文 172ms]
17:44:58      [回车+等下一个框 203ms]
17:44:58  ---------- 第 8 个文本框 (上一轮共 2.25s) ----------
17:44:58  原文: "Import CodeSMART 3.x Macrodefinitions"   [取文本 0ms, 焦点 Edit 'Import CodeSMART 3.x']
17:44:59  translate.py -> need=1  text="Import CodeSMART 3.x Macrodefinitions"   [python 782ms]
17:44:59  翻译前基准: "Import CodeSMART 3.x Macrodefinitions"   [粘贴 171ms, 取基准 0ms]
17:44:59  按翻译热键 (第 1 次, step 模式)   [全选+确认 297ms]
17:45:00      第 1 次轮询看到内容变了
17:45:00  译文已稳定 (轮询 2 次)
17:45:00      [等译文 0.45s, 轮询 2 次]
17:45:00  译文: "导入CodeSMART 3.x宏定义"
17:45:00  translateposthtml.py -> "导入CodeSMART 3.x宏定义"   [python 125ms]
17:45:01      [粘回译文 141ms]
17:45:01      [回车+等下一个框 203ms]
17:45:01  ---------- 第 9 个文本框 (上一轮共 2.72s) ----------
17:45:01  原文: "Form1"   [取文本 0ms, 焦点 Edit 'Form1']
17:45:01  translate.py -> need=0  text="Form1"   [python 218ms]
17:45:01  不需要翻译 -> 直接回车
17:45:01      [回车+等下一个框 204ms]
17:45:01  ---------- 第 10 个文本框 (上一轮共 0.44s) ----------
17:45:01  原文: "Use this feature to import CodeSMART 3.x macrodefinitions as CodeSMART 2013 for VB6 AutoText entries."   [取文本 0ms, 焦点 Edit 'Use this feature to ']
17:45:02  translate.py -> need=1  text="Use this feature to import CodeSMART 3.x macrodefinitions as CodeSMART 2013 for VB6 AutoText entries."   [python 781ms]
17:45:02  翻译前基准: "Use this feature to import CodeSMART 3.x macrodefinitions as CodeSMART 2013 for VB6 AutoText entries."   [粘贴 172ms, 取基准 0ms]
17:45:02  按翻译热键 (第 1 次, step 模式)   [全选+确认 297ms]
17:45:03      第 1 次轮询看到内容变了
17:45:04  译文已稳定 (轮询 5 次)
17:45:04      [等译文 0.94s, 轮询 5 次]
17:45:04  译文: "使用此功能将CodeSMART 3.x宏定义导入为用于VB6自动图文集条目的CodeSMART 2013。"
17:45:04  translateposthtml.py -> "使用此功能将CodeSMART 3.x宏定义导入为用于VB6自动图文集条目的CodeSMART 2013。"   [python 109ms]
17:45:04      [粘回译文 141ms]
17:45:04      [回车+等下一个框 218ms]
17:45:04  ---------- 第 11 个文本框 (上一轮共 3.22s) ----------
17:45:04  原文: "&Start"   [取文本 0ms, 焦点 Edit '&Start']
17:45:05  translate.py -> need=1  text="Start"   [python 203ms]
17:45:05  翻译前基准: "Start"   [粘贴 157ms, 取基准 0ms]
17:45:05  按翻译热键 (第 1 次, step 模式)   [全选+确认 297ms]
17:45:06      第 1 次轮询看到内容变了
17:45:06  译文已稳定 (轮询 2 次)
17:45:06      [等译文 0.45s, 轮询 2 次]
17:45:06  译文: "开始"
17:45:06  translateposthtml.py -> "开始"   [python 109ms]
17:45:06      [粘回译文 156ms]
17:45:07      [回车+等下一个框 204ms]
17:45:07  ---------- 第 12 个文本框 (上一轮共 2.16s) ----------
17:45:07  原文: "&Cancel"   [取文本 0ms, 焦点 Edit '&Cancel']
17:45:07  translate.py -> need=1  text="Cancel"   [python 187ms]
17:45:07  翻译前基准: "Cancel"   [粘贴 141ms, 取基准 0ms]
17:45:07  按翻译热键 (第 1 次, step 模式)   [全选+确认 297ms]
17:45:08      第 1 次轮询看到内容变了
17:45:08  译文已稳定 (轮询 2 次)
17:45:08      [等译文 0.49s, 轮询 2 次]
17:45:08  译文: "取消"
17:45:08  translateposthtml.py -> "取消"   [python 94ms]
17:45:08      [粘回译文 187ms]
17:45:09      [回车+等下一个框 203ms]
17:45:09  ---------- 第 13 个文本框 (上一轮共 2.14s) ----------
17:45:09  原文: "Import CodeSMART 3.x Code Database"   [取文本 0ms, 焦点 Edit 'Import CodeSMART 3.x']
17:45:10  translate.py -> need=1  text="Import CodeSMART 3.x Code Database"   [python 875ms]
17:45:10  翻译前基准: "Import CodeSMART 3.x Code Database"   [粘贴 156ms, 取基准 0ms]
17:45:10  按翻译热键 (第 1 次, step 模式)   [全选+确认 297ms]
17:45:11      第 1 次轮询看到内容变了
17:45:11  译文已稳定 (轮询 2 次)
17:45:11      [等译文 0.45s, 轮询 2 次]
17:45:11  译文: "导入CodeSMART 3.x代码数据库"
17:45:11  translateposthtml.py -> "导入CodeSMART 3.x代码数据库"   [python 110ms]
17:45:11      [粘回译文 140ms]
17:45:11      [回车+等下一个框 235ms]
17:45:11  ---------- 第 14 个文本框 (上一轮共 2.81s) ----------
17:45:11  原文: "Form1"   [取文本 0ms, 焦点 Edit 'Form1']
17:45:12  translate.py -> need=0  text="Form1"   [python 218ms]
17:45:12  不需要翻译 -> 直接回车
17:45:12      [回车+等下一个框 204ms]
17:45:12  ---------- 第 15 个文本框 (上一轮共 0.42s) ----------
17:45:12  原文: "&Cancel"   [取文本 0ms, 焦点 Edit '&Cancel']
17:45:12  translate.py -> need=1  text="Cancel"   [python 203ms]
17:45:12  翻译前基准: "Cancel"   [粘贴 172ms, 取基准 0ms]
17:45:13  按翻译热键 (第 1 次, step 模式)   [全选+确认 296ms]
17:45:13      第 1 次轮询看到内容变了
17:45:14  译文已稳定 (轮询 2 次)
17:45:14      [等译文 0.47s, 轮询 2 次]
17:45:14  译文: "取消"
17:45:14  translateposthtml.py -> "取消"   [python 93ms]
17:45:14      [粘回译文 157ms]
17:45:14      [回车+等下一个框 218ms]
17:45:14  ---------- 第 16 个文本框 (上一轮共 2.22s) ----------
17:45:14  原文: "&Next >>"   [取文本 0ms, 焦点 Edit '&Next >>']
17:45:14  translate.py -> need=1  text="Next >>"   [python 203ms]
17:45:14  翻译前基准: "Next >>"   [粘贴 141ms, 取基准 0ms]
17:45:15  按翻译热键 (第 1 次, step 模式)   [全选+确认 313ms]
17:45:16      第 1 次轮询看到内容变了
17:45:16  译文已稳定 (轮询 2 次)
17:45:16      [等译文 0.47s, 轮询 2 次]
17:45:16  译文: "下一页>>"
17:45:16  translateposthtml.py -> "下一页>>"   [python 94ms]
17:45:16      [粘回译文 140ms]
17:45:16      [回车+等下一个框 203ms]
17:45:16  ---------- 第 17 个文本框 (上一轮共 2.13s) ----------
17:45:16  原文: "<< &Back"   [取文本 0ms, 焦点 Edit '<< &Back']
17:45:16  translate.py -> need=1  text="<< Back"   [python 203ms]
17:45:17  翻译前基准: "<< Back"   [粘贴 141ms, 取基准 0ms]
17:45:17  按翻译热键 (第 1 次, step 模式)   [全选+确认 313ms]
17:45:18      第 1 次轮询看到内容变了
17:45:18  译文已稳定 (轮询 2 次)
17:45:18      [等译文 0.45s, 轮询 2 次]
17:45:18  译文: "<<返回"
17:45:18  translateposthtml.py -> "<<返回"   [python 110ms]
17:45:18      [粘回译文 140ms]
17:45:18      [回车+等下一个框 203ms]
17:45:18  ---------- 第 18 个文本框 (上一轮共 2.13s) ----------
17:45:18  原文: "Use this feature to import CodeSMART 3.x code database folders/items into a CodeSMART 2013 for VB6 database system."   [取文本 0ms, 焦点 Edit 'Use this feature to ']
17:45:19  translate.py -> need=1  text="Use this feature to import CodeSMART 3.x code database folders/items into a CodeSMART 2013 for VB6 database system."   [python 782ms]
17:45:19  翻译前基准: "Use this feature to import CodeSMART 3.x code database folders/items into a CodeSMART 2013 for VB6 database system."   [粘贴 140ms, 取基准 0ms]
17:45:20  按翻译热键 (第 1 次, step 模式)   [全选+确认 313ms]
17:45:20      第 1 次轮询看到内容变了
17:45:21  译文已稳定 (轮询 5 次)
17:45:21      [等译文 0.92s, 轮询 5 次]
17:45:21  译文: "使用此功能将CodeSMART 3.x代码数据库文件夹/项目导入CodeSMART 2013 for VB 6数据库系统。"
17:45:21  translateposthtml.py -> "使用此功能将CodeSMART 3.x代码数据库文件夹/项目导入CodeSMART 2013 for VB 6数据库系统。"   [python 94ms]
17:45:21      [粘回译文 141ms]
17:45:22      [回车+等下一个框 203ms]
17:45:22  ---------- 第 19 个文本框 (上一轮共 3.14s) ----------
17:45:22  原文: "Find in Code Snippet"   [取文本 0ms, 焦点 Edit 'Find in Code Snippet']
17:45:22  translate.py -> need=1  text="Find in Code Snippet"   [python 875ms]
17:45:23  翻译前基准: "Find in Code Snippet"   [粘贴 172ms, 取基准 0ms]
17:45:23  按翻译热键 (第 1 次, step 模式)   [全选+确认 297ms]
17:45:24      第 1 次轮询看到内容变了
17:45:24  译文已稳定 (轮询 2 次)
17:45:24      [等译文 0.45s, 轮询 2 次]
17:45:24  译文: "在代码中查找嗅探器"
17:45:24  translateposthtml.py -> "在代码中查找嗅探器"   [python 110ms]
17:45:24      [粘回译文 156ms]
17:45:24      [回车+等下一个框 219ms]
17:45:24  ---------- 第 20 个文本框 (上一轮共 2.84s) ----------
17:45:24  原文: "Form3"   [取文本 0ms, 焦点 Edit 'Form3']
17:45:25  translate.py -> need=0  text="Form3"   [python 203ms]
17:45:25  不需要翻译 -> 直接回车
17:45:25      [回车+等下一个框 219ms]
17:45:25  ---------- 第 21 个文本框 (上一轮共 0.42s) ----------
17:45:25  原文: "Combo1"   [取文本 0ms, 焦点 Edit 'Combo1']
17:45:25  translate.py -> need=0  text="Combo1"   [python 187ms]
17:45:25  不需要翻译 -> 直接回车
17:45:25      [回车+等下一个框 219ms]
17:45:25  ---------- 第 22 个文本框 (上一轮共 0.42s) ----------
17:45:25  原文: "&Cancel"   [取文本 0ms, 焦点 Edit '&Cancel']
17:45:25  translate.py -> need=1  text="Cancel"   [python 204ms]
17:45:26  翻译前基准: "Cancel"   [粘贴 171ms, 取基准 0ms]
17:45:26  按翻译热键 (第 1 次, step 模式)   [全选+确认 297ms]
17:45:27      第 1 次轮询看到内容变了
17:45:27  译文已稳定 (轮询 2 次)
17:45:27      [等译文 0.47s, 轮询 2 次]
17:45:27  译文: "取消"
17:45:27  translateposthtml.py -> "取消"   [python 110ms]
17:45:27      [粘回译文 156ms]
17:45:27      [回车+等下一个框 203ms]
17:45:27  ---------- 第 23 个文本框 (上一轮共 2.22s) ----------
17:45:27  原文: "&Find"   [取文本 0ms, 焦点 Edit '&Find']
17:45:28  translate.py -> need=1  text="Find"   [python 203ms]
17:45:28  翻译前基准: "Find"   [粘贴 141ms, 取基准 0ms]
17:45:28  按翻译热键 (第 1 次, step 模式)   [全选+确认 297ms]
17:45:29      第 1 次轮询看到内容变了
17:45:29  译文已稳定 (轮询 2 次)
17:45:29      [等译文 0.45s, 轮询 2 次]
17:45:29  译文: "找到"
17:45:29  translateposthtml.py -> "找到"   [python 94ms]
17:45:29      [粘回译文 172ms]
17:45:30      [回车+等下一个框 203ms]
17:45:30  ---------- 第 24 个文本框 (上一轮共 2.13s) ----------
17:45:30  原文: "&Text to look for:"   [取文本 16ms, 焦点 Edit '&Text to look for:']
17:45:30  translate.py -> need=1  text="Text to look for:"   [python 203ms]
17:45:30  翻译前基准: "Text to look for:"   [粘贴 141ms, 取基准 0ms]
17:45:30  按翻译热键 (第 1 次, step 模式)   [全选+确认 312ms]
17:45:31      第 1 次轮询看到内容变了
17:45:31  译文已稳定 (轮询 2 次)
17:45:31      [等译文 0.47s, 轮询 2 次]
17:45:31  译文: "要查找的文本："
17:45:31  translateposthtml.py -> "要查找的文本："   [python 109ms]
17:45:31      [粘回译文 141ms]
17:45:32      [回车+等下一个框 203ms]
17:45:32  ---------- 第 25 个文本框 (上一轮共 2.14s) ----------
17:45:32  原文: "Keyboard Shortcuts"   [取文本 0ms, 焦点 Edit 'Keyboard Shortcuts']
17:45:33  translate.py -> need=1  text="Keyboard Shortcuts"   [python 828ms]
17:45:33  翻译前基准: "Keyboard Shortcuts"   [粘贴 141ms, 取基准 0ms]
17:45:33  按翻译热键 (第 1 次, step 模式)   [全选+确认 312ms]
17:45:34      第 1 次轮询看到内容变了
17:45:34  译文已稳定 (轮询 2 次)
17:45:34      [等译文 0.45s, 轮询 2 次]
17:45:34  译文: "键盘快捷键"
17:45:34  translateposthtml.py -> "键盘快捷键"   [python 47ms]
17:45:34      [粘回译文 156ms]
17:45:34      [回车+等下一个框 203ms]
17:45:34  ---------- 第 26 个文本框 (上一轮共 2.70s) ----------
17:45:34  原文: "Form1"   [取文本 0ms, 焦点 Edit 'Form1']
17:45:35  translate.py -> need=0  text="Form1"   [python 203ms]
17:45:35  不需要翻译 -> 直接回车
17:45:35      [回车+等下一个框 203ms]
17:45:35  ---------- 第 27 个文本框 (上一轮共 0.41s) ----------
17:45:35  原文: "&Cancel"   [取文本 0ms, 焦点 Edit '&Cancel']
17:45:35  translate.py -> need=1  text="Cancel"   [python 188ms]
17:45:35  翻译前基准: "Cancel"   [粘贴 140ms, 取基准 0ms]
17:45:35  按翻译热键 (第 1 次, step 模式)   [全选+确认 297ms]
17:45:36      第 1 次轮询看到内容变了
17:45:36  译文已稳定 (轮询 2 次)
17:45:36      [等译文 0.45s, 轮询 2 次]
17:45:36  译文: "取消"
17:45:37  translateposthtml.py -> "取消"   [python 94ms]
17:45:37      [粘回译文 140ms]
17:45:37      [回车+等下一个框 204ms]
17:45:37  ---------- 第 28 个文本框 (上一轮共 2.11s) ----------
17:45:37  原文: "&OK"   [取文本 0ms, 焦点 Edit '&OK']
17:45:37  translate.py -> need=1  text="OK"   [python 187ms]
17:45:37  翻译前基准: "OK"   [粘贴 141ms, 取基准 0ms]
17:45:38  按翻译热键 (第 1 次, step 模式)   [全选+确认 297ms]
17:45:38      第 1 次轮询看到内容变了
17:45:39  译文已稳定 (轮询 2 次)
17:45:39      [等译文 0.45s, 轮询 2 次]
17:45:39  译文: "好"
17:45:39  translateposthtml.py -> "好"   [python 156ms]
17:45:39      [粘回译文 141ms]
17:45:39      [回车+等下一个框 203ms]
17:45:39  ---------- 第 29 个文本框 (上一轮共 2.16s) ----------
17:45:39  原文: "Code Snippet Operation"   [取文本 0ms, 焦点 Edit 'Code Snippet Operati']
17:45:40  translate.py -> need=1  text="Code Snippet Operation"   [python 828ms]
17:45:40  翻译前基准: "Code Snippet Operation"   [粘贴 172ms, 取基准 0ms]
17:45:40  按翻译热键 (第 1 次, step 模式)   [全选+确认 297ms]
17:45:41      第 1 次轮询看到内容变了
17:45:41  译文已稳定 (轮询 2 次)
17:45:41      [等译文 0.45s, 轮询 2 次]
17:45:41  译文: "代码监听操作"
17:45:41  translateposthtml.py -> "代码监听操作"   [python 109ms]
17:45:42      [粘回译文 172ms]
17:45:42      [回车+等下一个框 203ms]
17:45:42  ---------- 第 30 个文本框 (上一轮共 2.78s) ----------
17:45:42  原文: "Form1"   [取文本 0ms, 焦点 Edit 'Form1']
17:45:42  translate.py -> need=0  text="Form1"   [python 188ms]
17:45:42  不需要翻译 -> 直接回车
17:45:42      [回车+等下一个框 203ms]
17:45:42  ---------- 第 31 个文本框 (上一轮共 0.39s) ----------
17:45:42  原文: "&Cancel"   [取文本 0ms, 焦点 Edit '&Cancel']
17:45:42  translate.py -> need=1  text="Cancel"   [python 187ms]
17:45:43  翻译前基准: "Cancel"   [粘贴 141ms, 取基准 0ms]
17:45:43  按翻译热键 (第 1 次, step 模式)   [全选+确认 312ms]
17:45:44      第 1 次轮询看到内容变了
17:45:44  译文已稳定 (轮询 2 次)
17:45:44      [等译文 0.45s, 轮询 2 次]
17:45:44  译文: "取消"
17:45:44  translateposthtml.py -> "取消"   [python 109ms]
17:45:44      [粘回译文 141ms]
17:45:44      [回车+等下一个框 234ms]
17:45:44  ---------- 第 32 个文本框 (上一轮共 2.14s) ----------
17:45:44  原文: "&OK"   [取文本 0ms, 焦点 Edit '&OK']
17:45:45  translate.py -> need=1  text="OK"   [python 203ms]
17:45:45  翻译前基准: "OK"   [粘贴 157ms, 取基准 15ms]
17:45:45  按翻译热键 (第 1 次, step 模式)   [全选+确认 297ms]
17:45:46      第 1 次轮询看到内容变了
17:45:46  译文已稳定 (轮询 2 次)
17:45:46      [等译文 0.45s, 轮询 2 次]
17:45:46  译文: "好"
17:45:46  translateposthtml.py -> "好"   [python 125ms]
17:45:46      [粘回译文 141ms]
17:45:47      [回车+等下一个框 219ms]
17:45:47  ---------- 第 33 个文本框 (上一轮共 2.19s) ----------
17:45:47  原文: "Available actions:"   [取文本 0ms, 焦点 Edit 'Available actions:']
17:45:47  translate.py -> need=1  text="Available actions:"   [python 812ms]
17:45:48  翻译前基准: "Available actions:"   [粘贴 141ms, 取基准 0ms]
17:45:48  按翻译热键 (第 1 次, step 模式)   [全选+确认 297ms]
17:45:49      第 1 次轮询看到内容变了
17:45:49  译文已稳定 (轮询 2 次)
17:45:49      [等译文 0.45s, 轮询 2 次]
17:45:49  译文: "可用操作："
17:45:49  translateposthtml.py -> "可用操作："   [python 110ms]
17:45:49      [粘回译文 156ms]
17:45:49      [回车+等下一个框 219ms]
17:45:49  ---------- 第 34 个文本框 (上一轮共 2.75s) ----------
17:45:49  原文: "Contents View"   [取文本 0ms, 焦点 Edit 'Contents View']
17:45:50  translate.py -> need=1  text="Contents View"   [python 781ms]
17:45:50  翻译前基准: "Contents View"   [粘贴 156ms, 取基准 0ms]
17:45:51  按翻译热键 (第 1 次, step 模式)   [全选+确认 297ms]
17:45:51      第 1 次轮询看到内容变了
17:45:52  译文已稳定 (轮询 2 次)
17:45:52      [等译文 0.45s, 轮询 2 次]
17:45:52  译文: "内容视图"
17:45:52  translateposthtml.py -> "内容视图"   [python 94ms]
17:45:52      [粘回译文 172ms]
17:45:52      [回车+等下一个框 234ms]
17:45:52  ---------- 第 35 个文本框 (上一轮共 2.78s) ----------
17:45:52  原文: "&Go"   [取文本 0ms, 焦点 Edit '&Go']
17:45:52  translate.py -> need=1  text="Go"   [python 234ms]
17:45:52  翻译前基准: "Go"   [粘贴 157ms, 取基准 0ms]
17:45:53  按翻译热键 (第 1 次, step 模式)   [全选+确认 297ms]
17:45:54      第 1 次轮询看到内容变了
17:45:54  译文已稳定 (轮询 2 次)
17:45:54      [等译文 0.47s, 轮询 2 次]
17:45:54  译文: "去"
17:45:54  translateposthtml.py -> "去"   [python 110ms]
17:45:54      [粘回译文 140ms]
17:45:54      [回车+等下一个框 204ms]
17:45:54  ---------- 第 36 个文本框 (上一轮共 2.19s) ----------
17:45:54  原文: "&Search For:"   [取文本 0ms, 焦点 Edit '&Search For:']
17:45:55  translate.py -> need=1  text="Search For:"   [python 218ms]
17:45:55  翻译前基准: "Search For:"   [粘贴 188ms, 取基准 0ms]
17:45:55  按翻译热键 (第 1 次, step 模式)   [全选+确认 297ms]
17:45:56      第 1 次轮询看到内容变了
17:45:56  译文已稳定 (轮询 2 次)
17:45:56      [等译文 0.45s, 轮询 2 次]
17:45:56  译文: "搜索：搜索"
17:45:56  translateposthtml.py -> "搜索：搜索"   [python 93ms]
17:45:56      [粘回译文 172ms]
17:45:56      [回车+等下一个框 203ms]
17:45:56  ---------- 第 37 个文本框 (上一轮共 2.17s) ----------
17:45:56  原文: "Please select a code item"   [取文本 0ms, 焦点 Edit 'Please select a code']
17:45:57  translate.py -> need=1  text="Please select a code item"   [python 860ms]
17:45:57  翻译前基准: "Please select a code item"   [粘贴 140ms, 取基准 0ms]
17:45:58  按翻译热键 (第 1 次, step 模式)   [全选+确认 313ms]
17:45:59      第 1 次轮询看到内容变了
17:45:59  译文已稳定 (轮询 2 次)
17:45:59      [等译文 0.47s, 轮询 2 次]
17:45:59  译文: "请选择一个代码项"
17:45:59  translateposthtml.py -> "请选择一个代码项"   [python 93ms]
17:45:59      [粘回译文 141ms]
17:45:59      [回车+等下一个框 203ms]
17:45:59  ---------- 第 38 个文本框 (上一轮共 2.77s) ----------
17:45:59  原文: "Add Excepted Type - by CodeSMART"   [取文本 0ms, 焦点 Edit 'Add Excepted Type - ']
17:46:00  translate.py -> need=1  text="Add Excepted Type - by CodeSMART"   [python 750ms]
17:46:00  翻译前基准: "Add Excepted Type - by CodeSMART"   [粘贴 156ms, 取基准 0ms]
17:46:00  按翻译热键 (第 1 次, step 模式)   [全选+确认 313ms]
17:46:01      第 1 次轮询看到内容变了
17:46:01  译文已稳定 (轮询 2 次)
17:46:01      [等译文 0.47s, 轮询 2 次]
17:46:01  译文: "添加异常类型-通过CodeSMART"
17:46:02  translateposthtml.py -> "添加异常类型-通过CodeSMART"   [python 94ms]
17:46:02      [粘回译文 188ms]
17:46:02      [回车+等下一个框 203ms]
17:46:02  ---------- 第 39 个文本框 (上一轮共 2.72s) ----------
17:46:02  原文: "Form1"   [取文本 0ms, 焦点 Edit 'Form1']
17:46:02  translate.py -> need=0  text="Form1"   [python 187ms]
17:46:02  不需要翻译 -> 直接回车
17:46:02      [回车+等下一个框 219ms]
17:46:02  ---------- 第 40 个文本框 (上一轮共 0.41s) ----------
17:46:02  原文: "Cancel"   [取文本 0ms, 焦点 Edit 'Cancel']
17:46:03  translate.py -> need=1  text="Cancel"   [python 188ms]
17:46:03  翻译前基准: "Cancel"   [粘贴 156ms, 取基准 0ms]
17:46:03  按翻译热键 (第 1 次, step 模式)   [全选+确认 297ms]
17:46:04      第 1 次轮询看到内容变了
17:46:04  译文已稳定 (轮询 2 次)
17:46:04      [等译文 0.45s, 轮询 2 次]
17:46:04  译文: "取消"
17:46:04  translateposthtml.py -> "取消"   [python 93ms]
17:46:04      [粘回译文 141ms]
17:46:04      [回车+等下一个框 203ms]
17:46:04  ---------- 第 41 个文本框 (上一轮共 2.08s) ----------
17:46:04  原文: "OK"   [取文本 0ms, 焦点 Edit 'OK']
17:46:05  translate.py -> need=1  text="OK"   [python 219ms]
17:46:05  翻译前基准: "OK"   [粘贴 172ms, 取基准 0ms]
17:46:05  按翻译热键 (第 1 次, step 模式)   [全选+确认 297ms]
17:46:06      第 1 次轮询看到内容变了
17:46:06  译文已稳定 (轮询 2 次)
17:46:06      [等译文 0.47s, 轮询 2 次]
17:46:06  译文: "好"
17:46:06  translateposthtml.py -> "好"   [python 125ms]
17:46:06      [粘回译文 141ms]
17:46:07      [回车+等下一个框 203ms]
17:46:07  ---------- 第 42 个文本框 (上一轮共 2.17s) ----------
17:46:07  原文: "Excepted type's full name:"   [取文本 0ms, 焦点 Edit 'Excepted type's full']
17:46:07  translate.py -> need=1  text="Excepted type's full name:"   [python 844ms]
17:46:08  翻译前基准: "Excepted type's full name:"   [粘贴 140ms, 取基准 0ms]
17:46:08  按翻译热键 (第 1 次, step 模式)   [全选+确认 297ms]
17:46:09      第 1 次轮询看到内容变了
17:46:09  译文已稳定 (轮询 2 次)
17:46:09      [等译文 0.45s, 轮询 2 次]
17:46:09  译文: "异常类型的全名："
17:46:09  translateposthtml.py -> "异常类型的全名："   [python 94ms]
17:46:09      [粘回译文 141ms]
17:46:09      [回车+等下一个框 218ms]
17:46:09  ---------- 第 43 个文本框 (上一轮共 2.78s) ----------
17:46:09  原文: "AutoText - Table View"   [取文本 0ms, 焦点 Edit 'AutoText - Table Vie']
17:46:10  translate.py -> need=1  text="AutoText - Table View"   [python 922ms]
17:46:10  翻译前基准: "AutoText - Table View"   [粘贴 156ms, 取基准 0ms]
17:46:11  按翻译热键 (第 1 次, step 模式)   [全选+确认 297ms]
17:46:12      第 1 次轮询看到内容变了
17:46:12  译文已稳定 (轮询 2 次)
17:46:12      [等译文 0.45s, 轮询 2 次]
17:46:12  译文: "自动图文集-表格视图"
17:46:12  translateposthtml.py -> "自动图文集-表格视图"   [python 109ms]
17:46:12      [粘回译文 141ms]
17:46:12      [回车+等下一个框 203ms]
17:46:12  ---------- 第 44 个文本框 (上一轮共 2.84s) ----------
17:46:12  原文: "Form1"   [取文本 0ms, 焦点 Edit 'Form1']
17:46:12  translate.py -> need=0  text="Form1"   [python 203ms]
17:46:12  不需要翻译 -> 直接回车
17:46:13      [回车+等下一个框 219ms]
17:46:13  ---------- 第 45 个文本框 (上一轮共 0.42s) ----------
17:46:13  原文: "Include items with no alias assigned"   [取文本 0ms, 焦点 Edit 'Include items with n']
17:46:13  translate.py -> need=1  text="Include items with no alias assigned"   [python 828ms]
17:46:14  翻译前基准: "Include items with no alias assigned"   [粘贴 157ms, 取基准 0ms]
17:46:14  按翻译热键 (第 1 次, step 模式)   [全选+确认 296ms]
17:46:15      第 1 次轮询看到内容变了
17:46:15  译文已稳定 (轮询 2 次)
17:46:15      [等译文 0.45s, 轮询 2 次]
17:46:15  译文: "包括未分配别名的项目"
17:46:15  translateposthtml.py -> "包括未分配别名的项目"   [python 94ms]
17:46:15      [粘回译文 172ms]
17:46:15      [回车+等下一个框 203ms]
17:46:15  ---------- 第 46 个文本框 (上一轮共 2.78s) ----------
17:46:15  原文: "&Group By Category"   [取文本 0ms, 焦点 Edit '&Group By Category']
17:46:16  translate.py -> need=1  text="Group By Category"   [python 219ms]
17:46:16  翻译前基准: "Group By Category"   [粘贴 156ms, 取基准 0ms]
17:46:16  按翻译热键 (第 1 次, step 模式)   [全选+确认 297ms]
17:46:17      第 1 次轮询看到内容变了
17:46:17  译文已稳定 (轮询 2 次)
17:46:17      [等译文 0.47s, 轮询 2 次]
17:46:17  译文: "按类别分组"
17:46:17  translateposthtml.py -> "按类别分组"   [python 109ms]
17:46:17      [粘回译文 141ms]
17:46:18      [回车+等下一个框 203ms]
17:46:18  ---------- 第 47 个文本框 (上一轮共 2.14s) ----------
17:46:18  原文: "Switch"   [取文本 0ms, 焦点 Edit 'Switch']
17:46:18  translate.py -> need=0  text="Switch"   [python 219ms]
17:46:18  不需要翻译 -> 直接回车
17:46:18      [回车+等下一个框 203ms]
17:46:18  ---------- 第 48 个文本框 (上一轮共 0.42s) ----------
17:46:18  原文: "Contents View"   [取文本 0ms, 焦点 Edit 'Contents View']
17:46:19  translate.py -> need=1  text="Contents View"   [python 828ms]
17:46:19  翻译前基准: "Contents View"   [粘贴 156ms, 取基准 0ms]
17:46:19  按翻译热键 (第 1 次, step 模式)   [全选+确认 297ms]
17:46:20      第 1 次轮询看到内容变了
17:46:20  译文已稳定 (轮询 2 次)
17:46:20      [等译文 0.47s, 轮询 2 次]
17:46:20  译文: "内容视图"
17:46:20  translateposthtml.py -> "内容视图"   [python 109ms]
17:46:21      [粘回译文 172ms]
17:46:21      [回车+等下一个框 203ms]
17:46:21  ---------- 第 49 个文本框 (上一轮共 2.78s) ----------
17:46:21  原文: "Search View"   [取文本 0ms, 焦点 Edit 'Search View']
17:46:22  translate.py -> need=1  text="Search View"   [python 844ms]
17:46:22  翻译前基准: "Search View"   [粘贴 140ms, 取基准 0ms]
17:46:22  按翻译热键 (第 1 次, step 模式)   [全选+确认 297ms]
17:46:23      第 1 次轮询看到内容变了
17:46:23  译文已稳定 (轮询 2 次)
17:46:23      [等译文 0.47s, 轮询 2 次]
17:46:23  译文: "搜索视图"
17:46:23  translateposthtml.py -> "搜索视图"   [python 94ms]
17:46:23      [粘回译文 141ms]
17:46:24      [回车+等下一个框 203ms]
17:46:24  ---------- 第 50 个文本框 (上一轮共 2.80s) ----------
17:46:24  原文: "&Add"   [取文本 0ms, 焦点 Edit '&Add']
17:46:24  translate.py -> need=1  text="Add"   [python 187ms]
17:46:24  翻译前基准: "Add"   [粘贴 141ms, 取基准 0ms]
17:46:24  按翻译热键 (第 1 次, step 模式)   [全选+确认 297ms]
17:46:25      第 1 次轮询看到内容变了
17:46:25  译文已稳定 (轮询 2 次)
17:46:25      [等译文 0.45s, 轮询 2 次]
17:46:25  译文: "添加"
17:46:25  translateposthtml.py -> "添加"   [python 94ms]
17:46:26      [粘回译文 187ms]
17:46:26      [回车+等下一个框 203ms]
17:46:26  ---------- 第 51 个文本框 (上一轮共 2.14s) ----------
17:46:26  原文: "&Edit"   [取文本 0ms, 焦点 Edit '&Edit']
17:46:26  translate.py -> need=1  text="Edit"   [python 219ms]
17:46:26  翻译前基准: "Edit"   [粘贴 156ms, 取基准 0ms]
17:46:26  按翻译热键 (第 1 次, step 模式)   [全选+确认 297ms]
17:46:27      第 1 次轮询看到内容变了
17:46:27  译文已稳定 (轮询 2 次)
17:46:27      [等译文 0.45s, 轮询 2 次]
17:46:27  译文: "编辑"
17:46:28  translateposthtml.py -> "编辑"   [python 109ms]
17:46:28      [粘回译文 156ms]
17:46:28      [回车+等下一个框 203ms]
17:46:28  ---------- 第 52 个文本框 (上一轮共 2.17s) ----------
17:46:28  原文: "&Delete"   [取文本 0ms, 焦点 Edit '&Delete']
17:46:28  translate.py -> need=1  text="Delete"   [python 203ms]
17:46:28  翻译前基准: "Delete"   [粘贴 141ms, 取基准 0ms]
17:46:29  按翻译热键 (第 1 次, step 模式)   [全选+确认 297ms]
17:46:29      第 1 次轮询看到内容变了
17:46:30  译文已稳定 (轮询 2 次)
17:46:30      [等译文 0.45s, 轮询 2 次]
17:46:30  译文: "删除"
17:46:30  translateposthtml.py -> "删除"   [python 109ms]
17:46:30      [粘回译文 156ms]
17:46:30      [回车+等下一个框 235ms]
17:46:30  ---------- 第 53 个文本框 (上一轮共 2.16s) ----------
17:46:30  原文: "&Delete"   [取文本 0ms, 焦点 Edit '&Delete']
17:46:30  translate.py -> need=1  text="Delete"   [python 219ms]
17:46:30  翻译前基准: "Delete"   [粘贴 141ms, 取基准 0ms]
17:46:31  按翻译热键 (第 1 次, step 模式)   [全选+确认 296ms]
17:46:32      第 1 次轮询看到内容变了
17:46:32  译文已稳定 (轮询 2 次)
17:46:32      [等译文 0.45s, 轮询 2 次]
17:46:32  译文: "删除"
17:46:32  translateposthtml.py -> "删除"   [python 109ms]
17:46:32      [粘回译文 157ms]
17:46:32      [回车+等下一个框 234ms]
17:46:32  ---------- 第 54 个文本框 (上一轮共 2.17s) ----------
17:46:32  原文: "&Edit"   [取文本 0ms, 焦点 Edit '&Edit']
17:46:32  translate.py -> need=1  text="Edit"   [python 203ms]
17:46:33  翻译前基准: "Edit"   [粘贴 156ms, 取基准 0ms]
17:46:33  按翻译热键 (第 1 次, step 模式)   [全选+确认 313ms]
17:46:34      第 1 次轮询看到内容变了
17:46:34  译文已稳定 (轮询 2 次)
17:46:34      [等译文 0.47s, 轮询 2 次]
17:46:34  译文: "编辑"
17:46:34  translateposthtml.py -> "编辑"   [python 46ms]
17:46:34      [粘回译文 141ms]
17:46:34      [回车+等下一个框 203ms]
17:46:34  ---------- 第 55 个文本框 (上一轮共 2.09s) ----------
17:46:34  原文: "&Add"   [取文本 0ms, 焦点 Edit '&Add']
17:46:35  translate.py -> need=1  text="Add"   [python 187ms]
17:46:35  翻译前基准: "Add"   [粘贴 141ms, 取基准 0ms]
17:46:35  按翻译热键 (第 1 次, step 模式)   [全选+确认 297ms]
17:46:36      第 1 次轮询看到内容变了
17:46:36  译文已稳定 (轮询 2 次)
17:46:36      [等译文 0.45s, 轮询 2 次]
17:46:36  译文: "添加"
17:46:36  translateposthtml.py -> "添加"   [python 109ms]
17:46:36      [粘回译文 141ms]
17:46:36      [回车+等下一个框 203ms]
17:46:36  ---------- 第 56 个文本框 (上一轮共 2.08s) ----------
17:46:36  原文: "Control Type E&xceptions:"   [取文本 0ms, 焦点 Edit 'Control Type E&xcept']
17:46:37  translate.py -> need=1  text="Control Type Exceptions:"   [python 203ms]
17:46:37  翻译前基准: "Control Type Exceptions:"   [粘贴 141ms, 取基准 0ms]
17:46:37  按翻译热键 (第 1 次, step 模式)   [全选+确认 297ms]
17:46:38      第 1 次轮询看到内容变了
17:46:38  译文已稳定 (轮询 2 次)
17:46:38      [等译文 0.47s, 轮询 2 次]
17:46:38  译文: "控制类型："
17:46:38  translateposthtml.py -> "控制类型："   [python 125ms]
17:46:38      [粘回译文 156ms]
17:46:39      [回车+等下一个框 219ms]
17:46:39  ---------- 第 57 个文本框 (上一轮共 2.22s) ----------
17:46:39  原文: "Code &Variable Type and Argument Type Exceptions:"   [取文本 0ms, 焦点 Edit 'Code &Variable Type ']
17:46:39  translate.py -> need=1  text="Code Variable Type and Argument Type Exceptions:"   [python 250ms]
17:46:39  翻译前基准: "Code Variable Type and Argument Type Exceptions:"   [粘贴 172ms, 取基准 0ms]
17:46:39  按翻译热键 (第 1 次, step 模式)   [全选+确认 296ms]
17:46:40      第 1 次轮询看到内容变了
17:46:40  译文已稳定 (轮询 2 次)
17:46:40      [等译文 0.47s, 轮询 2 次]
17:46:40  译文: "代码变量类型和参数类型"
17:46:41  translateposthtml.py -> "代码变量类型和参数类型"   [python 110ms]
17:46:41      [粘回译文 187ms]
17:46:41      [回车+等下一个框 219ms]
17:46:41  ---------- 第 58 个文本框 (上一轮共 2.28s) ----------
17:46:41  原文: "g_"   [取文本 0ms, 焦点 Edit 'g_']
17:46:41  translate.py -> need=0  text="g_"   [python 219ms]
17:46:41  不需要翻译 -> 直接回车
17:46:41      [回车+等下一个框 218ms]
17:46:41  ---------- 第 59 个文本框 (上一轮共 0.44s) ----------
17:46:41  原文: "Global"   [取文本 0ms, 焦点 Edit 'Global']
17:46:42  translate.py -> need=0  text="Global"   [python 188ms]
17:46:42  不需要翻译 -> 直接回车
17:46:42      [回车+等下一个框 203ms]
17:46:42  ---------- 第 60 个文本框 (上一轮共 0.39s) ----------
17:46:42  原文: "Member"   [取文本 0ms, 焦点 Edit 'Member']
17:46:42  translate.py -> need=0  text="Member"   [python 188ms]
17:46:42  不需要翻译 -> 直接回车
17:46:42      [回车+等下一个框 218ms]
17:46:42  ---------- 第 61 个文本框 (上一轮共 0.41s) ----------
17:46:42  原文: "m_"   [取文本 0ms, 焦点 Edit 'm_']
17:46:42  translate.py -> need=0  text="m_"   [python 203ms]
17:46:42  不需要翻译 -> 直接回车
17:46:43      [回车+等下一个框 235ms]
17:46:43  ---------- 第 62 个文本框 (上一轮共 0.44s) ----------
17:46:43  原文: "Descriptive text here"   [取文本 0ms, 焦点 Edit 'Descriptive text her']
17:46:43  translate.py -> need=1  text="Descriptive text here"   [python 875ms]
17:46:44  翻译前基准: "Descriptive text here"   [粘贴 156ms, 取基准 0ms]
17:46:44  按翻译热键 (第 1 次, step 模式)   [全选+确认 297ms]
17:46:45      第 1 次轮询看到内容变了
17:46:45  译文已稳定 (轮询 2 次)
17:46:45      [等译文 0.47s, 轮询 2 次]
17:46:45  译文: "此处的描述性文字"
17:46:45  translateposthtml.py -> "此处的描述性文字"   [python 110ms]
17:46:45      [粘回译文 140ms]
17:46:45      [回车+等下一个框 203ms]
17:46:45  ---------- 第 63 个文本框 (上一轮共 2.81s) ----------
17:46:45  原文: "3"   [取文本 0ms, 焦点 Edit '3']
17:46:46  translate.py -> need=0  text="3"   [python 188ms]
17:46:46  不需要翻译 -> 直接回车
17:46:46      [回车+等下一个框 219ms]
17:46:46  ---------- 第 64 个文本框 (上一轮共 0.42s) ----------
17:46:46  原文: "&Make sure that:"   [取文本 0ms, 焦点 Edit '&Make sure that:']
17:46:46  translate.py -> need=1  text="Make sure that:"   [python 203ms]
17:46:46  翻译前基准: "Make sure that:"   [粘贴 157ms, 取基准 0ms]
17:46:46  按翻译热键 (第 1 次, step 模式)   [全选+确认 296ms]
17:46:47      第 1 次轮询看到内容变了
17:46:48  译文已稳定 (轮询 2 次)
17:46:48      [等译文 0.45s, 轮询 2 次]
17:46:48  译文: "确保："
17:46:48  translateposthtml.py -> "确保："   [python 125ms]
17:46:48      [粘回译文 140ms]
17:46:48      [回车+等下一个框 219ms]
17:46:48  ---------- 第 65 个文本框 (上一轮共 2.17s) ----------
17:46:48  原文: "letters of the data type name"   [取文本 0ms, 焦点 Edit 'letters of the data ']
17:46:49  translate.py -> need=1  text="letters of the data type name"   [python 859ms]
17:46:49  翻译前基准: "letters of the data type name"   [粘贴 141ms, 取基准 0ms]
17:46:49  按翻译热键 (第 1 次, step 模式)   [全选+确认 297ms]
17:46:50      第 1 次轮询看到内容变了
17:46:50  译文已稳定 (轮询 2 次)
17:46:50      [等译文 0.45s, 轮询 2 次]
17:46:50  译文: "数据类型名称的字母"
17:46:50  translateposthtml.py -> "数据类型名称的字母"   [python 109ms]
17:46:51      [粘回译文 172ms]
17:46:51      [回车+等下一个框 203ms]
17:46:51  ---------- 第 66 个文本框 (上一轮共 2.78s) ----------
17:46:51  原文: "Example: String -> "String""   [取文本 0ms, 焦点 Edit 'Example: String -> "']
17:46:52  translate.py -> need=1  text="Example: String -> "String""   [python 813ms]
17:46:52  翻译前基准: "Example: String -> "String""   [粘贴 140ms, 取基准 0ms]
17:46:52  按翻译热键 (第 1 次, step 模式)   [全选+确认 297ms]
17:46:53      第 1 次轮询看到内容变了
17:46:53  译文已稳定 (轮询 2 次)
17:46:53      [等译文 0.45s, 轮询 2 次]
17:46:53  译文: "示例：String ->“String”"
17:46:53  translateposthtml.py -> "示例：String ->“String”"   [python 93ms]
17:46:53      [粘回译文 141ms]
17:46:53      [回车+等下一个框 203ms]
17:46:53  ---------- 第 67 个文本框 (上一轮共 2.72s) ----------
17:46:53  原文: "Type Suffixes"   [取文本 0ms, 焦点 Edit 'Type Suffixes']
17:46:54  translate.py -> need=1  text="Type Suffixes"   [python 781ms]
17:46:54  翻译前基准: "Type Suffixes"   [粘贴 141ms, 取基准 0ms]
17:46:55  按翻译热键 (第 1 次, step 模式)   [全选+确认 297ms]
17:46:56      第 1 次轮询看到内容变了
17:46:56  译文已稳定 (轮询 2 次)
17:46:56      [等译文 0.48s, 轮询 2 次]
17:46:56  译文: "类型后缀"
17:46:56  translateposthtml.py -> "类型后缀"   [python 94ms]
17:46:56      [粘回译文 172ms]
17:46:56      [回车+等下一个框 203ms]
17:46:56  ---------- 第 68 个文本框 (上一轮共 2.72s) ----------
17:46:56  原文: "Type Prefixes"   [取文本 15ms, 焦点 Edit 'Type Prefixes']
17:46:57  translate.py -> need=1  text="Type Prefixes"   [python 797ms]
17:46:57  翻译前基准: "Type Prefixes"   [粘贴 157ms, 取基准 0ms]
17:46:57  按翻译热键 (第 1 次, step 模式)   [全选+确认 296ms]
17:46:58      第 1 次轮询看到内容变了
17:46:58  译文已稳定 (轮询 2 次)
17:46:58      [等译文 0.45s, 轮询 2 次]
17:46:58  译文: "类型前缀"
17:46:59  translateposthtml.py -> "类型前缀"   [python 94ms]
17:46:59      [粘回译文 141ms]
17:46:59      [回车+等下一个框 203ms]
17:46:59  ---------- 第 69 个文本框 (上一轮共 2.72s) ----------
17:46:59  原文: "The prefix is built from the &first"   [取文本 0ms, 焦点 Edit 'The prefix is built ']
17:46:59  translate.py -> need=1  text="The prefix is built from the first"   [python 218ms]
17:46:59  翻译前基准: "The prefix is built from the first"   [粘贴 141ms, 取基准 0ms]
17:47:00  按翻译热键 (第 1 次, step 模式)   [全选+确认 297ms]
17:47:00      第 1 次轮询看到内容变了
17:47:01  译文已稳定 (轮询 2 次)
17:47:01      [等译文 0.47s, 轮询 2 次]
17:47:01  译文: "前缀是从第一个"
17:47:01  translateposthtml.py -> "前缀是从第一个"   [python 94ms]
17:47:01      [粘回译文 140ms]
17:47:01      [回车+等下一个框 204ms]
17:47:01  ---------- 第 70 个文本框 (上一轮共 2.13s) ----------
17:47:01  原文: "The suffix is built by using the type's name."   [取文本 0ms, 焦点 Edit 'The suffix is built ']
17:47:02  translate.py -> need=1  text="The suffix is built by using the type's name."   [python 781ms]
17:47:02  翻译前基准: "The suffix is built by using the type's name."   [粘贴 140ms, 取基准 0ms]
17:47:02  按翻译热键 (第 1 次, step 模式)   [全选+确认 297ms]
17:47:03      第 1 次轮询看到内容变了
17:47:03  译文已稳定 (轮询 2 次)
17:47:03      [等译文 0.47s, 轮询 2 次]
17:47:03  译文: "后缀是使用类型的名称生成的。"
17:47:03  translateposthtml.py -> "后缀是使用类型的名称生成的。"   [python 93ms]
17:47:04      [粘回译文 157ms]
17:47:04      [回车+等下一个框 203ms]
17:47:04  ---------- 第 71 个文本框 (上一轮共 2.70s) ----------
17:47:04  原文: "Example: String -> "str""   [取文本 0ms, 焦点 Edit 'Example: String -> "']
17:47:05  translate.py -> need=1  text="Example: String -> "str""   [python 875ms]
17:47:05  翻译前基准: "Example: String -> "str""   [粘贴 172ms, 取基准 0ms]
17:47:05  按翻译热键 (第 1 次, step 模式)   [全选+确认 296ms]
17:47:06      第 1 次轮询看到内容变了
17:47:06  译文已稳定 (轮询 2 次)
17:47:06      [等译文 0.45s, 轮询 2 次]
17:47:06  译文: "示例：String ->“str”"
17:47:06  translateposthtml.py -> "示例：String ->“str”"   [python 110ms]
17:47:06      [粘回译文 156ms]
17:47:07      [回车+等下一个框 203ms]
17:47:07  ---------- 第 72 个文本框 (上一轮共 2.81s) ----------
17:47:07  原文: "&Stop"   [取文本 0ms, 焦点 Edit '&Stop']
17:47:07  translate.py -> need=1  text="Stop"   [python 219ms]
17:47:07  翻译前基准: "Stop"   [粘贴 141ms, 取基准 0ms]
17:47:07  按翻译热键 (第 1 次, step 模式)   [全选+确认 296ms]
17:47:08      第 1 次轮询看到内容变了
17:47:08  译文已稳定 (轮询 2 次)
17:47:08      [等译文 0.45s, 轮询 2 次]
17:47:08  译文: "停止"
17:47:08  translateposthtml.py -> "停止"   [python 125ms]
17:47:08      [粘回译文 141ms]
17:47:09      [回车+等下一个框 203ms]
17:47:09  ---------- 第 73 个文本框 (上一轮共 2.14s) ----------
17:47:09  原文: "Please wait until the import operation finishes."   [取文本 0ms, 焦点 Edit 'Please wait until th']
17:47:10  translate.py -> need=1  text="Please wait until the import operation finishes."   [python 828ms]
17:47:10  翻译前基准: "Please wait until the import operation finishes."   [粘贴 141ms, 取基准 0ms]
17:47:10  按翻译热键 (第 1 次, step 模式)   [全选+确认 312ms]
17:47:11      第 1 次轮询看到内容变了
17:47:11  译文已稳定 (轮询 2 次)
17:47:11      [等译文 0.45s, 轮询 2 次]
17:47:11  译文: "请等待导入操作完成。"
17:47:11  translateposthtml.py -> "请等待导入操作完成。"   [python 109ms]
17:47:11      [粘回译文 203ms]
17:47:12      [回车+等下一个框 203ms]
17:47:12  ---------- 第 74 个文本框 (上一轮共 2.81s) ----------
17:47:12  原文: "Importing..."   [取文本 0ms, 焦点 Edit 'Importing...']
17:47:12  translate.py -> need=1  text="Importing..."   [python 922ms]
17:47:13  翻译前基准: "Importing..."   [粘贴 141ms, 取基准 0ms]
17:47:13  按翻译热键 (第 1 次, step 模式)   [全选+确认 312ms]
17:47:14      第 1 次轮询看到内容变了
17:47:14  译文已稳定 (轮询 2 次)
17:47:14      [等译文 0.45s, 轮询 2 次]
17:47:14  译文: "我..."
17:47:14  translateposthtml.py -> "我..."   [python 125ms]
17:47:14      [粘回译文 187ms]
17:47:14      [回车+等下一个框 203ms]
17:47:14  ---------- 第 75 个文本框 (上一轮共 2.92s) ----------
17:47:14  原文: "&Stop"   [取文本 0ms, 焦点 Edit '&Stop']
17:47:15  translate.py -> need=1  text="Stop"   [python 219ms]
17:47:15  翻译前基准: "Stop"   [粘贴 156ms, 取基准 0ms]
17:47:15  按翻译热键 (第 1 次, step 模式)   [全选+确认 297ms]
17:47:16      第 1 次轮询看到内容变了
17:47:16  译文已稳定 (轮询 2 次)
17:47:16      [等译文 0.45s, 轮询 2 次]
17:47:16  译文: "停止"
17:47:16  translateposthtml.py -> "停止"   [python 109ms]
17:47:16      [粘回译文 156ms]
17:47:17      [回车+等下一个框 219ms]
17:47:17  ---------- 第 76 个文本框 (上一轮共 2.17s) ----------
17:47:17  原文: "Importing xxx..."   [取文本 0ms, 焦点 Edit 'Importing xxx...']
17:47:17  translate.py -> need=1  text="Importing xxx..."   [python 813ms]
17:47:18  翻译前基准: "Importing xxx..."   [粘贴 140ms, 取基准 0ms]
17:47:18  按翻译热键 (第 1 次, step 模式)   [全选+确认 313ms]
17:47:19      第 1 次轮询看到内容变了
17:47:19  译文已稳定 (轮询 2 次)
17:47:19      [等译文 0.45s, 轮询 2 次]
17:47:19  译文: "你..."
17:47:19  translateposthtml.py -> "你..."   [python 110ms]
17:47:19      [粘回译文 156ms]
17:47:19      [回车+等下一个框 203ms]
17:47:19  ---------- 第 77 个文本框 (上一轮共 2.75s) ----------
17:47:19  原文: "Please wait until the import operation finishes."   [取文本 0ms, 焦点 Edit 'Please wait until th']
17:47:20  translate.py -> need=1  text="Please wait until the import operation finishes."   [python 797ms]
17:47:20  翻译前基准: "Please wait until the import operation finishes."   [粘贴 141ms, 取基准 0ms]
17:47:21  按翻译热键 (第 1 次, step 模式)   [全选+确认 296ms]
17:47:21      第 1 次轮询看到内容变了
17:47:22  译文已稳定 (轮询 2 次)
17:47:22      [等译文 0.45s, 轮询 2 次]
17:47:22  译文: "请等待导入操作完成。"
17:47:22  translateposthtml.py -> "请等待导入操作完成。"   [python 94ms]
17:47:22      [粘回译文 156ms]
17:47:22      [回车+等下一个框 203ms]
17:47:22  ---------- 第 78 个文本框 (上一轮共 2.70s) ----------
17:47:22  原文: "Import into the Team database"   [取文本 0ms, 焦点 Edit 'Import into the Team']
17:47:23  translate.py -> need=1  text="Import into the Team database"   [python 844ms]
17:47:23  翻译前基准: "Import into the Team database"   [粘贴 141ms, 取基准 0ms]
17:47:23  按翻译热键 (第 1 次, step 模式)   [全选+确认 296ms]
17:47:24      第 1 次轮询看到内容变了
17:47:24  译文已稳定 (轮询 2 次)
17:47:24      [等译文 0.45s, 轮询 2 次]
17:47:24  译文: "导入团队数据库"
17:47:24  translateposthtml.py -> "导入团队数据库"   [python 110ms]
17:47:25      [粘回译文 140ms]
17:47:25      [回车+等下一个框 219ms]
17:47:25  ---------- 第 79 个文本框 (上一轮共 2.75s) ----------
17:47:25  原文: "Import into the Personal database"   [取文本 0ms, 焦点 Edit 'Import into the Pers']
17:47:26  translate.py -> need=1  text="Import into the Personal database"   [python 875ms]
17:47:26  翻译前基准: "Import into the Personal database"   [粘贴 141ms, 取基准 0ms]
17:47:26  按翻译热键 (第 1 次, step 模式)   [全选+确认 297ms]
17:47:27      第 1 次轮询看到内容变了
17:47:27  译文已稳定 (轮询 2 次)
17:47:27      [等译文 0.49s, 轮询 2 次]
17:47:27  译文: "导入个人数据库"
17:47:27  translateposthtml.py -> "导入个人数据库"   [python 109ms]
17:47:27      [粘回译文 141ms]
17:47:28      [回车+等下一个框 203ms]
17:47:28  ---------- 第 80 个文本框 (上一轮共 2.81s) ----------
17:47:28  原文: "(team database location here)"   [取文本 0ms, 焦点 Edit '(team database locat']
17:47:28  translate.py -> need=0  text="(team database location here)"   [python 828ms]
17:47:28  不需要翻译 -> 直接回车
17:47:29      [回车+等下一个框 203ms]
17:47:29  ---------- 第 81 个文本框 (上一轮共 1.03s) ----------
17:47:29  原文: "(personal database location here)"   [取文本 0ms, 焦点 Edit '(personal database l']
17:47:30  translate.py -> need=0  text="(personal database location here)"   [python 859ms]
17:47:30  不需要翻译 -> 直接回车
17:47:30      [回车+等下一个框 203ms]
17:47:30  ---------- 第 82 个文本框 (上一轮共 1.08s) ----------
17:47:30  原文: "Please choose below the CodeSMART 2001 Code Snippets Manager database that you want to use as the destination of the import operation:"   [取文本 0ms, 焦点 Edit 'Please choose below ']
17:47:31  translate.py -> need=1  text="Please choose below the CodeSMART 2001 Code Snippets Manager database that you want to use as the destination of the import operation:"   [python 797ms]
17:47:31  翻译前基准: "Please choose below the CodeSMART 2001 Code Snippets Manager database that you want to use as the destination of the import operation:"   [粘贴 172ms, 取基准 0ms]
17:47:31  按翻译热键 (第 1 次, step 模式)   [全选+确认 297ms]
17:47:32      第 1 次轮询看到内容变了
17:47:32  译文已稳定 (轮询 3 次)
17:47:32      [等译文 0.61s, 轮询 3 次]
17:47:32  译文: "请在下面选择要用作导入操作目标的CodeSMART 2001 Code Snippets Manager数据库："
17:47:32  translateposthtml.py -> "请在下面选择要用作导入操作目标的CodeSMART 2001 Code Snippets Manager数据库："   [python 109ms]
17:47:32      [粘回译文 141ms]
17:47:33      [回车+等下一个框 203ms]
17:47:33  ---------- 第 83 个文本框 (上一轮共 2.89s) ----------
17:47:33  原文: "&Browse"   [取文本 0ms, 焦点 Edit '&Browse']
17:47:33  translate.py -> need=1  text="Browse"   [python 187ms]
17:47:33  翻译前基准: "Browse"   [粘贴 141ms, 取基准 0ms]
17:47:33  按翻译热键 (第 1 次, step 模式)   [全选+确认 312ms]
17:47:34      第 1 次轮询看到内容变了
17:47:34  译文已稳定 (轮询 2 次)
17:47:34      [等译文 0.45s, 轮询 2 次]
17:47:34  译文: "浏览"
17:47:34  translateposthtml.py -> "浏览"   [python 94ms]
17:47:35      [粘回译文 140ms]
17:47:35      [回车+等下一个框 203ms]
17:47:35  ---------- 第 84 个文本框 (上一轮共 2.09s) ----------
17:47:35  原文: "Please choose below the CodeSMART 3.x Assistants.mdb database that you want to use as the source of the import operation:"   [取文本 0ms, 焦点 Edit 'Please choose below ']
17:47:36  translate.py -> need=1  text="Please choose below the CodeSMART 3.x Assistants.mdb database that you want to use as the source of the import operation:"   [python 860ms]
17:47:36  翻译前基准: "Please choose below the CodeSMART 3.x Assistants.mdb database that you want to use as the source of the import operation:"   [粘贴 156ms, 取基准 0ms]
17:47:36  按翻译热键 (第 1 次, step 模式)   [全选+确认 297ms]
17:47:37      第 1 次轮询看到内容变了
17:47:37  译文已稳定 (轮询 4 次)
17:47:37      [等译文 0.77s, 轮询 4 次]
17:47:37  译文: "请在下面选择要用作导入操作源的CodeSMART 3.x Assistants.mdb数据库："
17:47:37  translateposthtml.py -> "请在下面选择要用作导入操作源的CodeSMART 3.x Assistants.mdb数据库："   [python 94ms]
17:47:38      [粘回译文 140ms]
17:47:38      [回车+等下一个框 219ms]
17:47:38  ---------- 第 85 个文本框 (上一轮共 3.09s) ----------
17:47:38  原文: "\b&Suffix the name with the underlying control's type suffix"   [取文本 0ms, 焦点 Edit '\b&Suffix the name w']
17:47:38  translate.py -> need=1  text="<strong>Suffix</strong> the name with the underlying control's type suffix"   [python 219ms]
17:47:38  翻译前基准: "<strong>Suffix</strong> the name with the underlying control's type suffix"   [粘贴 172ms, 取基准 0ms]
17:47:39  按翻译热键 (第 1 次, step 模式)   [全选+确认 312ms]
17:47:39      第 1 次轮询看到内容变了
17:47:40  译文已稳定 (轮询 3 次)
17:47:40      [等译文 0.61s, 轮询 3 次]
17:47:40  译文: "使用基础控件的类型后缀为名称<strong>添加后缀</strong>"
17:47:40  translateposthtml.py -> "使用基础控件的类型后缀为名称\b添加后缀 "   [python 125ms]
17:47:40      [粘回译文 156ms]
17:47:40      [回车+等下一个框 204ms]
17:47:40  ---------- 第 86 个文本框 (上一轮共 2.38s) ----------
17:47:40  原文: "\b&Prefix the name with the underlying control's type prefix"   [取文本 0ms, 焦点 Edit '\b&Prefix the name w']
17:47:40  translate.py -> need=1  text="<strong>Prefix</strong> the name with the underlying control's type prefix"   [python 203ms]
17:47:41  翻译前基准: "<strong>Prefix</strong> the name with the underlying control's type prefix"   [粘贴 157ms, 取基准 0ms]
17:47:41  按翻译热键 (第 1 次, step 模式)   [全选+确认 296ms]
17:47:42      第 2 次轮询看到内容变了
17:47:42  译文已稳定 (轮询 5 次)
17:47:42      [等译文 0.94s, 轮询 5 次]
17:47:42  译文: "<strong>在名称前面加上基础控件的类型前缀</strong>"
17:47:42  translateposthtml.py -> "\b在名称前面加上基础控件的类型前缀 "   [python 109ms]
17:47:43      [粘回译文 141ms]
17:47:43      [回车+等下一个框 203ms]
17:47:43  ---------- 第 87 个文本框 (上一轮共 2.64s) ----------
17:47:43  原文: "The \b&name should include \bcontrol \btype information"   [取文本 0ms, 焦点 Edit 'The \b&name should i']
17:47:43  translate.py -> need=1  text="The <strong>name</strong> should include <strong>control</strong> <strong>type</strong> information"   [python 187ms]
17:47:43  翻译前基准: "The <strong>name</strong> should include <strong>control</strong> <strong>type</strong> information"   [粘贴 141ms, 取基准 0ms]
17:47:43  按翻译热键 (第 1 次, step 模式)   [全选+确认 297ms]
17:47:44      第 1 次轮询看到内容变了
17:47:45  译文已稳定 (轮询 6 次)
17:47:45      [等译文 1.08s, 轮询 6 次]
17:47:45  译文: "<strong>名称</strong>应包括<strong>控件</strong><strong>类型</strong>信息"
17:47:45  translateposthtml.py -> "\b名称 应包括\b控件 \b类型 信息"   [python 94ms]
17:47:45      [粘回译文 140ms]
17:47:46      [回车+等下一个框 219ms]
17:47:46  ---------- 第 88 个文本框 (上一轮共 2.75s) ----------
17:47:46  原文: "All \b&global \bvariables should have a \bscope \bstring attached"   [取文本 0ms, 焦点 Edit 'All \b&global \bvari']
17:47:46  translate.py -> need=1  text="All <strong>global</strong> <strong>variables</strong> should have a <strong>scope</strong> <strong>string</strong> attached"   [python 250ms]
17:47:46  翻译前基准: "All <strong>global</strong> <strong>variables</strong> should have a <strong>scope</strong> <strong>string</strong> attached"   [粘贴 156ms, 取基准 0ms]
17:47:46  按翻译热键 (第 1 次, step 模式)   [全选+确认 313ms]
17:47:47      第 1 次轮询看到内容变了
17:47:48  译文已稳定 (轮询 5 次)
17:47:48      [等译文 0.92s, 轮询 5 次]
17:47:48  译文: "所有<strong>的全局</strong><strong>变量都</strong>应该附加一个<strong>作用域</strong><strong>字符串</strong>"
17:47:48  translateposthtml.py -> "所有\b的全局 \b变量都 应该附加一个\b作用域 \b字符串 "   [python 109ms]
17:47:48      [粘回译文 141ms]
17:47:48      [回车+等下一个框 219ms]
17:47:48  ---------- 第 89 个文本框 (上一轮共 2.67s) ----------
17:47:48  原文: "All \bclass \b&member \bvariables should have a \bscope \bstring attached"   [取文本 0ms, 焦点 Edit 'All \bclass \b&membe']
17:47:48  translate.py -> need=1  text="All <strong>class</strong> <strong>member</strong> <strong>variables</strong> should have a <strong>scope</strong> <strong>string</strong> attached"   [python 218ms]
17:47:49  翻译前基准: "All <strong>class</strong> <strong>member</strong> <strong>variables</strong> should have a <strong>scope</strong> <strong>string</strong> attached"   [粘贴 141ms, 取基准 0ms]
17:47:49  按翻译热键 (第 1 次, step 模式)   [全选+确认 297ms]
17:47:50      第 1 次轮询看到内容变了
17:47:50  译文已稳定 (轮询 5 次)
17:47:50      [等译文 0.94s, 轮询 5 次]
17:47:50  译文: "所有<strong>的类</strong><strong>成员</strong><strong>变量都</strong>应该附加一个<strong>作用域</strong><strong>字符串</strong>"
17:47:50  translateposthtml.py -> "所有\b的类 \b成员 \b变量都 应该附加一个\b作用域 \b字符串 "   [python 94ms]
17:47:51      [粘回译文 141ms]
17:47:51      [回车+等下一个框 218ms]
17:47:51  ---------- 第 90 个文本框 (上一轮共 2.61s) ----------
17:47:51  原文: "Use &a scope \bprefix:"   [取文本 0ms, 焦点 Edit 'Use &a scope \bprefi']
17:47:51  translate.py -> need=1  text="Use a scope <strong>prefix</strong>:"   [python 188ms]
17:47:51  翻译前基准: "Use a scope <strong>prefix</strong>:"   [粘贴 140ms, 取基准 0ms]
17:47:51  按翻译热键 (第 1 次, step 模式)   [全选+确认 297ms]
17:47:52      第 1 次轮询看到内容变了
17:47:53  译文已稳定 (轮询 2 次)
17:47:53      [等译文 0.45s, 轮询 2 次]
17:47:53  译文: "使用范围<strong>前缀</strong>："
17:47:53  translateposthtml.py -> "使用范围\b前缀 ："   [python 125ms]
17:47:53      [粘回译文 172ms]
17:47:53      [回车+等下一个框 218ms]
17:47:53  ---------- 第 91 个文本框 (上一轮共 2.16s) ----------
17:47:53  原文: "Use a s&cope suffix:"   [取文本 0ms, 焦点 Edit 'Use a s&cope suffix:']
17:47:53  translate.py -> need=1  text="Use a scope suffix:"   [python 203ms]
17:47:53  翻译前基准: "Use a scope suffix:"   [粘贴 172ms, 取基准 0ms]
17:47:54  按翻译热键 (第 1 次, step 模式)   [全选+确认 297ms]
17:47:55      第 1 次轮询看到内容变了
17:47:55  译文已稳定 (轮询 2 次)
17:47:55      [等译文 0.45s, 轮询 2 次]
17:47:55  译文: "使用范围后缀："
17:47:55  translateposthtml.py -> "使用范围后缀："   [python 94ms]
17:47:55      [粘回译文 140ms]
17:47:55      [回车+等下一个框 235ms]
17:47:55  ---------- 第 92 个文本框 (上一轮共 2.16s) ----------
17:47:55  原文: "&Use a scope \bprefix:"   [取文本 0ms, 焦点 Edit '&Use a scope \bprefi']
17:47:55  translate.py -> need=1  text="Use a scope <strong>prefix</strong>:"   [python 218ms]
17:47:56  翻译前基准: "Use a scope <strong>prefix</strong>:"   [粘贴 157ms, 取基准 0ms]
17:47:56  按翻译热键 (第 1 次, step 模式)   [全选+确认 296ms]
17:47:57      第 1 次轮询看到内容变了
17:47:57  译文已稳定 (轮询 2 次)
17:47:57      [等译文 0.45s, 轮询 2 次]
17:47:57  译文: "使用范围<strong>前缀</strong>："
17:47:57  translateposthtml.py -> "使用范围\b前缀 ："   [python 109ms]
17:47:57      [粘回译文 172ms]
17:47:57      [回车+等下一个框 203ms]
17:47:57  ---------- 第 93 个文本框 (上一轮共 2.17s) ----------
17:47:57  原文: "Us&e a scope \bsuffix:"   [取文本 0ms, 焦点 Edit 'Us&e a scope \bsuffi']
17:47:58  translate.py -> need=1  text="Use a scope <strong>suffix</strong>:"   [python 204ms]
17:47:58  翻译前基准: "Use a scope <strong>suffix</strong>:"   [粘贴 140ms, 取基准 0ms]
17:47:58  按翻译热键 (第 1 次, step 模式)   [全选+确认 297ms]
17:47:59      第 1 次轮询看到内容变了
17:47:59  译文已稳定 (轮询 2 次)
17:47:59      [等译文 0.47s, 轮询 2 次]
17:47:59  译文: "使用范围<strong>后缀</strong>："
17:47:59  translateposthtml.py -> "使用范围\b后缀 ："   [python 109ms]
17:47:59      [粘回译文 141ms]
17:47:59      [回车+等下一个框 203ms]
17:47:59  ---------- 第 94 个文本框 (上一轮共 2.13s) ----------
17:47:59  原文: "The \b&name should include information about the \bvariable's \btype"   [取文本 0ms, 焦点 Edit 'The \b&name should i']
17:48:00  translate.py -> need=1  text="The <strong>name</strong> should include information about the <strong>variable</strong>'s <strong>type</strong>"   [python 204ms]
17:48:00  翻译前基准: "The <strong>name</strong> should include information about the <strong>variable</strong>'s <strong>type</strong>"   [粘贴 140ms, 取基准 0ms]
17:48:00  按翻译热键 (第 1 次, step 模式)   [全选+确认 313ms]
17:48:01      第 1 次轮询看到内容变了
17:48:01  译文已稳定 (轮询 3 次)
17:48:01      [等译文 0.61s, 轮询 3 次]
17:48:01  译文: "<strong>名称</strong>应包含有关<strong>变量</strong><strong>类型</strong>的信息"
17:48:01  translateposthtml.py -> "\b名称 应包含有关\b变量 \b类型 的信息"   [python 109ms]
17:48:02      [粘回译文 141ms]
17:48:02      [回车+等下一个框 203ms]
17:48:02  ---------- 第 95 个文本框 (上一轮共 2.28s) ----------
17:48:02  原文: "\b&Prefix the name with the underlying variable's type prefix"   [取文本 0ms, 焦点 Edit '\b&Prefix the name w']
17:48:02  translate.py -> need=1  text="<strong>Prefix</strong> the name with the underlying variable's type prefix"   [python 218ms]
17:48:02  翻译前基准: "<strong>Prefix</strong> the name with the underlying variable's type prefix"   [粘贴 157ms, 取基准 0ms]
17:48:02  按翻译热键 (第 1 次, step 模式)   [全选+确认 312ms]
17:48:03      第 1 次轮询看到内容变了
17:48:03  译文已稳定 (轮询 2 次)
17:48:03      [等译文 0.50s, 轮询 2 次]
17:48:03  译文: "<strong></strong>在名称前面加上基础变量的类型前缀"
17:48:04  translateposthtml.py -> "在名称前面加上基础变量的类型前缀"   [python 109ms]
17:48:04      [粘回译文 141ms]
17:48:04      [回车+等下一个框 219ms]
17:48:04  ---------- 第 96 个文本框 (上一轮共 2.20s) ----------
17:48:04  原文: "\b&Suffix the name with the underlying variable's type suffix"   [取文本 0ms, 焦点 Edit '\b&Suffix the name w']
17:48:04  translate.py -> need=1  text="<strong>Suffix</strong> the name with the underlying variable's type suffix"   [python 203ms]
17:48:04  翻译前基准: "<strong>Suffix</strong> the name with the underlying variable's type suffix"   [粘贴 141ms, 取基准 0ms]
17:48:05  按翻译热键 (第 1 次, step 模式)   [全选+确认 296ms]
17:48:05      第 1 次轮询看到内容变了
17:48:06  译文已稳定 (轮询 2 次)
17:48:06      [等译文 0.45s, 轮询 2 次]
17:48:06  译文: "使用基础变量的类型后缀为名称<strong>添加后缀</strong>"
17:48:06  translateposthtml.py -> "使用基础变量的类型后缀为名称\b添加后缀 "   [python 109ms]
17:48:06      [粘回译文 157ms]
17:48:06      [回车+等下一个框 218ms]
17:48:06  ---------- 第 97 个文本框 (上一轮共 2.14s) ----------
17:48:06  原文: "The \b&name should include \bargument \btype information"   [取文本 0ms, 焦点 Edit 'The \b&name should i']
17:48:06  translate.py -> need=1  text="The <strong>name</strong> should include <strong>argument</strong> <strong>type</strong> information"   [python 219ms]
17:48:06  翻译前基准: "The <strong>name</strong> should include <strong>argument</strong> <strong>type</strong> information"   [粘贴 141ms, 取基准 0ms]
17:48:07  按翻译热键 (第 1 次, step 模式)   [全选+确认 297ms]
17:48:08      第 1 次轮询看到内容变了
17:48:08  译文已稳定 (轮询 4 次)
17:48:08      [等译文 0.77s, 轮询 4 次]
17:48:08  译文: "<strong>名称</strong>应包括<strong>参数</strong><strong>类型</strong>信息"
17:48:08  translateposthtml.py -> "\b名称 应包括\b参数 \b类型 信息"   [python 94ms]
17:48:08      [粘回译文 140ms]
17:48:09      [回车+等下一个框 219ms]
17:48:09  ---------- 第 98 个文本框 (上一轮共 2.44s) ----------
17:48:09  原文: "\b&Prefix the name with the underlying argument's type prefix"   [取文本 0ms, 焦点 Edit '\b&Prefix the name w']
17:48:09  translate.py -> need=1  text="<strong>Prefix</strong> the name with the underlying argument's type prefix"   [python 234ms]
17:48:09  翻译前基准: "<strong>Prefix</strong> the name with the underlying argument's type prefix"   [粘贴 157ms, 取基准 0ms]
17:48:09  按翻译热键 (第 1 次, step 模式)   [全选+确认 312ms]
17:48:10      第 1 次轮询看到内容变了
17:48:10  译文已稳定 (轮询 3 次)
17:48:10      [等译文 0.63s, 轮询 3 次]
17:48:10  译文: "<strong></strong>在名称前面加上基础参数的类型前缀"
17:48:11  translateposthtml.py -> "在名称前面加上基础参数的类型前缀"   [python 110ms]
17:48:11      [粘回译文 156ms]
17:48:11      [回车+等下一个框 219ms]
17:48:11  ---------- 第 99 个文本框 (上一轮共 2.39s) ----------
17:48:11  原文: "\b&Suffix the name with the underlying argument's type suffix"   [取文本 0ms, 焦点 Edit '\b&Suffix the name w']
17:48:11  translate.py -> need=1  text="<strong>Suffix</strong> the name with the underlying argument's type suffix"   [python 265ms]
17:48:11  翻译前基准: "<strong>Suffix</strong> the name with the underlying argument's type suffix"   [粘贴 141ms, 取基准 0ms]
17:48:12  按翻译热键 (第 1 次, step 模式)   [全选+确认 297ms]
17:48:12      第 1 次轮询看到内容变了
17:48:13  译文已稳定 (轮询 2 次)
17:48:13      [等译文 0.45s, 轮询 2 次]
17:48:13  译文: "使用基础参数的类型后缀为名称<strong>添加后缀</strong>"
17:48:13  translateposthtml.py -> "使用基础参数的类型后缀为名称\b添加后缀 "   [python 110ms]
17:48:13      [粘回译文 140ms]
17:48:13      [回车+等下一个框 203ms]
17:48:13  ---------- 第 100 个文本框 (上一轮共 2.17s) ----------
17:48:13  原文: "2.0"   [取文本 0ms, 焦点 Edit '2.0']
17:48:13  translate.py -> need=0  text="2.0"   [python 235ms]
17:48:13  不需要翻译 -> 直接回车
17:48:14      [回车+等下一个框 203ms]
17:48:14  ---------- 第 101 个文本框 (上一轮共 0.44s) ----------
17:48:14  原文: "Name"   [取文本 0ms, 焦点 Edit 'Name']
17:48:14  translate.py -> need=0  text="Name"   [python 203ms]
17:48:14  不需要翻译 -> 直接回车
17:48:14      [回车+等下一个框 203ms]
17:48:14  ---------- 第 102 个文本框 (上一轮共 0.42s) ----------
17:48:14  原文: "FullName"   [取文本 0ms, 焦点 Edit 'FullName']
17:48:14  translate.py -> need=0  text="FullName"   [python 203ms]
17:48:14  不需要翻译 -> 直接回车
17:48:14      [回车+等下一个框 219ms]
17:48:14  ---------- 第 103 个文本框 (上一轮共 0.44s) ----------
17:48:14  原文: "FullName"   [取文本 0ms, 焦点 Edit 'FullName']
17:48:15  translate.py -> need=0  text="FullName"   [python 219ms]
17:48:15  不需要翻译 -> 直接回车
17:48:15      [回车+等下一个框 219ms]
17:48:15  ---------- 第 104 个文本框 (上一轮共 0.44s) ----------
17:48:15  原文: "Enabled"   [取文本 0ms, 焦点 Edit 'Enabled']
17:48:15  translate.py -> need=0  text="Enabled"   [python 204ms]
17:48:15  不需要翻译 -> 直接回车
17:48:15      [回车+等下一个框 234ms]
17:48:15  ---------- 第 105 个文本框 (上一轮共 0.45s) ----------
17:48:15  原文: "Enabled"   [取文本 0ms, 焦点 Edit 'Enabled']
17:48:15  translate.py -> need=0  text="Enabled"   [python 187ms]
17:48:15  不需要翻译 -> 直接回车
17:48:16      [回车+等下一个框 204ms]
17:48:16  ---------- 第 106 个文本框 (上一轮共 0.39s) ----------
17:48:16  原文: "Enabled"   [取文本 0ms, 焦点 Edit 'Enabled']
17:48:16  translate.py -> need=0  text="Enabled"   [python 187ms]
17:48:16  不需要翻译 -> 直接回车
17:48:16      [回车+等下一个框 203ms]
17:48:16  ---------- 第 107 个文本框 (上一轮共 0.39s) ----------
17:48:16  原文: "Prefix"   [取文本 0ms, 焦点 Edit 'Prefix']
17:48:16  translate.py -> need=0  text="Prefix"   [python 203ms]
17:48:16  不需要翻译 -> 直接回车
17:48:16      [回车+等下一个框 203ms]
17:48:16  ---------- 第 108 个文本框 (上一轮共 0.41s) ----------
17:48:16  原文: "Prefix"   [取文本 0ms, 焦点 Edit 'Prefix']
17:48:17  translate.py -> need=0  text="Prefix"   [python 204ms]
17:48:17  不需要翻译 -> 直接回车
17:48:17      [回车+等下一个框 218ms]
17:48:17  ---------- 第 109 个文本框 (上一轮共 0.42s) ----------
17:48:17  原文: "Prefix"   [取文本 0ms, 焦点 Edit 'Prefix']
17:48:17  translate.py -> need=0  text="Prefix"   [python 172ms]
17:48:17  不需要翻译 -> 直接回车
17:48:17      [回车+等下一个框 219ms]
17:48:17  ---------- 第 110 个文本框 (上一轮共 0.39s) ----------
17:48:17  原文: "Suffix"   [取文本 0ms, 焦点 Edit 'Suffix']
17:48:17  translate.py -> need=0  text="Suffix"   [python 203ms]
17:48:17  不需要翻译 -> 直接回车
17:48:18      [回车+等下一个框 203ms]
17:48:18  ---------- 第 111 个文本框 (上一轮共 0.41s) ----------
17:48:18  原文: "Suffix"   [取文本 0ms, 焦点 Edit 'Suffix']
17:48:18  translate.py -> need=0  text="Suffix"   [python 203ms]
17:48:18  不需要翻译 -> 直接回车
17:48:18      [回车+等下一个框 203ms]
17:48:18  ---------- 第 112 个文本框 (上一轮共 0.41s) ----------
17:48:18  原文: "Suffix"   [取文本 0ms, 焦点 Edit 'Suffix']
17:48:18  translate.py -> need=0  text="Suffix"   [python 204ms]
17:48:18  不需要翻译 -> 直接回车
17:48:19      [回车+等下一个框 218ms]
17:48:19  ---------- 第 113 个文本框 (上一轮共 0.42s) ----------
17:48:19  原文: "Default"   [取文本 0ms, 焦点 Edit 'Default']
17:48:19  translate.py -> need=0  text="Default"   [python 172ms]
17:48:19  不需要翻译 -> 直接回车
17:48:19      [回车+等下一个框 203ms]
17:48:19  ---------- 第 114 个文本框 (上一轮共 0.38s) ----------
17:48:19  原文: "Tahoma"   [取文本 0ms, 焦点 Edit 'Tahoma']
17:48:19  translate.py -> need=0  text="Tahoma"   [python 203ms]
17:48:19  不需要翻译 -> 直接回车
17:48:19      [回车+等下一个框 219ms]
17:48:19  ---------- 第 115 个文本框 (上一轮共 0.42s) ----------
17:48:19  原文: "OddRow"   [取文本 0ms, 焦点 Edit 'OddRow']
17:48:20  translate.py -> need=0  text="OddRow"   [python 219ms]
17:48:20  不需要翻译 -> 直接回车
17:48:20      [回车+等下一个框 203ms]
17:48:20  ---------- 第 116 个文本框 (上一轮共 0.42s) ----------
17:48:20  原文: "EvenRow"   [取文本 0ms, 焦点 Edit 'EvenRow']
17:48:20  translate.py -> need=0  text="EvenRow"   [python 203ms]
17:48:20  不需要翻译 -> 直接回车
17:48:20      [回车+等下一个框 203ms]
17:48:20  ---------- 第 117 个文本框 (上一轮共 0.41s) ----------
17:48:20  原文: "RowGroup"   [取文本 0ms, 焦点 Edit 'RowGroup']
17:48:20  translate.py -> need=0  text="RowGroup"   [python 235ms]
17:48:20  不需要翻译 -> 直接回车
17:48:21      [回车+等下一个框 203ms]
17:48:21  ---------- 第 118 个文本框 (上一轮共 0.44s) ----------
17:48:21  原文: "PreviewRow"   [取文本 0ms, 焦点 Edit 'PreviewRow']
17:48:21  translate.py -> need=0  text="PreviewRow"   [python 203ms]
17:48:21  不需要翻译 -> 直接回车
17:48:21      [回车+等下一个框 219ms]
17:48:21  ---------- 第 119 个文本框 (上一轮共 0.42s) ----------
17:48:21  原文: "2.0"   [取文本 0ms, 焦点 Edit '2.0']
17:48:21  translate.py -> need=0  text="2.0"   [python 218ms]
17:48:21  不需要翻译 -> 直接回车
17:48:21      [回车+等下一个框 204ms]
17:48:21  ---------- 第 120 个文本框 (上一轮共 0.42s) ----------
17:48:21  原文: "Name"   [取文本 0ms, 焦点 Edit 'Name']
17:48:22  translate.py -> need=0  text="Name"   [python 218ms]
17:48:22  不需要翻译 -> 直接回车
17:48:22      [回车+等下一个框 219ms]
17:48:22  ---------- 第 121 个文本框 (上一轮共 0.44s) ----------
17:48:22  原文: "FullName"   [取文本 0ms, 焦点 Edit 'FullName']
17:48:22  translate.py -> need=0  text="FullName"   [python 188ms]
17:48:22  不需要翻译 -> 直接回车
17:48:22      [回车+等下一个框 218ms]
17:48:22  ---------- 第 122 个文本框 (上一轮共 0.41s) ----------
17:48:22  原文: "FullName"   [取文本 0ms, 焦点 Edit 'FullName']
17:48:22  translate.py -> need=0  text="FullName"   [python 172ms]
17:48:22  不需要翻译 -> 直接回车
17:48:23      [回车+等下一个框 219ms]
17:48:23  ---------- 第 123 个文本框 (上一轮共 0.39s) ----------
17:48:23  原文: "Enabled"   [取文本 0ms, 焦点 Edit 'Enabled']
17:48:23  translate.py -> need=0  text="Enabled"   [python 203ms]
17:48:23  不需要翻译 -> 直接回车
17:48:23      [回车+等下一个框 203ms]
17:48:23  ---------- 第 124 个文本框 (上一轮共 0.41s) ----------
17:48:23  原文: "Enabled"   [取文本 0ms, 焦点 Edit 'Enabled']
17:48:23  translate.py -> need=0  text="Enabled"   [python 156ms]
17:48:23  不需要翻译 -> 直接回车
17:48:23      [回车+等下一个框 219ms]
17:48:23  ---------- 第 125 个文本框 (上一轮共 0.38s) ----------
17:48:23  原文: "Enabled"   [取文本 0ms, 焦点 Edit 'Enabled']
17:48:24  translate.py -> need=0  text="Enabled"   [python 188ms]
17:48:24  不需要翻译 -> 直接回车
17:48:24      [回车+等下一个框 218ms]
17:48:24  ---------- 第 126 个文本框 (上一轮共 0.41s) ----------
17:48:24  原文: "Prefix"   [取文本 0ms, 焦点 Edit 'Prefix']
17:48:24  translate.py -> need=0  text="Prefix"   [python 204ms]
17:48:24  不需要翻译 -> 直接回车
17:48:24      [回车+等下一个框 218ms]
17:48:24  ---------- 第 127 个文本框 (上一轮共 0.42s) ----------
17:48:24  原文: "Prefix"   [取文本 0ms, 焦点 Edit 'Prefix']
17:48:24  translate.py -> need=0  text="Prefix"   [python 188ms]
17:48:24  不需要翻译 -> 直接回车
17:48:25      [回车+等下一个框 203ms]
17:48:25  ---------- 第 128 个文本框 (上一轮共 0.39s) ----------
17:48:25  原文: "Prefix"   [取文本 0ms, 焦点 Edit 'Prefix']
17:48:25  translate.py -> need=0  text="Prefix"   [python 172ms]
17:48:25  不需要翻译 -> 直接回车
17:48:25      [回车+等下一个框 203ms]
17:48:25  ---------- 第 129 个文本框 (上一轮共 0.38s) ----------
17:48:25  原文: "Suffix"   [取文本 0ms, 焦点 Edit 'Suffix']
17:48:25  translate.py -> need=0  text="Suffix"   [python 187ms]
17:48:25  不需要翻译 -> 直接回车
17:48:25      [回车+等下一个框 219ms]
17:48:25  ---------- 第 130 个文本框 (上一轮共 0.42s) ----------
17:48:25  原文: "Suffix"   [取文本 0ms, 焦点 Edit 'Suffix']
17:48:26  translate.py -> need=0  text="Suffix"   [python 203ms]
17:48:26  不需要翻译 -> 直接回车
17:48:26      [回车+等下一个框 203ms]
17:48:26  ---------- 第 131 个文本框 (上一轮共 0.41s) ----------
17:48:26  原文: "Suffix"   [取文本 0ms, 焦点 Edit 'Suffix']
17:48:26  translate.py -> need=0  text="Suffix"   [python 219ms]
17:48:26  不需要翻译 -> 直接回车
17:48:26      [回车+等下一个框 219ms]
17:48:26  ---------- 第 132 个文本框 (上一轮共 0.44s) ----------
17:48:26  原文: "Default"   [取文本 0ms, 焦点 Edit 'Default']
17:48:26  translate.py -> need=0  text="Default"   [python 187ms]
17:48:26  不需要翻译 -> 直接回车
17:48:27      [回车+等下一个框 234ms]
17:48:27  ---------- 第 133 个文本框 (上一轮共 0.42s) ----------
17:48:27  原文: "Tahoma"   [取文本 0ms, 焦点 Edit 'Tahoma']
17:48:27  translate.py -> need=0  text="Tahoma"   [python 188ms]
17:48:27  不需要翻译 -> 直接回车
17:48:27      [回车+等下一个框 234ms]
17:48:27  ---------- 第 134 个文本框 (上一轮共 0.42s) ----------
17:48:27  原文: "OddRow"   [取文本 0ms, 焦点 Edit 'OddRow']
17:48:27  translate.py -> need=0  text="OddRow"   [python 203ms]
17:48:27  不需要翻译 -> 直接回车
17:48:28      [回车+等下一个框 204ms]
17:48:28  ---------- 第 135 个文本框 (上一轮共 0.41s) ----------
17:48:28  原文: "EvenRow"   [取文本 0ms, 焦点 Edit 'EvenRow']
17:48:28  translate.py -> need=0  text="EvenRow"   [python 203ms]
17:48:28  不需要翻译 -> 直接回车
17:48:28      [回车+等下一个框 203ms]
17:48:28  ---------- 第 136 个文本框 (上一轮共 0.41s) ----------
17:48:28  原文: "RowGroup"   [取文本 0ms, 焦点 Edit 'RowGroup']
17:48:28  translate.py -> need=0  text="RowGroup"   [python 187ms]
17:48:28  不需要翻译 -> 直接回车
17:48:28      [回车+等下一个框 235ms]
17:48:28  ---------- 第 137 个文本框 (上一轮共 0.42s) ----------
17:48:28  原文: "PreviewRow"   [取文本 0ms, 焦点 Edit 'PreviewRow']
17:48:29  translate.py -> need=0  text="PreviewRow"   [python 203ms]
17:48:29  不需要翻译 -> 直接回车
17:48:29      [回车+等下一个框 203ms]
17:48:29  ---------- 第 138 个文本框 (上一轮共 0.42s) ----------
17:48:29  原文: "Pane1"   [取文本 0ms, 焦点 Edit 'Pane1']
17:48:29  translate.py -> need=0  text="Pane1"   [python 187ms]
17:48:29  不需要翻译 -> 直接回车
17:48:29      [回车+等下一个框 219ms]
17:48:29  ---------- 第 139 个文本框 (上一轮共 0.41s) ----------
17:48:29  原文: "Pane0"   [取文本 0ms, 焦点 Edit 'Pane0']
17:48:29  translate.py -> need=0  text="Pane0"   [python 219ms]
17:48:29  不需要翻译 -> 直接回车
17:48:30      [回车+等下一个框 218ms]
17:48:30  ---------- 第 140 个文本框 (上一轮共 0.44s) ----------
17:48:30  原文: "imgCodeMove"   [取文本 0ms, 焦点 Edit 'imgCodeMove']
17:48:30  translate.py -> need=0  text="imgCodeMove"   [python 188ms]
17:48:30  不需要翻译 -> 直接回车
17:48:30      [回车+等下一个框 203ms]
17:48:30  ---------- 第 141 个文本框 (上一轮共 0.39s) ----------
17:48:30  原文: "imgCodeCopy"   [取文本 0ms, 焦点 Edit 'imgCodeCopy']
17:48:30  translate.py -> need=0  text="imgCodeCopy"   [python 203ms]
17:48:30  不需要翻译 -> 直接回车
17:48:30      [回车+等下一个框 219ms]
17:48:30  ---------- 第 142 个文本框 (上一轮共 0.44s) ----------
17:48:30  原文: "imgNoDrop"   [取文本 0ms, 焦点 Edit 'imgNoDrop']
17:48:31  translate.py -> need=0  text="imgNoDrop"   [python 188ms]
17:48:31  不需要翻译 -> 直接回车
17:48:31      [回车+等下一个框 234ms]
17:48:31  ---------- 第 143 个文本框 (上一轮共 0.42s) ----------
17:48:31  原文: "imgFolderCopy"   [取文本 0ms, 焦点 Edit 'imgFolderCopy']
17:48:31  translate.py -> need=0  text="imgFolderCopy"   [python 219ms]
17:48:31  不需要翻译 -> 直接回车
17:48:31      [回车+等下一个框 203ms]
17:48:31  ---------- 第 144 个文本框 (上一轮共 0.42s) ----------
17:48:31  原文: "imgFolderOCopy"   [取文本 0ms, 焦点 Edit 'imgFolderOCopy']
17:48:32  translate.py -> need=0  text="imgFolderOCopy"   [python 188ms]
17:48:32  不需要翻译 -> 直接回车
17:48:32      [回车+等下一个框 234ms]
17:48:32  ---------- 第 145 个文本框 (上一轮共 0.42s) ----------
17:48:32  原文: "imgMoveFolder"   [取文本 0ms, 焦点 Edit 'imgMoveFolder']
17:48:32  translate.py -> need=0  text="imgMoveFolder"   [python 203ms]
17:48:32  不需要翻译 -> 直接回车
17:48:32      [回车+等下一个框 203ms]
17:48:32  ---------- 第 146 个文本框 (上一轮共 0.41s) ----------
17:48:32  原文: "2.0"   [取文本 0ms, 焦点 Edit '2.0']
17:48:32  translate.py -> need=0  text="2.0"   [python 203ms]
17:48:32  不需要翻译 -> 直接回车
17:48:33      [回车+等下一个框 204ms]
17:48:33  ---------- 第 147 个文本框 (上一轮共 0.41s) ----------
17:48:33  原文: " Category"   [取文本 0ms, 焦点 Edit ' Category']
17:48:33  translate.py -> need=0  text=" Category"   [python 203ms]
17:48:33  不需要翻译 -> 直接回车
17:48:33      [回车+等下一个框 203ms]
17:48:33  ---------- 第 148 个文本框 (上一轮共 0.41s) ----------
17:48:33  原文: "Category"   [取文本 0ms, 焦点 Edit 'Category']
17:48:33  translate.py -> need=0  text="Category"   [python 203ms]
17:48:33  不需要翻译 -> 直接回车
17:48:33      [回车+等下一个框 203ms]
17:48:33  ---------- 第 149 个文本框 (上一轮共 0.41s) ----------
17:48:33  原文: "Category"   [取文本 0ms, 焦点 Edit 'Category']
17:48:34  translate.py -> need=0  text="Category"   [python 219ms]
17:48:34  不需要翻译 -> 直接回车
17:48:34      [回车+等下一个框 219ms]
17:48:34  ---------- 第 150 个文本框 (上一轮共 0.44s) ----------
17:48:34  原文: " Name"   [取文本 0ms, 焦点 Edit ' Name']
17:48:34  translate.py -> need=0  text=" Name"   [python 187ms]
17:48:34  不需要翻译 -> 直接回车
17:48:34      [回车+等下一个框 203ms]
17:48:34  ---------- 第 151 个文本框 (上一轮共 0.39s) ----------
17:48:34  原文: "Name"   [取文本 0ms, 焦点 Edit 'Name']
17:48:34  translate.py -> need=0  text="Name"   [python 156ms]
17:48:34  不需要翻译 -> 直接回车
17:48:35      [回车+等下一个框 235ms]
17:48:35  ---------- 第 152 个文本框 (上一轮共 0.39s) ----------
17:48:35  原文: "Name"   [取文本 0ms, 焦点 Edit 'Name']
17:48:35  translate.py -> need=0  text="Name"   [python 187ms]
17:48:35  不需要翻译 -> 直接回车
17:48:35      [回车+等下一个框 203ms]
17:48:35  ---------- 第 153 个文本框 (上一轮共 0.39s) ----------
17:48:35  原文: " Alias"   [取文本 0ms, 焦点 Edit ' Alias']
17:48:35  translate.py -> need=0  text=" Alias"   [python 204ms]
17:48:35  不需要翻译 -> 直接回车
17:48:35      [回车+等下一个框 203ms]
17:48:35  ---------- 第 154 个文本框 (上一轮共 0.41s) ----------
17:48:35  原文: "Alias"   [取文本 0ms, 焦点 Edit 'Alias']
17:48:36  translate.py -> need=0  text="Alias"   [python 203ms]
17:48:36  不需要翻译 -> 直接回车
17:48:36      [回车+等下一个框 203ms]
17:48:36  ---------- 第 155 个文本框 (上一轮共 0.41s) ----------
17:48:36  原文: "Alias"   [取文本 0ms, 焦点 Edit 'Alias']
17:48:36  translate.py -> need=0  text="Alias"   [python 203ms]
17:48:36  不需要翻译 -> 直接回车
17:48:36      [回车+等下一个框 219ms]
17:48:36  ---------- 第 156 个文本框 (上一轮共 0.42s) ----------
17:48:36  原文: "Default"   [取文本 0ms, 焦点 Edit 'Default']
17:48:36  translate.py -> need=0  text="Default"   [python 234ms]
17:48:36  不需要翻译 -> 直接回车
17:48:37      [回车+等下一个框 219ms]
17:48:37  ---------- 第 157 个文本框 (上一轮共 0.45s) ----------
17:48:37  原文: "Tahoma"   [取文本 0ms, 焦点 Edit 'Tahoma']
17:48:37  translate.py -> need=0  text="Tahoma"   [python 219ms]
17:48:37  不需要翻译 -> 直接回车
17:48:37      [回车+等下一个框 203ms]
17:48:37  ---------- 第 158 个文本框 (上一轮共 0.42s) ----------
17:48:37  原文: "OddRow"   [取文本 0ms, 焦点 Edit 'OddRow']
17:48:37  translate.py -> need=0  text="OddRow"   [python 187ms]
17:48:37  不需要翻译 -> 直接回车
17:48:37      [回车+等下一个框 203ms]
17:48:37  ---------- 第 159 个文本框 (上一轮共 0.39s) ----------
17:48:37  原文: "EvenRow"   [取文本 0ms, 焦点 Edit 'EvenRow']
17:48:38  translate.py -> need=0  text="EvenRow"   [python 204ms]
17:48:38  不需要翻译 -> 直接回车
17:48:38      [回车+等下一个框 218ms]
17:48:38  ---------- 第 160 个文本框 (上一轮共 0.42s) ----------
17:48:38  原文: "RowGroup"   [取文本 0ms, 焦点 Edit 'RowGroup']
17:48:38  translate.py -> need=0  text="RowGroup"   [python 203ms]
17:48:38  不需要翻译 -> 直接回车
17:48:38      [回车+等下一个框 219ms]
17:48:38  ---------- 第 161 个文本框 (上一轮共 0.42s) ----------
17:48:38  原文: "PreviewRow"   [取文本 0ms, 焦点 Edit 'PreviewRow']
17:48:39  translate.py -> need=0  text="PreviewRow"   [python 203ms]
17:48:39  不需要翻译 -> 直接回车
17:48:39      [回车+等下一个框 219ms]
17:48:39  ---------- 第 162 个文本框 (上一轮共 0.44s) ----------
17:48:39  原文: "Basic"   [取文本 0ms, 焦点 Edit 'Basic']
17:48:39  translate.py -> need=0  text="Basic"   [python 187ms]
17:48:39  不需要翻译 -> 直接回车
17:48:39      [回车+等下一个框 219ms]
17:48:39  ---------- 第 163 个文本框 (上一轮共 0.41s) ----------
17:48:39  原文: "imlNodes"   [取文本 0ms, 焦点 Edit 'imlNodes']
17:48:39  translate.py -> need=0  text="imlNodes"   [python 203ms]
17:48:39  不需要翻译 -> 直接回车
17:48:40      [回车+等下一个框 203ms]
17:48:40  ---------- 第 164 个文本框 (上一轮共 0.42s) ----------
17:48:40  原文: "ImgCollapsed256"   [取文本 0ms, 焦点 Edit 'ImgCollapsed256']
17:48:40  translate.py -> need=0  text="ImgCollapsed256"   [python 203ms]
17:48:40  不需要翻译 -> 直接回车
17:48:40      [回车+等下一个框 234ms]
17:48:40  ---------- 第 165 个文本框 (上一轮共 0.44s) ----------
17:48:40  原文: "ImgExpanded256"   [取文本 0ms, 焦点 Edit 'ImgExpanded256']
17:48:40  translate.py -> need=0  text="ImgExpanded256"   [python 203ms]
17:48:40  不需要翻译 -> 直接回车
17:48:40      [回车+等下一个框 204ms]
17:48:40  ---------- 第 166 个文本框 (上一轮共 0.41s) ----------
17:48:40  原文: "Database"   [取文本 0ms, 焦点 Edit 'Database']
17:48:41  translate.py -> need=0  text="Database"   [python 187ms]
17:48:41  不需要翻译 -> 直接回车
17:48:41      [回车+等下一个框 219ms]
17:48:41  ---------- 第 167 个文本框 (上一轮共 0.41s) ----------
17:48:41  原文: "DbPersonal"   [取文本 0ms, 焦点 Edit 'DbPersonal']
17:48:41  translate.py -> need=0  text="DbPersonal"   [python 203ms]
17:48:41  不需要翻译 -> 直接回车
17:48:41      [回车+等下一个框 219ms]
17:48:41  ---------- 第 168 个文本框 (上一轮共 0.42s) ----------
17:48:41  原文: "DbTeam"   [取文本 0ms, 焦点 Edit 'DbTeam']
17:48:41  translate.py -> need=0  text="DbTeam"   [python 203ms]
17:48:41  不需要翻译 -> 直接回车
17:48:42      [回车+等下一个框 234ms]
17:48:42  ---------- 第 169 个文本框 (上一轮共 0.45s) ----------
17:48:42  原文: "HandShare"   [取文本 0ms, 焦点 Edit 'HandShare']
17:48:42  translate.py -> need=0  text="HandShare"   [python 219ms]
17:48:42  不需要翻译 -> 直接回车
17:48:42      [回车+等下一个框 203ms]
17:48:42  ---------- 第 170 个文本框 (上一轮共 0.44s) ----------
17:48:42  原文: "ImgLang"   [取文本 0ms, 焦点 Edit 'ImgLang']
17:48:42  translate.py -> need=0  text="ImgLang"   [python 157ms]
17:48:42  不需要翻译 -> 直接回车
17:48:43      [回车+等下一个框 218ms]
17:48:43  ---------- 第 171 个文本框 (上一轮共 0.38s) ----------
17:48:43  原文: "ImgMCPCollapsed256"   [取文本 0ms, 焦点 Edit 'ImgMCPCollapsed256']
17:48:43  translate.py -> need=0  text="ImgMCPCollapsed256"   [python 203ms]
17:48:43  不需要翻译 -> 直接回车
17:48:43      [回车+等下一个框 204ms]
17:48:43  ---------- 第 172 个文本框 (上一轮共 0.41s) ----------
17:48:43  原文: "ImgMCPExpanded256"   [取文本 0ms, 焦点 Edit 'ImgMCPExpanded256']
17:48:43  translate.py -> need=0  text="ImgMCPExpanded256"   [python 187ms]
17:48:43  不需要翻译 -> 直接回车
17:48:43      [回车+等下一个框 203ms]
17:48:43  ---------- 第 173 个文本框 (上一轮共 0.39s) ----------
17:48:43  原文: "ImgItemMCP"   [取文本 0ms, 焦点 Edit 'ImgItemMCP']
17:48:44  translate.py -> need=0  text="ImgItemMCP"   [python 219ms]
17:48:44  不需要翻译 -> 直接回车
17:48:44      [回车+等下一个框 219ms]
17:48:44  ---------- 第 174 个文本框 (上一轮共 0.44s) ----------
17:48:44  原文: "ImgCCCollapsed256"   [取文本 0ms, 焦点 Edit 'ImgCCCollapsed256']
17:48:44  translate.py -> need=0  text="ImgCCCollapsed256"   [python 234ms]
17:48:44  不需要翻译 -> 直接回车
17:48:44      [回车+等下一个框 219ms]
17:48:44  ---------- 第 175 个文本框 (上一轮共 0.45s) ----------
17:48:44  原文: "ImgCCExpanded256"   [取文本 0ms, 焦点 Edit 'ImgCCExpanded256']
17:48:44  translate.py -> need=0  text="ImgCCExpanded256"   [python 187ms]
17:48:44  不需要翻译 -> 直接回车
17:48:45      [回车+等下一个框 203ms]
17:48:45  ---------- 第 176 个文本框 (上一轮共 0.39s) ----------
17:48:45  原文: "ImgItemCC"   [取文本 0ms, 焦点 Edit 'ImgItemCC']
17:48:45  translate.py -> need=0  text="ImgItemCC"   [python 204ms]
17:48:45  不需要翻译 -> 直接回车
17:48:45      [回车+等下一个框 218ms]
17:48:45  ---------- 第 177 个文本框 (上一轮共 0.42s) ----------
17:48:45  原文: "CodeSnippets"   [取文本 0ms, 焦点 Edit 'CodeSnippets']
17:48:45  translate.py -> need=0  text="CodeSnippets"   [python 203ms]
17:48:45  不需要翻译 -> 直接回车
17:48:45      [回车+等下一个框 219ms]
17:48:45  ---------- 第 178 个文本框 (上一轮共 0.42s) ----------
17:48:45  原文: "DesignerSnippets"   [取文本 0ms, 焦点 Edit 'DesignerSnippets']
17:48:46  translate.py -> need=0  text="DesignerSnippets"   [python 203ms]
17:48:46  不需要翻译 -> 直接回车
17:48:46      [回车+等下一个框 203ms]
17:48:46  ---------- 第 179 个文本框 (上一轮共 0.42s) ----------
17:48:46  原文: "Template"   [取文本 0ms, 焦点 Edit 'Template']
17:48:46  translate.py -> need=0  text="Template"   [python 188ms]
17:48:46  不需要翻译 -> 直接回车
17:48:46      [回车+等下一个框 203ms]
17:48:46  ---------- 第 180 个文本框 (上一轮共 0.39s) ----------
17:48:46  原文: "SimpleCode"   [取文本 0ms, 焦点 Edit 'SimpleCode']
17:48:46  translate.py -> need=0  text="SimpleCode"   [python 203ms]
17:48:46  不需要翻译 -> 直接回车
17:48:47      [回车+等下一个框 219ms]
17:48:47  ---------- 第 181 个文本框 (上一轮共 0.42s) ----------
17:48:47  原文: "\bC&opy contents to clipboard"   [取文本 0ms, 焦点 Edit '\bC&opy contents to ']
17:48:47  translate.py -> need=1  text="<strong>Copy</strong> contents to clipboard"   [python 218ms]
17:48:47  翻译前基准: "<strong>Copy</strong> contents to clipboard"   [粘贴 172ms, 取基准 0ms]
17:48:47  按翻译热键 (第 1 次, step 模式)   [全选+确认 313ms]
17:48:48      第 1 次轮询看到内容变了
17:48:49  译文已稳定 (轮询 3 次)
17:48:49      [等译文 0.61s, 轮询 3 次]
17:48:49  译文: "<strong>将内容复制</strong>到剪贴板"
17:48:49  translateposthtml.py -> "\b将内容复制 到剪贴板"   [python 109ms]
17:48:49      [粘回译文 141ms]
17:48:49      [回车+等下一个框 203ms]
17:48:49  ---------- 第 182 个文本框 (上一轮共 2.34s) ----------
17:48:49  原文: "\b&Insert into the active code window"   [取文本 0ms, 焦点 Edit '\b&Insert into the a']
17:48:49  translate.py -> need=1  text="<strong>Insert</strong> into the active code window"   [python 188ms]
17:48:49  翻译前基准: "<strong>Insert</strong> into the active code window"   [粘贴 156ms, 取基准 0ms]
17:48:50  按翻译热键 (第 1 次, step 模式)   [全选+确认 313ms]
17:48:51      第 1 次轮询看到内容变了
17:48:51  译文已稳定 (轮询 2 次)
17:48:51      [等译文 0.47s, 轮询 2 次]
17:48:51  译文: "<strong>插入</strong>活动代码窗口"
17:48:51  translateposthtml.py -> "\b插入 活动代码窗口"   [python 94ms]
17:48:51      [粘回译文 171ms]
17:48:51      [回车+等下一个框 219ms]
17:48:51  ---------- 第 183 个文本框 (上一轮共 2.17s) ----------
17:48:51  原文: "\bAll keyboard shortcuts"   [取文本 0ms, 焦点 Edit '\bAll keyboard short']
17:48:52  translate.py -> need=1  text="<strong>All</strong> keyboard shortcuts"   [python 906ms]
17:48:52  翻译前基准: "<strong>All</strong> keyboard shortcuts"   [粘贴 157ms, 取基准 0ms]
17:48:53  按翻译热键 (第 1 次, step 模式)   [全选+确认 312ms]
17:48:53      第 1 次轮询看到内容变了
17:48:54  译文已稳定 (轮询 2 次)
17:48:54      [等译文 0.45s, 轮询 2 次]
17:48:54  译文: "<strong>所有</strong>键盘快捷键"
17:48:54  translateposthtml.py -> "\b所有 键盘快捷键"   [python 47ms]
17:48:54      [粘回译文 141ms]
17:48:54      [回车+等下一个框 203ms]
17:48:54  ---------- 第 184 个文本框 (上一轮共 2.80s) ----------
17:48:54  原文: "Only \bunassigned keyboard shortcuts"   [取文本 0ms, 焦点 Edit 'Only \bunassigned ke']
17:48:55  translate.py -> need=1  text="Only <strong>unassigned</strong> keyboard shortcuts"   [python 844ms]
17:48:55  翻译前基准: "Only <strong>unassigned</strong> keyboard shortcuts"   [粘贴 140ms, 取基准 0ms]
17:48:55  按翻译热键 (第 1 次, step 模式)   [全选+确认 313ms]
17:48:56      第 1 次轮询看到内容变了
17:48:56  译文已稳定 (轮询 2 次)
17:48:56      [等译文 0.48s, 轮询 2 次]
17:48:56  译文: "仅<strong>未指定的</strong>键盘快捷键"
17:48:56  translateposthtml.py -> "仅\b未指定的 键盘快捷键"   [python 94ms]
17:48:57      [粘回译文 141ms]
17:48:57      [回车+等下一个框 219ms]
17:48:57  ---------- 第 185 个文本框 (上一轮共 2.81s) ----------
17:48:57  原文: "\bWhat \bto \blist in the \bKeyboard \bShortcuts combo box:"   [取文本 0ms, 焦点 Edit '\bWhat \bto \blist i']
17:48:58  translate.py -> need=1  text="<strong>What</strong> <strong>to</strong> <strong>list</strong> in the <strong>Keyboard</strong> <strong>Shortcuts</strong> combo box:"   [python 796ms]
17:48:58  翻译前基准: "<strong>What</strong> <strong>to</strong> <strong>list</strong> in the <strong>Keyboard</strong> <strong>Shortcuts</strong> combo box:"   [粘贴 157ms, 取基准 0ms]
17:48:58  按翻译热键 (第 1 次, step 模式)   [全选+确认 297ms]
17:48:59      第 1 次轮询看到内容变了
17:49:00  译文已稳定 (轮询 6 次)
17:49:00      [等译文 1.09s, 轮询 6 次]
17:49:00  译文: "在<strong>键盘</strong><strong>快捷键</strong>组合框中<strong>列出</strong><strong>的</strong><strong>内容</strong>"
17:49:00  translateposthtml.py -> "在\b键盘 \b快捷键 组合框中\b列出 \b的 \b内容 "   [python 110ms]
17:49:00      [粘回译文 156ms]
17:49:00      [回车+等下一个框 203ms]
17:49:00  ---------- 第 186 个文本框 (上一轮共 3.39s) ----------
17:49:00  原文: "\b&Whole word"   [取文本 0ms, 焦点 Edit '\b&Whole word']
17:49:00  translate.py -> need=1  text="<strong>Whole</strong> word"   [python 188ms]
17:49:01  翻译前基准: "<strong>Whole</strong> word"   [粘贴 140ms, 取基准 0ms]
17:49:01  按翻译热键 (第 1 次, step 模式)   [全选+确认 313ms]
17:49:02      第 1 次轮询看到内容变了
17:49:02  译文已稳定 (轮询 2 次)
17:49:02      [等译文 0.45s, 轮询 2 次]
17:49:02  译文: "<strong>全</strong>字"
17:49:02  translateposthtml.py -> "\b全 字"   [python 110ms]
17:49:02      [粘回译文 156ms]
17:49:02      [回车+等下一个框 219ms]
17:49:02  ---------- 第 187 个文本框 (上一轮共 2.14s) ----------
17:49:02  原文: "&Match \bcase"   [取文本 0ms, 焦点 Edit '&Match \bcase']
17:49:03  translate.py -> need=1  text="Match <strong>case</strong>"   [python 219ms]
17:49:03  翻译前基准: "Match <strong>case</strong>"   [粘贴 140ms, 取基准 0ms]
17:49:03  按翻译热键 (第 1 次, step 模式)   [全选+确认 297ms]
17:49:04      第 1 次轮询看到内容变了
17:49:04  译文已稳定 (轮询 2 次)
17:49:04      [等译文 0.45s, 轮询 2 次]
17:49:04  译文: "区分<strong>大小写</strong>"
17:49:04  translateposthtml.py -> "区分\b大小写 "   [python 125ms]
17:49:04      [粘回译文 157ms]
17:49:05      [回车+等下一个框 218ms]
17:49:05  ---------- 第 188 个文本框 (上一轮共 2.19s) ----------
17:49:05  原文: "2.0"   [取文本 0ms, 焦点 Edit '2.0']
17:49:05  translate.py -> need=0  text="2.0"   [python 219ms]
17:49:05  不需要翻译 -> 直接回车
17:49:05      [回车+等下一个框 219ms]
17:49:05  ---------- 第 189 个文本框 (上一轮共 0.44s) ----------
17:49:05  原文: "UserDefParameters"   [取文本 0ms, 焦点 Edit 'UserDefParameters']
17:49:05  translate.py -> need=0  text="UserDefParameters"   [python 219ms]
17:49:05  不需要翻译 -> 直接回车
17:49:05      [回车+等下一个框 203ms]
17:49:05  ---------- 第 190 个文本框 (上一轮共 0.42s) ----------
17:49:05  原文: " Name"   [取文本 0ms, 焦点 Edit ' Name']
17:49:06  translate.py -> need=0  text=" Name"   [python 187ms]
17:49:06  不需要翻译 -> 直接回车
17:49:06      [回车+等下一个框 235ms]
17:49:06  ---------- 第 191 个文本框 (上一轮共 0.42s) ----------
17:49:06  原文: "Name"   [取文本 0ms, 焦点 Edit 'Name']
17:49:06  translate.py -> need=0  text="Name"   [python 203ms]
17:49:06  不需要翻译 -> 直接回车
17:49:06      [回车+等下一个框 203ms]
17:49:06  ---------- 第 192 个文本框 (上一轮共 0.41s) ----------
17:49:06  原文: "Name"   [取文本 0ms, 焦点 Edit 'Name']
17:49:06  translate.py -> need=0  text="Name"   [python 219ms]
17:49:06  不需要翻译 -> 直接回车
17:49:07      [回车+等下一个框 218ms]
17:49:07  ---------- 第 193 个文本框 (上一轮共 0.44s) ----------
17:49:07  原文: "Default Value"   [取文本 0ms, 焦点 Edit 'Default Value']
17:49:07  translate.py -> need=1  text="Default Value"   [python 844ms]
17:49:08  翻译前基准: "Default Value"   [粘贴 140ms, 取基准 0ms]
17:49:08  按翻译热键 (第 1 次, step 模式)   [全选+确认 297ms]
17:49:09      第 1 次轮询看到内容变了
17:49:09  译文已稳定 (轮询 2 次)
17:49:09      [等译文 0.47s, 轮询 2 次]
17:49:09  译文: "默认值"
17:49:09  translateposthtml.py -> "默认值"   [python 94ms]
17:49:09      [粘回译文 156ms]
17:49:09      [回车+等下一个框 204ms]
17:49:09  ---------- 第 194 个文本框 (上一轮共 2.78s) ----------
17:49:09  原文: "DefaultValue"   [取文本 0ms, 焦点 Edit 'DefaultValue']
17:49:10  translate.py -> need=0  text="DefaultValue"   [python 203ms]
17:49:10  不需要翻译 -> 直接回车
17:49:10      [回车+等下一个框 203ms]
17:49:10  ---------- 第 195 个文本框 (上一轮共 0.41s) ----------
17:49:10  原文: "DefaultValue"   [取文本 0ms, 焦点 Edit 'DefaultValue']
17:49:10  translate.py -> need=0  text="DefaultValue"   [python 187ms]
17:49:10  不需要翻译 -> 直接回车
17:49:10      [回车+等下一个框 219ms]
17:49:10  ---------- 第 196 个文本框 (上一轮共 0.41s) ----------
17:49:10  原文: " Description"   [取文本 0ms, 焦点 Edit ' Description']
17:49:10  translate.py -> need=0  text=" Description"   [python 203ms]
17:49:10  不需要翻译 -> 直接回车
17:49:11      [回车+等下一个框 203ms]
17:49:11  ---------- 第 197 个文本框 (上一轮共 0.41s) ----------
17:49:11  原文: "Description"   [取文本 0ms, 焦点 Edit 'Description']
17:49:11  translate.py -> need=0  text="Description"   [python 188ms]
17:49:11  不需要翻译 -> 直接回车
17:49:11      [回车+等下一个框 203ms]
17:49:11  ---------- 第 198 个文本框 (上一轮共 0.39s) ----------
17:49:11  原文: "Description"   [取文本 0ms, 焦点 Edit 'Description']
17:49:11  translate.py -> need=0  text="Description"   [python 187ms]
17:49:11  不需要翻译 -> 直接回车
17:49:11      [回车+等下一个框 204ms]
17:49:11  ---------- 第 199 个文本框 (上一轮共 0.39s) ----------
17:49:11  原文: "MacroID"   [取文本 0ms, 焦点 Edit 'MacroID']
17:49:12  translate.py -> need=0  text="MacroID"   [python 203ms]
17:49:12  不需要翻译 -> 直接回车
17:49:12      [回车+等下一个框 203ms]
17:49:12  ---------- 第 200 个文本框 (上一轮共 0.42s) ----------
17:49:12  原文: "MacroID"   [取文本 0ms, 焦点 Edit 'MacroID']
17:49:12  translate.py -> need=0  text="MacroID"   [python 204ms]
17:49:12  不需要翻译 -> 直接回车
17:49:12      [回车+等下一个框 218ms]
17:49:12  ---------- 第 201 个文本框 (上一轮共 0.42s) ----------
17:49:12  原文: "MacroID"   [取文本 0ms, 焦点 Edit 'MacroID']
17:49:12  translate.py -> need=0  text="MacroID"   [python 188ms]
17:49:12  不需要翻译 -> 直接回车
17:49:13      [回车+等下一个框 219ms]
17:49:13  ---------- 第 202 个文本框 (上一轮共 0.41s) ----------
17:49:13  原文: "Default"   [取文本 0ms, 焦点 Edit 'Default']
17:49:13  translate.py -> need=0  text="Default"   [python 187ms]
17:49:13  不需要翻译 -> 直接回车
17:49:13      [回车+等下一个框 203ms]
17:49:13  ---------- 第 203 个文本框 (上一轮共 0.41s) ----------
17:49:13  原文: "Tahoma"   [取文本 0ms, 焦点 Edit 'Tahoma']
17:49:13  translate.py -> need=0  text="Tahoma"   [python 187ms]
17:49:13  不需要翻译 -> 直接回车
17:49:13      [回车+等下一个框 203ms]
17:49:13  ---------- 第 204 个文本框 (上一轮共 0.39s) ----------
17:49:13  原文: "OddRow"   [取文本 0ms, 焦点 Edit 'OddRow']
17:49:14  translate.py -> need=0  text="OddRow"   [python 219ms]
17:49:14  不需要翻译 -> 直接回车
17:49:14      [回车+等下一个框 203ms]
17:49:14  ---------- 第 205 个文本框 (上一轮共 0.42s) ----------
17:49:14  原文: "EvenRow"   [取文本 0ms, 焦点 Edit 'EvenRow']
17:49:14  translate.py -> need=0  text="EvenRow"   [python 219ms]
17:49:14  不需要翻译 -> 直接回车
17:49:14      [回车+等下一个框 203ms]
17:49:14  ---------- 第 206 个文本框 (上一轮共 0.42s) ----------
17:49:14  原文: "RowGroup"   [取文本 0ms, 焦点 Edit 'RowGroup']
17:49:15  translate.py -> need=0  text="RowGroup"   [python 203ms]
17:49:15  不需要翻译 -> 直接回车
17:49:15      [回车+等下一个框 219ms]
17:49:15  ---------- 第 207 个文本框 (上一轮共 0.44s) ----------
17:49:15  原文: "PreviewRow"   [取文本 0ms, 焦点 Edit 'PreviewRow']
17:49:15  translate.py -> need=0  text="PreviewRow"   [python 203ms]
17:49:15  不需要翻译 -> 直接回车
17:49:15      [回车+等下一个框 203ms]
17:49:15  ---------- 第 208 个文本框 (上一轮共 0.41s) ----------
17:49:15  原文: "ImageList3"   [取文本 0ms, 焦点 Edit 'ImageList3']
17:49:15  translate.py -> need=0  text="ImageList3"   [python 219ms]
17:49:15  不需要翻译 -> 直接回车
17:49:16      [回车+等下一个框 203ms]
17:49:16  ---------- 第 209 个文本框 (上一轮共 0.42s) ----------
17:49:16  原文: "ImgCollapsed256"   [取文本 0ms, 焦点 Edit 'ImgCollapsed256']
17:49:16  translate.py -> need=0  text="ImgCollapsed256"   [python 203ms]
17:49:16  不需要翻译 -> 直接回车
17:49:16      [回车+等下一个框 203ms]
17:49:16  ---------- 第 210 个文本框 (上一轮共 0.41s) ----------
17:49:16  原文: "ImgExpanded256"   [取文本 0ms, 焦点 Edit 'ImgExpanded256']
17:49:16  translate.py -> need=0  text="ImgExpanded256"   [python 219ms]
17:49:16  不需要翻译 -> 直接回车
17:49:16      [回车+等下一个框 219ms]
17:49:16  ---------- 第 211 个文本框 (上一轮共 0.44s) ----------
17:49:16  原文: "SimpleCode"   [取文本 0ms, 焦点 Edit 'SimpleCode']
17:49:17  translate.py -> need=0  text="SimpleCode"   [python 203ms]
17:49:17  不需要翻译 -> 直接回车
17:49:17      [回车+等下一个框 203ms]
17:49:17  ---------- 第 212 个文本框 (上一轮共 0.41s) ----------
17:49:17  原文: "Database"   [取文本 0ms, 焦点 Edit 'Database']
17:49:17  translate.py -> need=0  text="Database"   [python 203ms]
17:49:17  不需要翻译 -> 直接回车
17:49:17      [回车+等下一个框 203ms]
17:49:17  ---------- 第 213 个文本框 (上一轮共 0.41s) ----------
17:49:17  原文: "HandShare"   [取文本 0ms, 焦点 Edit 'HandShare']
17:49:17  translate.py -> need=0  text="HandShare"   [python 203ms]
17:49:17  不需要翻译 -> 直接回车
17:49:18      [回车+等下一个框 219ms]
17:49:18  ---------- 第 214 个文本框 (上一轮共 0.44s) ----------
17:49:18  原文: "ImgCollapsed16"   [取文本 0ms, 焦点 Edit 'ImgCollapsed16']
17:49:18  translate.py -> need=0  text="ImgCollapsed16"   [python 187ms]
17:49:18  不需要翻译 -> 直接回车
17:49:18      [回车+等下一个框 219ms]
17:49:18  ---------- 第 215 个文本框 (上一轮共 0.42s) ----------
17:49:18  原文: "ImgExpanded16"   [取文本 0ms, 焦点 Edit 'ImgExpanded16']
17:49:18  translate.py -> need=0  text="ImgExpanded16"   [python 188ms]
17:49:18  不需要翻译 -> 直接回车
17:49:18      [回车+等下一个框 203ms]
17:49:18  ---------- 第 216 个文本框 (上一轮共 0.39s) ----------
17:49:18  原文: "ImageList3"   [取文本 0ms, 焦点 Edit 'ImageList3']
17:49:19  translate.py -> need=0  text="ImageList3"   [python 188ms]
17:49:19  不需要翻译 -> 直接回车
17:49:19      [回车+等下一个框 219ms]
17:49:19  ---------- 第 217 个文本框 (上一轮共 0.42s) ----------
17:49:19  原文: "ImgCollapsed256"   [取文本 0ms, 焦点 Edit 'ImgCollapsed256']
17:49:19  translate.py -> need=0  text="ImgCollapsed256"   [python 219ms]
17:49:19  不需要翻译 -> 直接回车
17:49:19      [回车+等下一个框 203ms]
17:49:19  ---------- 第 218 个文本框 (上一轮共 0.44s) ----------
17:49:19  原文: "ImgExpanded256"   [取文本 0ms, 焦点 Edit 'ImgExpanded256']
17:49:20  translate.py -> need=0  text="ImgExpanded256"   [python 204ms]
17:49:20  不需要翻译 -> 直接回车
17:49:20      [回车+等下一个框 234ms]
17:49:20  ---------- 第 219 个文本框 (上一轮共 0.44s) ----------
17:49:20  原文: "SimpleCode"   [取文本 0ms, 焦点 Edit 'SimpleCode']
17:49:20  translate.py -> need=0  text="SimpleCode"   [python 187ms]
17:49:20  不需要翻译 -> 直接回车
17:49:20      [回车+等下一个框 204ms]
17:49:20  ---------- 第 220 个文本框 (上一轮共 0.39s) ----------
17:49:20  原文: "Database"   [取文本 0ms, 焦点 Edit 'Database']
17:49:20  translate.py -> need=0  text="Database"   [python 218ms]
17:49:20  不需要翻译 -> 直接回车
17:49:21      [回车+等下一个框 219ms]
17:49:21  ---------- 第 221 个文本框 (上一轮共 0.45s) ----------
17:49:21  原文: "HandShare"   [取文本 0ms, 焦点 Edit 'HandShare']
17:49:21  translate.py -> need=0  text="HandShare"   [python 203ms]
17:49:21  不需要翻译 -> 直接回车
17:49:21      [回车+等下一个框 203ms]
17:49:21  ---------- 第 222 个文本框 (上一轮共 0.42s) ----------
17:49:21  原文: "Page Set&up..."   [取文本 0ms, 焦点 Edit 'Page Set&up...']
17:49:21  translate.py -> need=1  text="Page Setup..."   [python 187ms]
17:49:21  翻译前基准: "Page Setup..."   [粘贴 156ms, 取基准 0ms]
17:49:22  按翻译热键 (第 1 次, step 模式)   [全选+确认 297ms]
17:49:23      第 1 次轮询看到内容变了
17:49:23  译文已稳定 (轮询 2 次)
17:49:23      [等译文 0.45s, 轮询 2 次]
17:49:23  译文: "页面设置..."
17:49:23  translateposthtml.py -> "页面设置..."   [python 156ms]
17:49:23      [粘回译文 157ms]
17:49:23      [回车+等下一个框 203ms]
17:49:23  ---------- 第 223 个文本框 (上一轮共 2.17s) ----------
17:49:23  原文: "&Print..."   [取文本 0ms, 焦点 Edit '&Print...']
17:49:23  translate.py -> need=1  text="Print..."   [python 188ms]
17:49:24  翻译前基准: "Print..."   [粘贴 141ms, 取基准 0ms]
17:49:24  按翻译热键 (第 1 次, step 模式)   [全选+确认 296ms]
17:49:25      第 1 次轮询看到内容变了
17:49:25  译文已稳定 (轮询 2 次)
17:49:25      [等译文 0.45s, 轮询 2 次]
17:49:25  译文: "打印..."
17:49:25  translateposthtml.py -> "打印..."   [python 93ms]
17:49:25      [粘回译文 141ms]
17:49:25      [回车+等下一个框 219ms]
17:49:25  ---------- 第 224 个文本框 (上一轮共 2.11s) ----------
17:49:25  原文: "&Close"   [取文本 0ms, 焦点 Edit '&Close']
17:49:26  translate.py -> need=1  text="Close"   [python 187ms]
17:49:26  翻译前基准: "Close"   [粘贴 157ms, 取基准 0ms]
17:49:26  按翻译热键 (第 1 次, step 模式)   [全选+确认 296ms]
17:49:27      第 1 次轮询看到内容变了
17:49:27  译文已稳定 (轮询 2 次)
17:49:27      [等译文 0.45s, 轮询 2 次]
17:49:27  译文: "密切"
17:49:27  translateposthtml.py -> "密切"   [python 109ms]
17:49:27      [粘回译文 156ms]
17:49:27      [回车+等下一个框 203ms]
17:49:27  ---------- 第 225 个文本框 (上一轮共 2.16s) ----------
17:49:27  原文: "Include AutoText \bcode \b&preview"   [取文本 0ms, 焦点 Edit 'Include AutoText \bc']
17:49:28  translate.py -> need=1  text="Include AutoText <strong>code</strong> <strong>preview</strong>"   [python 172ms]
17:49:28  翻译前基准: "Include AutoText <strong>code</strong> <strong>preview</strong>"   [粘贴 141ms, 取基准 0ms]
17:49:28  按翻译热键 (第 1 次, step 模式)   [全选+确认 296ms]
17:49:29      第 3 次轮询看到内容变了
17:49:30  译文已稳定 (轮询 7 次)
17:49:30      [等译文 1.25s, 轮询 7 次]
17:49:30  译文: "包括自动图文集代码预览<strong></strong><strong></strong>"
17:49:30  translateposthtml.py -> "包括自动图文集代码预览"   [python 47ms]
17:49:30      [粘回译文 172ms]
17:49:30      [回车+等下一个框 203ms]
17:49:30  ---------- 第 226 个文本框 (上一轮共 2.94s) ----------
17:49:30  原文: "Include items with \bno \balias assigned"   [取文本 0ms, 焦点 Edit 'Include items with \']
17:49:31  translate.py -> need=1  text="Include items with <strong>no</strong> <strong>alias</strong> assigned"   [python 828ms]
17:49:31  翻译前基准: "Include items with <strong>no</strong> <strong>alias</strong> assigned"   [粘贴 156ms, 取基准 0ms]
17:49:32  按翻译热键 (第 1 次, step 模式)   [全选+确认 297ms]
17:49:33      第 1 次轮询看到内容变了
17:49:33  译文已稳定 (轮询 3 次)
17:49:33      [等译文 0.61s, 轮询 3 次]
17:49:33  译文: "包括<strong>未</strong>分配<strong>别名</strong>"
17:49:33  translateposthtml.py -> "包括\b未 分配\b别名 "   [python 109ms]
17:49:33      [粘回译文 172ms]
17:49:33      [回车+等下一个框 203ms]
17:49:33  ---------- 第 227 个文本框 (上一轮共 2.94s) ----------
17:49:33  原文: "\b&Group by category"   [取文本 0ms, 焦点 Edit '\b&Group by category']
17:49:34  translate.py -> need=1  text="<strong>Group</strong> by category"   [python 203ms]
17:49:34  翻译前基准: "<strong>Group</strong> by category"   [粘贴 156ms, 取基准 0ms]
17:49:34  按翻译热键 (第 1 次, step 模式)   [全选+确认 297ms]
17:49:35      第 1 次轮询看到内容变了
17:49:35  译文已稳定 (轮询 2 次)
17:49:35      [等译文 0.48s, 轮询 2 次]
17:49:35  译文: "按类别<strong>分组</strong>"
17:49:35  translateposthtml.py -> "按类别\b分组 "   [python 47ms]
17:49:35      [粘回译文 141ms]
17:49:35      [回车+等下一个框 203ms]
17:49:35  ---------- 第 228 个文本框 (上一轮共 2.09s) ----------
17:49:35  原文: "2.0"   [取文本 0ms, 焦点 Edit '2.0']
17:49:36  translate.py -> need=0  text="2.0"   [python 203ms]
17:49:36  不需要翻译 -> 直接回车
17:49:36      [回车+等下一个框 203ms]
17:49:36  ---------- 第 229 个文本框 (上一轮共 0.42s) ----------
17:49:36  原文: "Code"   [取文本 0ms, 焦点 Edit 'Code']
17:49:36  translate.py -> need=0  text="Code"   [python 187ms]
17:49:36  不需要翻译 -> 直接回车
17:49:36      [回车+等下一个框 219ms]
17:49:36  ---------- 第 230 个文本框 (上一轮共 0.41s) ----------
17:49:36  原文: " Category"   [取文本 0ms, 焦点 Edit ' Category']
17:49:36  translate.py -> need=0  text=" Category"   [python 187ms]
17:49:36  不需要翻译 -> 直接回车
17:49:37      [回车+等下一个框 219ms]
17:49:37  ---------- 第 231 个文本框 (上一轮共 0.41s) ----------
17:49:37  原文: "Category"   [取文本 0ms, 焦点 Edit 'Category']
17:49:37  translate.py -> need=0  text="Category"   [python 203ms]
17:49:37  不需要翻译 -> 直接回车
17:49:37      [回车+等下一个框 203ms]
17:49:37  ---------- 第 232 个文本框 (上一轮共 0.42s) ----------
17:49:37  原文: "Category"   [取文本 0ms, 焦点 Edit 'Category']
17:49:37  translate.py -> need=0  text="Category"   [python 188ms]
17:49:37  不需要翻译 -> 直接回车
17:49:38      [回车+等下一个框 218ms]
17:49:38  ---------- 第 233 个文本框 (上一轮共 0.42s) ----------
17:49:38  原文: " Name"   [取文本 0ms, 焦点 Edit ' Name']
17:49:38  translate.py -> need=0  text=" Name"   [python 203ms]
17:49:38  不需要翻译 -> 直接回车
17:49:38      [回车+等下一个框 203ms]
17:49:38  ---------- 第 234 个文本框 (上一轮共 0.41s) ----------
17:49:38  原文: "Name"   [取文本 0ms, 焦点 Edit 'Name']
17:49:38  translate.py -> need=0  text="Name"   [python 219ms]
17:49:38  不需要翻译 -> 直接回车
17:49:38      [回车+等下一个框 219ms]
17:49:38  ---------- 第 235 个文本框 (上一轮共 0.44s) ----------
17:49:38  原文: "Name"   [取文本 0ms, 焦点 Edit 'Name']
17:49:39  translate.py -> need=0  text="Name"   [python 203ms]
17:49:39  不需要翻译 -> 直接回车
17:49:39      [回车+等下一个框 203ms]
17:49:39  ---------- 第 236 个文本框 (上一轮共 0.41s) ----------
17:49:39  原文: " Alias"   [取文本 0ms, 焦点 Edit ' Alias']
17:49:39  translate.py -> need=0  text=" Alias"   [python 187ms]
17:49:39  不需要翻译 -> 直接回车
17:49:39      [回车+等下一个框 204ms]
17:49:39  ---------- 第 237 个文本框 (上一轮共 0.39s) ----------
17:49:39  原文: "Alias"   [取文本 0ms, 焦点 Edit 'Alias']
17:49:39  translate.py -> need=0  text="Alias"   [python 187ms]
17:49:39  不需要翻译 -> 直接回车
17:49:40      [回车+等下一个框 219ms]
17:49:40  ---------- 第 238 个文本框 (上一轮共 0.41s) ----------
17:49:40  原文: "Alias"   [取文本 0ms, 焦点 Edit 'Alias']
17:49:40  translate.py -> need=0  text="Alias"   [python 203ms]
17:49:40  不需要翻译 -> 直接回车
17:49:40      [回车+等下一个框 203ms]
17:49:40  ---------- 第 239 个文本框 (上一轮共 0.41s) ----------
17:49:40  原文: " Code"   [取文本 0ms, 焦点 Edit ' Code']
17:49:40  translate.py -> need=0  text=" Code"   [python 219ms]
17:49:40  不需要翻译 -> 直接回车
17:49:40      [回车+等下一个框 219ms]
17:49:40  ---------- 第 240 个文本框 (上一轮共 0.45s) ----------
17:49:40  原文: "Code"   [取文本 0ms, 焦点 Edit 'Code']
17:49:41  translate.py -> need=0  text="Code"   [python 203ms]
17:49:41  不需要翻译 -> 直接回车
17:49:41      [回车+等下一个框 235ms]
17:49:41  ---------- 第 241 个文本框 (上一轮共 0.44s) ----------
17:49:41  原文: "Code"   [取文本 0ms, 焦点 Edit 'Code']
17:49:41  translate.py -> need=0  text="Code"   [python 218ms]
17:49:41  不需要翻译 -> 直接回车
17:49:41      [回车+等下一个框 219ms]
17:49:41  ---------- 第 242 个文本框 (上一轮共 0.44s) ----------
17:49:41  原文: "Default"   [取文本 0ms, 焦点 Edit 'Default']
17:49:42  translate.py -> need=0  text="Default"   [python 203ms]
17:49:42  不需要翻译 -> 直接回车
17:49:42      [回车+等下一个框 235ms]
17:49:42  ---------- 第 243 个文本框 (上一轮共 0.44s) ----------
17:49:42  原文: "Tahoma"   [取文本 0ms, 焦点 Edit 'Tahoma']
17:49:42  translate.py -> need=0  text="Tahoma"   [python 172ms]
17:49:42  不需要翻译 -> 直接回车
17:49:42      [回车+等下一个框 203ms]
17:49:42  ---------- 第 244 个文本框 (上一轮共 0.38s) ----------
17:49:42  原文: "OddRow"   [取文本 0ms, 焦点 Edit 'OddRow']
17:49:42  translate.py -> need=0  text="OddRow"   [python 203ms]
17:49:42  不需要翻译 -> 直接回车
17:49:43      [回车+等下一个框 203ms]
17:49:43  ---------- 第 245 个文本框 (上一轮共 0.41s) ----------
17:49:43  原文: "EvenRow"   [取文本 0ms, 焦点 Edit 'EvenRow']
17:49:43  translate.py -> need=0  text="EvenRow"   [python 187ms]
17:49:43  不需要翻译 -> 直接回车
17:49:43      [回车+等下一个框 204ms]
17:49:43  ---------- 第 246 个文本框 (上一轮共 0.39s) ----------
17:49:43  原文: "RowGroup"   [取文本 0ms, 焦点 Edit 'RowGroup']
17:49:43  translate.py -> need=0  text="RowGroup"   [python 187ms]
17:49:43  不需要翻译 -> 直接回车
17:49:43      [回车+等下一个框 234ms]
17:49:43  ---------- 第 247 个文本框 (上一轮共 0.44s) ----------
17:49:43  原文: "PreviewRow"   [取文本 0ms, 焦点 Edit 'PreviewRow']
17:49:44  translate.py -> need=0  text="PreviewRow"   [python 203ms]
17:49:44  不需要翻译 -> 直接回车
17:49:44      [回车+等下一个框 203ms]
17:49:44  ---------- 第 248 个文本框 (上一轮共 0.41s) ----------
17:49:44  原文: "2.0"   [取文本 0ms, 焦点 Edit '2.0']
17:49:44  translate.py -> need=0  text="2.0"   [python 172ms]
17:49:44  不需要翻译 -> 直接回车
17:49:44      [回车+等下一个框 203ms]
17:49:44  ---------- 第 249 个文本框 (上一轮共 0.38s) ----------
17:49:44  原文: "Name"   [取文本 0ms, 焦点 Edit 'Name']
17:49:44  translate.py -> need=0  text="Name"   [python 203ms]
17:49:44  不需要翻译 -> 直接回车
17:49:45      [回车+等下一个框 204ms]
17:49:45  ---------- 第 250 个文本框 (上一轮共 0.41s) ----------
17:49:45  原文: " Name"   [取文本 0ms, 焦点 Edit ' Name']
17:49:45  translate.py -> need=0  text=" Name"   [python 187ms]
17:49:45  不需要翻译 -> 直接回车
17:49:45      [回车+等下一个框 203ms]
17:49:45  ---------- 第 251 个文本框 (上一轮共 0.41s) ----------
17:49:45  原文: "Name"   [取文本 0ms, 焦点 Edit 'Name']
17:49:45  translate.py -> need=0  text="Name"   [python 203ms]
17:49:45  不需要翻译 -> 直接回车
17:49:45      [回车+等下一个框 219ms]
17:49:45  ---------- 第 252 个文本框 (上一轮共 0.42s) ----------
17:49:45  原文: " Reserved Word"   [取文本 0ms, 焦点 Edit ' Reserved Word']
17:49:46  translate.py -> need=0  text=" Reserved Word"   [python 812ms]
17:49:46  不需要翻译 -> 直接回车
17:49:46      [回车+等下一个框 219ms]
17:49:46  ---------- 第 253 个文本框 (上一轮共 1.03s) ----------
17:49:46  原文: "ReservedWord"   [取文本 0ms, 焦点 Edit 'ReservedWord']
17:49:47  translate.py -> need=0  text="ReservedWord"   [python 219ms]
17:49:47  不需要翻译 -> 直接回车
17:49:47      [回车+等下一个框 203ms]
17:49:47  ---------- 第 254 个文本框 (上一轮共 0.42s) ----------
17:49:47  原文: " Description"   [取文本 0ms, 焦点 Edit ' Description']
17:49:47  translate.py -> need=0  text=" Description"   [python 234ms]
17:49:47  不需要翻译 -> 直接回车
17:49:47      [回车+等下一个框 203ms]
17:49:47  ---------- 第 255 个文本框 (上一轮共 0.44s) ----------
17:49:47  原文: "Description"   [取文本 0ms, 焦点 Edit 'Description']
17:49:47  translate.py -> need=0  text="Description"   [python 203ms]
17:49:47  不需要翻译 -> 直接回车
17:49:48      [回车+等下一个框 204ms]
17:49:48  ---------- 第 256 个文本框 (上一轮共 0.41s) ----------
17:49:48  原文: "Default"   [取文本 0ms, 焦点 Edit 'Default']
17:49:48  translate.py -> need=0  text="Default"   [python 203ms]
17:49:48  不需要翻译 -> 直接回车
17:49:48      [回车+等下一个框 203ms]
17:49:48  ---------- 第 257 个文本框 (上一轮共 0.41s) ----------
17:49:48  原文: "Tahoma"   [取文本 0ms, 焦点 Edit 'Tahoma']
17:49:48  translate.py -> need=0  text="Tahoma"   [python 234ms]
17:49:48  不需要翻译 -> 直接回车
17:49:49      [回车+等下一个框 203ms]
17:49:49  ---------- 第 258 个文本框 (上一轮共 0.44s) ----------
17:49:49  原文: "OddRow"   [取文本 0ms, 焦点 Edit 'OddRow']
17:49:49  translate.py -> need=0  text="OddRow"   [python 188ms]
17:49:49  不需要翻译 -> 直接回车
17:49:49      [回车+等下一个框 219ms]
17:49:49  ---------- 第 259 个文本框 (上一轮共 0.42s) ----------
17:49:49  原文: "EvenRow"   [取文本 0ms, 焦点 Edit 'EvenRow']
17:49:49  translate.py -> need=0  text="EvenRow"   [python 219ms]
17:49:49  不需要翻译 -> 直接回车
17:49:49      [回车+等下一个框 203ms]
17:49:49  ---------- 第 260 个文本框 (上一轮共 0.42s) ----------
17:49:49  原文: "RowGroup"   [取文本 0ms, 焦点 Edit 'RowGroup']
17:49:50  translate.py -> need=0  text="RowGroup"   [python 203ms]
17:49:50  不需要翻译 -> 直接回车
17:49:50      [回车+等下一个框 203ms]
17:49:50  ---------- 第 261 个文本框 (上一轮共 0.41s) ----------
17:49:50  原文: "PreviewRow"   [取文本 0ms, 焦点 Edit 'PreviewRow']
17:49:50  translate.py -> need=0  text="PreviewRow"   [python 203ms]
17:49:50  不需要翻译 -> 直接回车
17:49:50      [回车+等下一个框 234ms]
17:49:50  ---------- 第 262 个文本框 (上一轮共 0.44s) ----------
17:49:50  原文: "at_top.gif"   [取文本 0ms, 焦点 Edit 'at_top.gif']
17:49:50  translate.py -> need=0  text="at_top.gif"   [python 188ms]
17:49:50  不需要翻译 -> 直接回车
17:49:51      [回车+等下一个框 203ms]
17:49:51  ---------- 第 263 个文本框 (上一轮共 0.39s) ----------
17:49:51  原文: "Pane1"   [取文本 0ms, 焦点 Edit 'Pane1']
17:49:51  translate.py -> need=0  text="Pane1"   [python 219ms]
17:49:51  不需要翻译 -> 直接回车
17:49:51      [回车+等下一个框 219ms]
17:49:51  ---------- 第 264 个文本框 (上一轮共 0.44s) ----------
17:49:51  原文: "\bTri&m code before insertion"   [取文本 0ms, 焦点 Edit '\bTri&m code before ']
17:49:51  translate.py -> need=1  text="<strong>Trim</strong> code before insertion"   [python 203ms]
17:49:51  翻译前基准: "<strong>Trim</strong> code before insertion"   [粘贴 140ms, 取基准 0ms]
17:49:52  按翻译热键 (第 1 次, step 模式)   [全选+确认 297ms]
17:49:53      第 1 次轮询看到内容变了
17:49:53  译文已稳定 (轮询 2 次)
17:49:53      [等译文 0.45s, 轮询 2 次]
17:49:53  译文: "插入前<strong>修剪</strong>代码"
17:49:53  translateposthtml.py -> "插入前\b修剪 代码"   [python 109ms]
17:49:53      [粘回译文 141ms]
17:49:53      [回车+等下一个框 203ms]
17:49:53  ---------- 第 265 个文本框 (上一轮共 2.11s) ----------
17:49:53  原文: "\bE&nable this AutoText item"   [取文本 0ms, 焦点 Edit '\bE&nable this AutoT']
17:49:53  translate.py -> need=1  text="<strong>Enable</strong> this AutoText item"   [python 219ms]
17:49:54  翻译前基准: "<strong>Enable</strong> this AutoText item"   [粘贴 156ms, 取基准 0ms]
17:49:54  按翻译热键 (第 1 次, step 模式)   [全选+确认 297ms]
17:49:55      第 1 次轮询看到内容变了
17:49:55  译文已稳定 (轮询 2 次)
17:49:55      [等译文 0.48s, 轮询 2 次]
17:49:55  译文: "<strong>启用</strong>此自动图文集项目"
17:49:55  translateposthtml.py -> "\b启用 此自动图文集项目"   [python 109ms]
17:49:55      [粘回译文 141ms]
17:49:55      [回车+等下一个框 203ms]
17:49:55  ---------- 第 266 个文本框 (上一轮共 2.17s) ----------
17:49:55  原文: "[What to list in this combo-box]"   [取文本 0ms, 焦点 Edit '[What to list in thi']
17:49:56  translate.py -> need=1  text="[What to list in this combo-box]"   [python 812ms]
17:49:56  翻译前基准: "[What to list in this combo-box]"   [粘贴 172ms, 取基准 0ms]
17:49:57  按翻译热键 (第 1 次, step 模式)   [全选+确认 297ms]
17:49:57      第 1 次轮询看到内容变了
17:49:58  译文已稳定 (轮询 2 次)
17:49:58      [等译文 0.48s, 轮询 2 次]
17:49:58  译文: "[What在此组合框中列出]"
17:49:58  translateposthtml.py -> "[What在此组合框中列出]"   [python 109ms]
17:49:58      [粘回译文 157ms]
17:49:58      [回车+等下一个框 203ms]
17:49:58  ---------- 第 267 个文本框 (上一轮共 2.80s) ----------
17:49:58  原文: "Pane0"   [取文本 0ms, 焦点 Edit 'Pane0']
17:49:58  translate.py -> need=0  text="Pane0"   [python 218ms]
17:49:58  不需要翻译 -> 直接回车
17:49:59      [回车+等下一个框 204ms]
17:49:59  ---------- 第 268 个文本框 (上一轮共 0.44s) ----------
17:49:59  原文: "ImageList3"   [取文本 0ms, 焦点 Edit 'ImageList3']
17:49:59  translate.py -> need=0  text="ImageList3"   [python 219ms]
17:49:59  不需要翻译 -> 直接回车
17:49:59      [回车+等下一个框 219ms]
17:49:59  ---------- 第 269 个文本框 (上一轮共 0.44s) ----------
17:49:59  原文: "imgCodeMove"   [取文本 0ms, 焦点 Edit 'imgCodeMove']
17:49:59  translate.py -> need=0  text="imgCodeMove"   [python 203ms]
17:49:59  不需要翻译 -> 直接回车
17:49:59      [回车+等下一个框 203ms]
17:49:59  ---------- 第 270 个文本框 (上一轮共 0.42s) ----------
17:49:59  原文: "imgNoDrop"   [取文本 0ms, 焦点 Edit 'imgNoDrop']
17:50:00  translate.py -> need=0  text="imgNoDrop"   [python 203ms]
17:50:00  不需要翻译 -> 直接回车
17:50:00      [回车+等下一个框 203ms]
17:50:00  ---------- 第 271 个文本框 (上一轮共 0.41s) ----------
17:50:00  原文: "ImgCollapsed256"   [取文本 0ms, 焦点 Edit 'ImgCollapsed256']
17:50:00  translate.py -> need=0  text="ImgCollapsed256"   [python 203ms]
17:50:00  不需要翻译 -> 直接回车
17:50:00      [回车+等下一个框 203ms]
17:50:00  ---------- 第 272 个文本框 (上一轮共 0.42s) ----------
17:50:00  原文: "ImgExpanded256"   [取文本 0ms, 焦点 Edit 'ImgExpanded256']
17:50:00  translate.py -> need=0  text="ImgExpanded256"   [python 203ms]
17:50:00  不需要翻译 -> 直接回车
17:50:01      [回车+等下一个框 203ms]
17:50:01  ---------- 第 273 个文本框 (上一轮共 0.41s) ----------
17:50:01  原文: "Database"   [取文本 0ms, 焦点 Edit 'Database']
17:50:01  translate.py -> need=0  text="Database"   [python 203ms]
17:50:01  不需要翻译 -> 直接回车
17:50:01      [回车+等下一个框 203ms]
17:50:01  ---------- 第 274 个文本框 (上一轮共 0.41s) ----------
17:50:01  原文: "HandShare"   [取文本 0ms, 焦点 Edit 'HandShare']
17:50:01  translate.py -> need=0  text="HandShare"   [python 219ms]
17:50:01  不需要翻译 -> 直接回车
17:50:01      [回车+等下一个框 219ms]
17:50:02  ---------- 第 275 个文本框 (上一轮共 0.44s) ----------
17:50:02  原文: "SimpleCode"   [取文本 0ms, 焦点 Edit 'SimpleCode']
17:50:02  translate.py -> need=0  text="SimpleCode"   [python 218ms]
17:50:02  不需要翻译 -> 直接回车
17:50:02      [回车+等下一个框 219ms]
17:50:02  ---------- 第 276 个文本框 (上一轮共 0.44s) ----------
17:50:02  原文: "imlNodes"   [取文本 0ms, 焦点 Edit 'imlNodes']
17:50:02  translate.py -> need=0  text="imlNodes"   [python 188ms]
17:50:02  不需要翻译 -> 直接回车
17:50:02      [回车+等下一个框 203ms]
17:50:02  ---------- 第 277 个文本框 (上一轮共 0.39s) ----------
17:50:02  原文: "ImgCollapsed256"   [取文本 0ms, 焦点 Edit 'ImgCollapsed256']
17:50:03  translate.py -> need=0  text="ImgCollapsed256"   [python 234ms]
17:50:03  不需要翻译 -> 直接回车
17:50:03      [回车+等下一个框 203ms]
17:50:03  ---------- 第 278 个文本框 (上一轮共 0.44s) ----------
17:50:03  原文: "ImgExpanded256"   [取文本 0ms, 焦点 Edit 'ImgExpanded256']
17:50:03  translate.py -> need=0  text="ImgExpanded256"   [python 188ms]
17:50:03  不需要翻译 -> 直接回车
17:50:03      [回车+等下一个框 203ms]
17:50:03  ---------- 第 279 个文本框 (上一轮共 0.39s) ----------
17:50:03  原文: "Database"   [取文本 0ms, 焦点 Edit 'Database']
17:50:03  translate.py -> need=0  text="Database"   [python 203ms]
17:50:03  不需要翻译 -> 直接回车
17:50:04      [回车+等下一个框 219ms]
17:50:04  ---------- 第 280 个文本框 (上一轮共 0.44s) ----------
17:50:04  原文: "DbPersonal"   [取文本 0ms, 焦点 Edit 'DbPersonal']
17:50:04  translate.py -> need=0  text="DbPersonal"   [python 204ms]
17:50:04  不需要翻译 -> 直接回车
17:50:04      [回车+等下一个框 234ms]
17:50:04  ---------- 第 281 个文本框 (上一轮共 0.45s) ----------
17:50:04  原文: "DbTeam"   [取文本 0ms, 焦点 Edit 'DbTeam']
17:50:04  translate.py -> need=0  text="DbTeam"   [python 187ms]
17:50:04  不需要翻译 -> 直接回车
17:50:04      [回车+等下一个框 203ms]
17:50:04  ---------- 第 282 个文本框 (上一轮共 0.39s) ----------
17:50:04  原文: "HandShare"   [取文本 0ms, 焦点 Edit 'HandShare']
17:50:05  translate.py -> need=0  text="HandShare"   [python 203ms]
17:50:05  不需要翻译 -> 直接回车
17:50:05      [回车+等下一个框 203ms]
17:50:05  ---------- 第 283 个文本框 (上一轮共 0.41s) ----------
17:50:05  原文: "ImgLang"   [取文本 0ms, 焦点 Edit 'ImgLang']
17:50:05  translate.py -> need=0  text="ImgLang"   [python 188ms]
17:50:05  不需要翻译 -> 直接回车
17:50:05      [回车+等下一个框 234ms]
17:50:05  ---------- 第 284 个文本框 (上一轮共 0.42s) ----------
17:50:05  原文: "ImgMCPCollapsed256"   [取文本 0ms, 焦点 Edit 'ImgMCPCollapsed256']
17:50:05  translate.py -> need=0  text="ImgMCPCollapsed256"   [python 203ms]
17:50:05  不需要翻译 -> 直接回车
17:50:06      [回车+等下一个框 219ms]
17:50:06  ---------- 第 285 个文本框 (上一轮共 0.42s) ----------
17:50:06  原文: "ImgMCPExpanded256"   [取文本 0ms, 焦点 Edit 'ImgMCPExpanded256']
17:50:06  translate.py -> need=0  text="ImgMCPExpanded256"   [python 203ms]
17:50:06  不需要翻译 -> 直接回车
17:50:06      [回车+等下一个框 219ms]
17:50:06  ---------- 第 286 个文本框 (上一轮共 0.42s) ----------
17:50:06  原文: "ImgItemMCP"   [取文本 0ms, 焦点 Edit 'ImgItemMCP']
17:50:06  translate.py -> need=0  text="ImgItemMCP"   [python 234ms]
17:50:06  不需要翻译 -> 直接回车
17:50:07      [回车+等下一个框 235ms]
17:50:07  ---------- 第 287 个文本框 (上一轮共 0.48s) ----------
17:50:07  原文: "ImgCCCollapsed256"   [取文本 0ms, 焦点 Edit 'ImgCCCollapsed256']
17:50:07  translate.py -> need=0  text="ImgCCCollapsed256"   [python 188ms]
17:50:07  不需要翻译 -> 直接回车
17:50:07      [回车+等下一个框 203ms]
17:50:07  ---------- 第 288 个文本框 (上一轮共 0.39s) ----------
17:50:07  原文: "ImgCCExpanded256"   [取文本 0ms, 焦点 Edit 'ImgCCExpanded256']
17:50:07  translate.py -> need=0  text="ImgCCExpanded256"   [python 203ms]
17:50:07  不需要翻译 -> 直接回车
17:50:07      [回车+等下一个框 203ms]
17:50:07  ---------- 第 289 个文本框 (上一轮共 0.41s) ----------
17:50:07  原文: "ImgItemCC"   [取文本 0ms, 焦点 Edit 'ImgItemCC']
17:50:08  translate.py -> need=0  text="ImgItemCC"   [python 188ms]
17:50:08  不需要翻译 -> 直接回车
17:50:08      [回车+等下一个框 203ms]
17:50:08  ---------- 第 290 个文本框 (上一轮共 0.39s) ----------
17:50:08  原文: "CodeSnippets"   [取文本 0ms, 焦点 Edit 'CodeSnippets']
17:50:08  translate.py -> need=0  text="CodeSnippets"   [python 219ms]
17:50:08  不需要翻译 -> 直接回车
17:50:08      [回车+等下一个框 203ms]
17:50:08  ---------- 第 291 个文本框 (上一轮共 0.42s) ----------
17:50:08  原文: "DesignerSnippets"   [取文本 0ms, 焦点 Edit 'DesignerSnippets']
17:50:08  translate.py -> need=0  text="DesignerSnippets"   [python 188ms]
17:50:08  不需要翻译 -> 直接回车
17:50:09      [回车+等下一个框 203ms]
17:50:09  ---------- 第 292 个文本框 (上一轮共 0.42s) ----------
17:50:09  原文: "Template"   [取文本 0ms, 焦点 Edit 'Template']
17:50:09  translate.py -> need=0  text="Template"   [python 218ms]
17:50:09  不需要翻译 -> 直接回车
17:50:09      [回车+等下一个框 219ms]
17:50:09  ---------- 第 293 个文本框 (上一轮共 0.45s) ----------
17:50:09  原文: "SimpleCode"   [取文本 0ms, 焦点 Edit 'SimpleCode']
17:50:09  translate.py -> need=0  text="SimpleCode"   [python 219ms]
17:50:09  不需要翻译 -> 直接回车
17:50:09      [回车+等下一个框 203ms]
17:50:10  ---------- 第 294 个文本框 (上一轮共 0.42s) ----------
17:50:10  原文: "&Enter a \bname for the new template:"   [取文本 0ms, 焦点 Edit '&Enter a \bname for ']
17:50:10  translate.py -> need=1  text="Enter a <strong>name</strong> for the new template:"   [python 203ms]
17:50:10  翻译前基准: "Enter a <strong>name</strong> for the new template:"   [粘贴 187ms, 取基准 0ms]
17:50:10  按翻译热键 (第 1 次, step 模式)   [全选+确认 297ms]
17:50:11      第 1 次轮询看到内容变了
17:50:11  译文已稳定 (轮询 3 次)
17:50:11      [等译文 0.63s, 轮询 3 次]
17:50:11  译文: "输入新模板的<strong>名称</strong>："
17:50:11  translateposthtml.py -> "输入新模板的\b名称 ："   [python 109ms]
17:50:12      [粘回译文 141ms]
17:50:12      [回车+等下一个框 219ms]
17:50:12  ---------- 第 295 个文本框 (上一轮共 2.33s) ----------
17:50:12  原文: "&Select the \bfolder where the template should reside (or \acreate a new one):"   [取文本 0ms, 焦点 Edit '&Select the \bfolder']
17:50:12  translate.py -> need=1  text="Select the <strong>folder</strong> where the template should reside (or \acreate a new one):"   [python 203ms]
17:50:12  翻译前基准: "Select the <strong>folder</strong> where the template should reside (or \acreate a new one):"   [粘贴 141ms, 取基准 0ms]
17:50:12  按翻译热键 (第 1 次, step 模式)   [全选+确认 312ms]
17:50:13      第 1 次轮询看到内容变了
17:50:14  译文已稳定 (轮询 3 次)
17:50:14      [等译文 0.61s, 轮询 3 次]
17:50:14  译文: "选择模板应驻留的<strong>文件夹</strong>（或创建一个新文件夹）："
17:50:14  translateposthtml.py -> "选择模板应驻留的\b文件夹 （或创建一个新文件夹）："   [python 125ms]
17:50:14      [粘回译文 156ms]
17:50:14      [回车+等下一个框 203ms]
17:50:14  ---------- 第 296 个文本框 (上一轮共 2.33s) ----------
17:50:14  原文: "imlNodes"   [取文本 0ms, 焦点 Edit 'imlNodes']
17:50:14  translate.py -> need=0  text="imlNodes"   [python 234ms]
17:50:14  不需要翻译 -> 直接回车
17:50:15      [回车+等下一个框 219ms]
17:50:15  ---------- 第 297 个文本框 (上一轮共 0.45s) ----------
17:50:15  原文: "ImgCollapsed256"   [取文本 0ms, 焦点 Edit 'ImgCollapsed256']
17:50:15  translate.py -> need=0  text="ImgCollapsed256"   [python 188ms]
17:50:15  不需要翻译 -> 直接回车
17:50:15      [回车+等下一个框 203ms]
17:50:15  ---------- 第 298 个文本框 (上一轮共 0.39s) ----------
17:50:15  原文: "ImgExpanded256"   [取文本 0ms, 焦点 Edit 'ImgExpanded256']
17:50:15  translate.py -> need=0  text="ImgExpanded256"   [python 187ms]
17:50:15  不需要翻译 -> 直接回车
17:50:15      [回车+等下一个框 203ms]
17:50:15  ---------- 第 299 个文本框 (上一轮共 0.41s) ----------
17:50:15  原文: "Database"   [取文本 0ms, 焦点 Edit 'Database']
17:50:16  translate.py -> need=0  text="Database"   [python 203ms]
17:50:16  不需要翻译 -> 直接回车
17:50:16      [回车+等下一个框 234ms]
17:50:16  ---------- 第 300 个文本框 (上一轮共 0.44s) ----------
17:50:16  原文: "DbPersonal"   [取文本 0ms, 焦点 Edit 'DbPersonal']
17:50:16  translate.py -> need=0  text="DbPersonal"   [python 219ms]
17:50:16  不需要翻译 -> 直接回车
17:50:16      [回车+等下一个框 203ms]
17:50:16  ---------- 第 301 个文本框 (上一轮共 0.42s) ----------
17:50:16  原文: "DbTeam"   [取文本 0ms, 焦点 Edit 'DbTeam']
17:50:16  translate.py -> need=0  text="DbTeam"   [python 219ms]
17:50:16  不需要翻译 -> 直接回车
17:50:17      [回车+等下一个框 203ms]
17:50:17  ---------- 第 302 个文本框 (上一轮共 0.42s) ----------
17:50:17  原文: "HandShare"   [取文本 0ms, 焦点 Edit 'HandShare']
17:50:17  translate.py -> need=0  text="HandShare"   [python 203ms]
17:50:17  不需要翻译 -> 直接回车
17:50:17      [回车+等下一个框 219ms]
17:50:17  ---------- 第 303 个文本框 (上一轮共 0.42s) ----------
17:50:17  原文: "ImgLang"   [取文本 0ms, 焦点 Edit 'ImgLang']
17:50:17  translate.py -> need=0  text="ImgLang"   [python 203ms]
17:50:17  不需要翻译 -> 直接回车
17:50:18      [回车+等下一个框 203ms]
17:50:18  ---------- 第 304 个文本框 (上一轮共 0.41s) ----------
17:50:18  原文: "ImgMCPCollapsed256"   [取文本 0ms, 焦点 Edit 'ImgMCPCollapsed256']
17:50:18  translate.py -> need=0  text="ImgMCPCollapsed256"   [python 203ms]
17:50:18  不需要翻译 -> 直接回车
17:50:18      [回车+等下一个框 204ms]
17:50:18  ---------- 第 305 个文本框 (上一轮共 0.41s) ----------
17:50:18  原文: "ImgMCPExpanded256"   [取文本 0ms, 焦点 Edit 'ImgMCPExpanded256']
17:50:18  translate.py -> need=0  text="ImgMCPExpanded256"   [python 203ms]
17:50:18  不需要翻译 -> 直接回车
17:50:18      [回车+等下一个框 203ms]
17:50:18  ---------- 第 306 个文本框 (上一轮共 0.42s) ----------
17:50:18  原文: "ImgItemMCP"   [取文本 0ms, 焦点 Edit 'ImgItemMCP']
17:50:19  translate.py -> need=0  text="ImgItemMCP"   [python 204ms]
17:50:19  不需要翻译 -> 直接回车
17:50:19      [回车+等下一个框 218ms]
17:50:19  ---------- 第 307 个文本框 (上一轮共 0.44s) ----------
17:50:19  原文: "ImgCCCollapsed256"   [取文本 0ms, 焦点 Edit 'ImgCCCollapsed256']
17:50:19  translate.py -> need=0  text="ImgCCCollapsed256"   [python 187ms]
17:50:19  不需要翻译 -> 直接回车
17:50:19      [回车+等下一个框 204ms]
17:50:19  ---------- 第 308 个文本框 (上一轮共 0.39s) ----------
17:50:19  原文: "ImgCCExpanded256"   [取文本 0ms, 焦点 Edit 'ImgCCExpanded256']
17:50:19  translate.py -> need=0  text="ImgCCExpanded256"   [python 218ms]
17:50:19  不需要翻译 -> 直接回车
17:50:20      [回车+等下一个框 203ms]
17:50:20  ---------- 第 309 个文本框 (上一轮共 0.42s) ----------
17:50:20  原文: "ImgItemCC"   [取文本 0ms, 焦点 Edit 'ImgItemCC']
17:50:20  translate.py -> need=0  text="ImgItemCC"   [python 219ms]
17:50:20  不需要翻译 -> 直接回车
17:50:20      [回车+等下一个框 219ms]
17:50:20  ---------- 第 310 个文本框 (上一轮共 0.44s) ----------
17:50:20  原文: "CodeSnippets"   [取文本 0ms, 焦点 Edit 'CodeSnippets']
17:50:20  translate.py -> need=0  text="CodeSnippets"   [python 187ms]
17:50:20  不需要翻译 -> 直接回车
17:50:20      [回车+等下一个框 219ms]
17:50:20  ---------- 第 311 个文本框 (上一轮共 0.41s) ----------
17:50:20  原文: "DesignerSnippets"   [取文本 0ms, 焦点 Edit 'DesignerSnippets']
17:50:21  translate.py -> need=0  text="DesignerSnippets"   [python 203ms]
17:50:21  不需要翻译 -> 直接回车
17:50:21      [回车+等下一个框 235ms]
17:50:21  ---------- 第 312 个文本框 (上一轮共 0.44s) ----------
17:50:21  原文: "Template"   [取文本 0ms, 焦点 Edit 'Template']
17:50:21  translate.py -> need=0  text="Template"   [python 187ms]
17:50:21  不需要翻译 -> 直接回车
17:50:21      [回车+等下一个框 219ms]
17:50:21  ---------- 第 313 个文本框 (上一轮共 0.41s) ----------
17:50:21  原文: "SimpleCode"   [取文本 0ms, 焦点 Edit 'SimpleCode']
17:50:21  translate.py -> need=0  text="SimpleCode"   [python 203ms]
17:50:21  不需要翻译 -> 直接回车
17:50:22      [回车+等下一个框 203ms]
17:50:22  ---------- 第 314 个文本框 (上一轮共 0.41s) ----------
17:50:22  原文: "&Select the \bfolder where the snippet should reside (or \acreate a new one):"   [取文本 0ms, 焦点 Edit '&Select the \bfolder']
17:50:22  translate.py -> need=1  text="Select the <strong>folder</strong> where the snippet should reside (or \acreate a new one):"   [python 203ms]
17:50:22  翻译前基准: "Select the <strong>folder</strong> where the snippet should reside (or \acreate a new one):"   [粘贴 141ms, 取基准 0ms]
17:50:22  按翻译热键 (第 1 次, step 模式)   [全选+确认 297ms]
17:50:23      第 1 次轮询看到内容变了
17:50:24  译文已稳定 (轮询 3 次)
17:50:24      [等译文 0.64s, 轮询 3 次]
17:50:24  译文: "选择代码段应驻留的<strong>文件夹</strong>（或创建一个新文件夹）："
17:50:24  translateposthtml.py -> "选择代码段应驻留的\b文件夹 （或创建一个新文件夹）："   [python 94ms]
17:50:24      [粘回译文 156ms]
17:50:24      [回车+等下一个框 203ms]
17:50:24  ---------- 第 315 个文本框 (上一轮共 2.30s) ----------
17:50:24  原文: "&Enter a \bname for the new snippet:"   [取文本 0ms, 焦点 Edit '&Enter a \bname for ']
17:50:24  translate.py -> need=1  text="Enter a <strong>name</strong> for the new snippet:"   [python 188ms]
17:50:24  翻译前基准: "Enter a <strong>name</strong> for the new snippet:"   [粘贴 171ms, 取基准 0ms]
17:50:25  按翻译热键 (第 1 次, step 模式)   [全选+确认 297ms]
17:50:26      第 1 次轮询看到内容变了
17:50:26  译文已稳定 (轮询 2 次)
17:50:26      [等译文 0.47s, 轮询 2 次]
17:50:26  译文: "输入新代码段的<strong>名称</strong>："
17:50:26  translateposthtml.py -> "输入新代码段的\b名称 ："   [python 156ms]
17:50:26      [粘回译文 140ms]
17:50:26      [回车+等下一个框 204ms]
17:50:26  ---------- 第 316 个文本框 (上一轮共 2.19s) ----------
17:50:26  原文: "Assistants.mdb"   [取文本 0ms, 焦点 Edit 'Assistants.mdb']
17:50:26  translate.py -> need=0  text="Assistants.mdb"   [python 218ms]
17:50:26  不需要翻译 -> 直接回车
17:50:27      [回车+等下一个框 203ms]
17:50:27  ---------- 第 317 个文本框 (上一轮共 0.42s) ----------
17:50:27  原文: "LastCodeDb"   [取文本 0ms, 焦点 Edit 'LastCodeDb']
17:50:27  translate.py -> need=0  text="LastCodeDb"   [python 188ms]
17:50:27  不需要翻译 -> 直接回车
17:50:27      [回车+等下一个框 203ms]
17:50:27  ---------- 第 318 个文本框 (上一轮共 0.41s) ----------
17:50:27  原文: "Import"   [取文本 0ms, 焦点 Edit 'Import']
17:50:27  translate.py -> need=0  text="Import"   [python 203ms]
17:50:27  不需要翻译 -> 直接回车
17:50:27      [回车+等下一个框 219ms]
17:50:27  ---------- 第 319 个文本框 (上一轮共 0.42s) ----------
17:50:27  原文: "AxCsManagers.ctlPane_ChooseDb2K1.IsValidSelection"   [取文本 0ms, 焦点 Edit 'AxCsManagers.ctlPane']
17:50:28  translate.py -> need=0  text="AxCsManagers.ctlPane_ChooseDb2K1.IsValidSelection"   [python 187ms]
17:50:28  不需要翻译 -> 直接回车
17:50:28      [回车+等下一个框 203ms]
17:50:28  ---------- 第 320 个文本框 (上一轮共 0.41s) ----------
17:50:28  原文: ") '"   [取文本 0ms, 焦点 Edit ') '']
17:50:28  translate.py -> need=0  text=") '"   [python 187ms]
17:50:28  不需要翻译 -> 直接回车
17:50:28      [回车+等下一个框 219ms]
17:50:28  ---------- 第 321 个文本框 (上一轮共 0.42s) ----------
17:50:28  原文: "Errors were encountered during the import operation."   [取文本 0ms, 焦点 Edit 'Errors were encounte']
17:50:29  translate.py -> need=1  text="Errors were encountered during the import operation."   [python 1062ms]
17:50:29  翻译前基准: "Errors were encountered during the import operation."   [粘贴 141ms, 取基准 0ms]
17:50:30  按翻译热键 (第 1 次, step 模式)   [全选+确认 312ms]
17:50:31      第 1 次轮询看到内容变了
17:50:31  译文已稳定 (轮询 2 次)
17:50:31      [等译文 0.45s, 轮询 2 次]
17:50:31  译文: "导入操作期间遇到错误。"
17:50:31  translateposthtml.py -> "导入操作期间遇到错误。"   [python 109ms]
17:50:31      [粘回译文 141ms]
17:50:31      [回车+等下一个框 203ms]
17:50:31  ---------- 第 322 个文本框 (上一轮共 2.98s) ----------
17:50:31  原文: "Opening the source database..."   [取文本 0ms, 焦点 Edit 'Opening the source d']
17:50:32  translate.py -> need=1  text="Opening the source database..."   [python 781ms]
17:50:32  翻译前基准: "Opening the source database..."   [粘贴 141ms, 取基准 0ms]
17:50:32  按翻译热键 (第 1 次, step 模式)   [全选+确认 297ms]
17:50:33      第 1 次轮询看到内容变了
17:50:33  译文已稳定 (轮询 2 次)
17:50:33      [等译文 0.47s, 轮询 2 次]
17:50:33  译文: "正在打开源数据库..."
17:50:34  translateposthtml.py -> "正在打开源数据库..."   [python 93ms]
17:50:34      [粘回译文 141ms]
17:50:34      [回车+等下一个框 203ms]
17:50:34  ---------- 第 323 个文本框 (上一轮共 2.70s) ----------
17:50:34  原文: "DontUsePrivDBEngine"   [取文本 16ms, 焦点 Edit 'DontUsePrivDBEngine']
17:50:34  translate.py -> need=0  text="DontUsePrivDBEngine"   [python 187ms]
17:50:34  不需要翻译 -> 直接回车
17:50:34      [回车+等下一个框 203ms]
17:50:34  ---------- 第 324 个文本框 (上一轮共 0.41s) ----------
17:50:34  原文: "Settings"   [取文本 0ms, 焦点 Edit 'Settings']
17:50:35  translate.py -> need=0  text="Settings"   [python 235ms]
17:50:35  不需要翻译 -> 直接回车
17:50:35      [回车+等下一个框 203ms]
17:50:35  ---------- 第 325 个文本框 (上一轮共 0.44s) ----------
17:50:35  原文: "First letter is lowercase"   [取文本 0ms, 焦点 Edit 'First letter is lowe']
17:50:36  translate.py -> need=1  text="First letter is lowercase"   [python 750ms]
17:50:36  翻译前基准: "First letter is lowercase"   [粘贴 156ms, 取基准 0ms]
17:50:36  按翻译热键 (第 1 次, step 模式)   [全选+确认 297ms]
17:50:37      第 1 次轮询看到内容变了
17:50:37  译文已稳定 (轮询 2 次)
17:50:37      [等译文 0.45s, 轮询 2 次]
17:50:37  译文: "第一个字母是"
17:50:37  translateposthtml.py -> "第一个字母是"   [python 109ms]
17:50:37      [粘回译文 157ms]
17:50:37      [回车+等下一个框 234ms]
17:50:37  ---------- 第 326 个文本框 (上一轮共 2.70s) ----------
17:50:37  原文: "First letter is uppercase"   [取文本 0ms, 焦点 Edit 'First letter is uppe']
17:50:38  translate.py -> need=1  text="First letter is uppercase"   [python 875ms]
17:50:39  翻译前基准: "First letter is uppercase"   [粘贴 156ms, 取基准 0ms]
17:50:39  按翻译热键 (第 1 次, step 模式)   [全选+确认 297ms]
17:50:40      第 1 次轮询看到内容变了
17:50:40  译文已稳定 (轮询 2 次)
17:50:40      [等译文 0.45s, 轮询 2 次]
17:50:40  译文: "第一个字母是"
17:50:40  translateposthtml.py -> "第一个字母是"   [python 63ms]
17:50:40      [粘回译文 156ms]
17:50:40      [回车+等下一个框 203ms]
17:50:40  ---------- 第 327 个文本框 (上一轮共 2.83s) ----------
17:50:40  原文: "Entire prefix is lowercase"   [取文本 0ms, 焦点 Edit 'Entire prefix is low']
17:50:41  translate.py -> need=1  text="Entire prefix is lowercase"   [python 860ms]
17:50:41  翻译前基准: "Entire prefix is lowercase"   [粘贴 140ms, 取基准 0ms]
17:50:42  按翻译热键 (第 1 次, step 模式)   [全选+确认 297ms]
17:50:42      第 1 次轮询看到内容变了
17:50:43  译文已稳定 (轮询 2 次)
17:50:43      [等译文 0.45s, 轮询 2 次]
17:50:43  译文: "整个前缀为"
17:50:43  translateposthtml.py -> "整个前缀为"   [python 110ms]
17:50:43      [粘回译文 140ms]
17:50:43      [回车+等下一个框 203ms]
17:50:43  ---------- 第 328 个文本框 (上一轮共 2.78s) ----------
17:50:43  原文: "Please select a more specific category"   [取文本 0ms, 焦点 Edit 'Please select a more']
17:50:44  translate.py -> need=1  text="Please select a more specific category"   [python 922ms]
17:50:44  翻译前基准: "Please select a more specific category"   [粘贴 141ms, 取基准 0ms]
17:50:44  按翻译热键 (第 1 次, step 模式)   [全选+确认 297ms]
17:50:45      第 1 次轮询看到内容变了
17:50:46  译文已稳定 (轮询 2 次)
17:50:46      [等译文 0.45s, 轮询 2 次]
17:50:46  译文: "请选择更具体的类别"
17:50:46  translateposthtml.py -> "请选择更具体的类别"   [python 125ms]
17:50:46      [粘回译文 156ms]
17:50:46      [回车+等下一个框 203ms]
17:50:46  ---------- 第 329 个文本框 (上一轮共 2.91s) ----------
17:50:46  原文: "AxCsManagers.ctlPaneVarNames.Initialize"   [取文本 0ms, 焦点 Edit 'AxCsManagers.ctlPane']
17:50:46  translate.py -> need=0  text="AxCsManagers.ctlPaneVarNames.Initialize"   [python 203ms]
17:50:46  不需要翻译 -> 直接回车
17:50:46      [回车+等下一个框 219ms]
17:50:46  ---------- 第 330 个文本框 (上一轮共 0.42s) ----------
17:50:46  原文: "Standard Names"   [取文本 0ms, 焦点 Edit 'Standard Names']
17:50:47  translate.py -> need=0  text="Standard Names"   [python 844ms]
17:50:47  不需要翻译 -> 直接回车
17:50:47      [回车+等下一个框 203ms]
17:50:47  ---------- 第 331 个文本框 (上一轮共 1.05s) ----------
17:50:47  原文: "Items"   [取文本 0ms, 焦点 Edit 'Items']
17:50:48  translate.py -> need=0  text="Items"   [python 203ms]
17:50:48  不需要翻译 -> 直接回车
17:50:48      [回车+等下一个框 203ms]
17:50:48  ---------- 第 332 个文本框 (上一轮共 0.41s) ----------
17:50:48  原文: "Rules"   [取文本 0ms, 焦点 Edit 'Rules']
17:50:48  translate.py -> need=0  text="Rules"   [python 219ms]
17:50:48  不需要翻译 -> 直接回车
17:50:48      [回车+等下一个框 219ms]
17:50:48  ---------- 第 333 个文本框 (上一轮共 0.44s) ----------
17:50:48  原文: "Please select a more specific category."   [取文本 0ms, 焦点 Edit 'Please select a more']
17:50:49  translate.py -> need=1  text="Please select a more specific category."   [python 875ms]
17:50:49  翻译前基准: "Please select a more specific category."   [粘贴 140ms, 取基准 0ms]
17:50:50  按翻译热键 (第 1 次, step 模式)   [全选+确认 297ms]
17:50:50      第 1 次轮询看到内容变了
17:50:51  译文已稳定 (轮询 3 次)
17:50:51      [等译文 0.63s, 轮询 3 次]
17:50:51  译文: "请选择更具体的类别。"
17:50:51  translateposthtml.py -> "请选择更具体的类别。"   [python 110ms]
17:50:51      [粘回译文 171ms]
17:50:51      [回车+等下一个框 219ms]
17:50:51  ---------- 第 334 个文本框 (上一轮共 3.00s) ----------
17:50:51  原文: "Code Variable Names"   [取文本 0ms, 焦点 Edit 'Code Variable Names']
17:50:52  translate.py -> need=0  text="Code Variable Names"   [python 828ms]
17:50:52  不需要翻译 -> 直接回车
17:50:52      [回车+等下一个框 203ms]
17:50:52  ---------- 第 335 个文本框 (上一轮共 1.05s) ----------
17:50:52  原文: "Control Variable Names"   [取文本 0ms, 焦点 Edit 'Control Variable Nam']
17:50:53  translate.py -> need=0  text="Control Variable Names"   [python 875ms]
17:50:53  不需要翻译 -> 直接回车
17:50:53      [回车+等下一个框 203ms]
17:50:53  ---------- 第 336 个文本框 (上一轮共 1.08s) ----------
17:50:53  原文: "Argument Names"   [取文本 0ms, 焦点 Edit 'Argument Names']
17:50:54  translate.py -> need=0  text="Argument Names"   [python 890ms]
17:50:54  不需要翻译 -> 直接回车
17:50:55      [回车+等下一个框 219ms]
17:50:55  ---------- 第 337 个文本框 (上一轮共 1.11s) ----------
17:50:55  原文: "Naming standard settings for "   [取文本 0ms, 焦点 Edit 'Naming standard sett']
17:50:55  translate.py -> need=1  text="Naming standard settings for "   [python 828ms]
17:50:56  翻译前基准: "Naming standard settings for "   [粘贴 157ms, 取基准 0ms]
17:50:56  按翻译热键 (第 1 次, step 模式)   [全选+确认 296ms]
17:50:57      第 1 次轮询看到内容变了
17:50:57  译文已稳定 (轮询 2 次)
17:50:57      [等译文 0.47s, 轮询 2 次]
17:50:57  译文: "安装标准设置"
17:50:57  translateposthtml.py -> "安装标准设置"   [python 93ms]
17:50:57      [粘回译文 157ms]
17:50:57      [回车+等下一个框 203ms]
17:50:57  ---------- 第 338 个文本框 (上一轮共 2.77s) ----------
17:50:57  原文: "Add Excepted Type"   [取文本 0ms, 焦点 Edit 'Add Excepted Type']
17:50:58  translate.py -> need=1  text="Add Excepted Type"   [python 828ms]
17:50:58  翻译前基准: "Add Excepted Type"   [粘贴 156ms, 取基准 0ms]
17:50:59  按翻译热键 (第 1 次, step 模式)   [全选+确认 297ms]
17:50:59      第 1 次轮询看到内容变了
17:51:00  译文已稳定 (轮询 2 次)
17:51:00      [等译文 0.45s, 轮询 2 次]
17:51:00  译文: "添加例外类型"
17:51:00  translateposthtml.py -> "添加例外类型"   [python 110ms]
17:51:00      [粘回译文 172ms]
17:51:00      [回车+等下一个框 203ms]
17:51:00  ---------- 第 339 个文本框 (上一轮共 2.80s) ----------
17:51:00  原文: "Excepted type's name:"   [取文本 0ms, 焦点 Edit 'Excepted type's name']
17:51:01  translate.py -> need=1  text="Excepted type's name:"   [python 906ms]
17:51:01  翻译前基准: "Excepted type's name:"   [粘贴 141ms, 取基准 0ms]
17:51:01  按翻译热键 (第 1 次, step 模式)   [全选+确认 312ms]
17:51:02      第 1 次轮询看到内容变了
17:51:02  译文已稳定 (轮询 2 次)
17:51:02      [等译文 0.45s, 轮询 2 次]
17:51:02  译文: "异常类型的名称："
17:51:03  translateposthtml.py -> "异常类型的名称："   [python 93ms]
17:51:03      [粘回译文 188ms]
17:51:03      [回车+等下一个框 203ms]
17:51:03  ---------- 第 340 个文本框 (上一轮共 2.88s) ----------
17:51:03  原文: "FullName"   [取文本 0ms, 焦点 Edit 'FullName']
17:51:03  translate.py -> need=0  text="FullName"   [python 218ms]
17:51:03  不需要翻译 -> 直接回车
17:51:03      [回车+等下一个框 204ms]
17:51:03  ---------- 第 341 个文本框 (上一轮共 0.44s) ----------
17:51:03  原文: "CodeSMART"   [取文本 0ms, 焦点 Edit 'CodeSMART']
17:51:04  translate.py -> need=0  text="CodeSMART"   [python 219ms]
17:51:04  不需要翻译 -> 直接回车
17:51:04      [回车+等下一个框 203ms]
17:51:04  ---------- 第 342 个文本框 (上一轮共 0.42s) ----------
17:51:04  原文: "' already exists."   [取文本 0ms, 焦点 Edit '' already exists.']
17:51:05  translate.py -> need=1  text="' already exists."   [python 906ms]
17:51:05  翻译前基准: "' already exists."   [粘贴 141ms, 取基准 0ms]
17:51:05  按翻译热键 (第 1 次, step 模式)   [全选+确认 297ms]
17:51:06      第 1 次轮询看到内容变了
17:51:06  译文已稳定 (轮询 2 次)
17:51:06      [等译文 0.47s, 轮询 2 次]
17:51:06  译文: "'已经存在。"
17:51:06  translateposthtml.py -> "'已经存在。"   [python 109ms]
17:51:06      [粘回译文 141ms]
17:51:07      [回车+等下一个框 203ms]
17:51:07  ---------- 第 343 个文本框 (上一轮共 2.83s) ----------
17:51:07  原文: "Enabled"   [取文本 0ms, 焦点 Edit 'Enabled']
17:51:07  translate.py -> need=0  text="Enabled"   [python 219ms]
17:51:07  不需要翻译 -> 直接回车
17:51:07      [回车+等下一个框 219ms]
17:51:07  ---------- 第 344 个文本框 (上一轮共 0.44s) ----------
17:51:07  原文: "AxCsManagers.CtlCodeSnippets.AttachMessages"   [取文本 0ms, 焦点 Edit 'AxCsManagers.CtlCode']
17:51:07  translate.py -> need=0  text="AxCsManagers.CtlCodeSnippets.AttachMessages"   [python 250ms]
17:51:07  不需要翻译 -> 直接回车
17:51:08      [回车+等下一个框 218ms]
17:51:08  ---------- 第 345 个文本框 (上一轮共 0.47s) ----------
17:51:08  原文: "AxCsManagers.CtlCodeSnippets.DetachMessages"   [取文本 0ms, 焦点 Edit 'AxCsManagers.CtlCode']
17:51:08  translate.py -> need=0  text="AxCsManagers.CtlCodeSnippets.DetachMessages"   [python 219ms]
17:51:08  不需要翻译 -> 直接回车
17:51:08      [回车+等下一个框 203ms]
17:51:08  ---------- 第 346 个文本框 (上一轮共 0.42s) ----------
17:51:08  原文: "ParentID"   [取文本 0ms, 焦点 Edit 'ParentID']
17:51:08  translate.py -> need=0  text="ParentID"   [python 188ms]
17:51:08  不需要翻译 -> 直接回车
17:51:08      [回车+等下一个框 203ms]
17:51:08  ---------- 第 347 个文本框 (上一轮共 0.39s) ----------
17:51:08  原文: "Categories"   [取文本 0ms, 焦点 Edit 'Categories']
17:51:09  translate.py -> need=0  text="Categories"   [python 219ms]
17:51:09  不需要翻译 -> 直接回车
17:51:09      [回车+等下一个框 203ms]
17:51:09  ---------- 第 348 个文本框 (上一轮共 0.42s) ----------
17:51:09  原文: "AxCsManagers.CtlCodeSnippets.CheckCategoriesTable"   [取文本 0ms, 焦点 Edit 'AxCsManagers.CtlCode']
17:51:09  translate.py -> need=0  text="AxCsManagers.CtlCodeSnippets.CheckCategoriesTable"   [python 219ms]
17:51:09  不需要翻译 -> 直接回车
17:51:09      [回车+等下一个框 203ms]
17:51:09  ---------- 第 349 个文本框 (上一轮共 0.42s) ----------
17:51:09  原文: "DbPersonal"   [取文本 0ms, 焦点 Edit 'DbPersonal']
17:51:09  translate.py -> need=0  text="DbPersonal"   [python 187ms]
17:51:09  不需要翻译 -> 直接回车
17:51:10      [回车+等下一个框 203ms]
17:51:10  ---------- 第 350 个文本框 (上一轮共 0.39s) ----------
17:51:10  原文: "Personal"   [取文本 0ms, 焦点 Edit 'Personal']
17:51:10  translate.py -> need=0  text="Personal"   [python 203ms]
17:51:10  不需要翻译 -> 直接回车
17:51:10      [回车+等下一个框 204ms]
17:51:10  ---------- 第 351 个文本框 (上一轮共 0.41s) ----------
17:51:10  原文: "AxCsManagers.CtlCodeSnippets.InitPersonalTree"   [取文本 0ms, 焦点 Edit 'AxCsManagers.CtlCode']
17:51:10  translate.py -> need=0  text="AxCsManagers.CtlCodeSnippets.InitPersonalTree"   [python 203ms]
17:51:10  不需要翻译 -> 直接回车
17:51:10      [回车+等下一个框 203ms]
17:51:10  ---------- 第 352 个文本框 (上一轮共 0.41s) ----------
17:51:10  原文: "There was a problem opening the 'Categories' table."   [取文本 0ms, 焦点 Edit 'There was a problem ']
17:51:11  translate.py -> need=1  text="There was a problem opening the 'Categories' table."   [python 828ms]
17:51:11  翻译前基准: "There was a problem opening the 'Categories' table."   [粘贴 156ms, 取基准 0ms]
17:51:12  按翻译热键 (第 1 次, step 模式)   [全选+确认 297ms]
17:51:13      第 1 次轮询看到内容变了
17:51:13  译文已稳定 (轮询 2 次)
17:51:13      [等译文 0.45s, 轮询 2 次]
17:51:13  译文: "打开“类别”表时出现问题。"
17:51:13  translateposthtml.py -> "打开“类别”表时出现问题。"   [python 109ms]
17:51:13      [粘回译文 141ms]
17:51:13      [回车+等下一个框 203ms]
17:51:13  ---------- 第 353 个文本框 (上一轮共 2.73s) ----------
17:51:13  原文: "\r\n"   [取文本 0ms, 焦点 Edit '
']
17:51:13  translate.py -> need=0  text=""   [python 219ms]
17:51:13  不需要翻译 -> 直接回车
17:51:14      [回车+等下一个框 203ms]
17:51:14  ---------- 第 354 个文本框 (上一轮共 0.42s) ----------
17:51:14  原文: "Error "   [取文本 0ms, 焦点 Edit 'Error ']
17:51:14  translate.py -> need=0  text="Error "   [python 203ms]
17:51:14  不需要翻译 -> 直接回车
17:51:14      [回车+等下一个框 219ms]
17:51:14  ---------- 第 355 个文本框 (上一轮共 0.44s) ----------
17:51:14  原文: ": "   [取文本 0ms, 焦点 Edit ': ']
17:51:14  translate.py -> need=0  text=": "   [python 188ms]
17:51:14  不需要翻译 -> 直接回车
17:51:14      [回车+等下一个框 218ms]
17:51:14  ---------- 第 356 个文本框 (上一轮共 0.42s) ----------
17:51:14  原文: "Categ"   [取文本 0ms, 焦点 Edit 'Categ']
17:51:15  translate.py -> need=0  text="Categ"   [python 188ms]
17:51:15  不需要翻译 -> 直接回车
17:51:15      [回车+等下一个框 203ms]
17:51:15  ---------- 第 357 个文本框 (上一轮共 0.39s) ----------
17:51:15  原文: "Name"   [取文本 0ms, 焦点 Edit 'Name']
17:51:15  translate.py -> need=0  text="Name"   [python 188ms]
17:51:15  不需要翻译 -> 直接回车
17:51:15      [回车+等下一个框 203ms]
17:51:15  ---------- 第 358 个文本框 (上一轮共 0.39s) ----------
17:51:15  原文: "Custom Code Items"   [取文本 0ms, 焦点 Edit 'Custom Code Items']
17:51:16  translate.py -> need=1  text="Custom Code Items"   [python 968ms]
17:51:16  翻译前基准: "Custom Code Items"   [粘贴 141ms, 取基准 0ms]
17:51:17  按翻译热键 (第 1 次, step 模式)   [全选+确认 297ms]
17:51:18      第 1 次轮询看到内容变了
17:51:18  译文已稳定 (轮询 2 次)
17:51:18      [等译文 0.45s, 轮询 2 次]
17:51:18  译文: "自定义代码项"
17:51:18  translateposthtml.py -> "自定义代码项"   [python 93ms]
17:51:18      [粘回译文 141ms]
17:51:18      [回车+等下一个框 219ms]
17:51:18  ---------- 第 359 个文本框 (上一轮共 2.88s) ----------
17:51:18  原文: "CCF"   [取文本 0ms, 焦点 Edit 'CCF']
17:51:18  translate.py -> need=0  text="CCF"   [python 203ms]
17:51:18  不需要翻译 -> 直接回车
17:51:19      [回车+等下一个框 203ms]
17:51:19  ---------- 第 360 个文本框 (上一轮共 0.41s) ----------
17:51:19  原文: "SELECT * FROM CodeChunks WHERE Categ = "   [取文本 0ms, 焦点 Edit 'SELECT * FROM CodeCh']
17:51:19  translate.py -> need=0  text="SELECT * FROM CodeChunks WHERE Categ = "   [python 187ms]
17:51:19  不需要翻译 -> 直接回车
17:51:19      [回车+等下一个框 204ms]
17:51:19  ---------- 第 361 个文本框 (上一轮共 0.41s) ----------
17:51:19  原文: "CodeId"   [取文本 0ms, 焦点 Edit 'CodeId']
17:51:19  translate.py -> need=0  text="CodeId"   [python 203ms]
17:51:19  不需要翻译 -> 直接回车
17:51:19      [回车+等下一个框 203ms]
17:51:19  ---------- 第 362 个文本框 (上一轮共 0.41s) ----------
17:51:19  原文: "Multiple Copy&Paste Buffers"   [取文本 0ms, 焦点 Edit 'Multiple Copy&Paste ']
17:51:20  translate.py -> need=1  text="Multiple CopyPaste Buffers"   [python 219ms]
17:51:20  翻译前基准: "Multiple CopyPaste Buffers"   [粘贴 141ms, 取基准 0ms]
17:51:20  按翻译热键 (第 1 次, step 模式)   [全选+确认 297ms]
17:51:21      第 1 次轮询看到内容变了
17:51:21  译文已稳定 (轮询 2 次)
17:51:21      [等译文 0.47s, 轮询 2 次]
17:51:21  译文: "多个复制粘贴缓冲区"
17:51:21  translateposthtml.py -> "多个复制粘贴缓冲区"   [python 94ms]
17:51:21      [粘回译文 171ms]
17:51:22      [回车+等下一个框 204ms]
17:51:22  ---------- 第 363 个文本框 (上一轮共 2.20s) ----------
17:51:22  原文: "Buffer - "   [取文本 0ms, 焦点 Edit 'Buffer - ']
17:51:22  translate.py -> need=1  text="Buffer - "   [python 828ms]
17:51:23  翻译前基准: "Buffer - "   [粘贴 156ms, 取基准 0ms]
17:51:23  按翻译热键 (第 1 次, step 模式)   [全选+确认 297ms]
17:51:24      第 1 次轮询看到内容变了
17:51:24  译文已稳定 (轮询 2 次)
17:51:24      [等译文 0.47s, 轮询 2 次]
17:51:24  译文: "缓冲液-"
17:51:24  translateposthtml.py -> "缓冲液-"   [python 156ms]
17:51:24      [粘回译文 157ms]
17:51:24      [回车+等下一个框 203ms]
17:51:24  ---------- 第 364 个文本框 (上一轮共 2.83s) ----------
17:51:24  原文: "DesignerTablesPopulated"   [取文本 0ms, 焦点 Edit 'DesignerTablesPopula']
17:51:25  translate.py -> need=0  text="DesignerTablesPopulated"   [python 218ms]
17:51:25  不需要翻译 -> 直接回车
17:51:25      [回车+等下一个框 204ms]
17:51:25  ---------- 第 365 个文本框 (上一轮共 0.42s) ----------
17:51:25  原文: "OK"   [取文本 0ms, 焦点 Edit 'OK']
17:51:25  translate.py -> need=1  text="OK"   [python 203ms]
17:51:25  翻译前基准: "OK"   [粘贴 172ms, 取基准 0ms]
17:51:25  按翻译热键 (第 1 次, step 模式)   [全选+确认 312ms]
17:51:26      第 1 次轮询看到内容变了
17:51:27  译文已稳定 (轮询 2 次)
17:51:27      [等译文 0.47s, 轮询 2 次]
17:51:27  译文: "好"
17:51:27  translateposthtml.py -> "好"   [python 125ms]
17:51:27      [粘回译文 172ms]
17:51:27      [回车+等下一个框 203ms]
17:51:27  ---------- 第 366 个文本框 (上一轮共 2.23s) ----------
17:51:27  原文: "DbTeam"   [取文本 0ms, 焦点 Edit 'DbTeam']
17:51:27  translate.py -> need=0  text="DbTeam"   [python 187ms]
17:51:27  不需要翻译 -> 直接回车
17:51:27      [回车+等下一个框 204ms]
17:51:27  ---------- 第 367 个文本框 (上一轮共 0.39s) ----------
17:51:27  原文: "Common"   [取文本 0ms, 焦点 Edit 'Common']
17:51:28  translate.py -> need=0  text="Common"   [python 187ms]
17:51:28  不需要翻译 -> 直接回车
17:51:28      [回车+等下一个框 203ms]
17:51:28  ---------- 第 368 个文本框 (上一轮共 0.39s) ----------
17:51:28  原文: "AxCsManagers.CtlCodeSnippets.InitTeamTree"   [取文本 0ms, 焦点 Edit 'AxCsManagers.CtlCode']
17:51:28  translate.py -> need=0  text="AxCsManagers.CtlCodeSnippets.InitTeamTree"   [python 203ms]
17:51:28  不需要翻译 -> 直接回车
17:51:28      [回车+等下一个框 203ms]
17:51:28  ---------- 第 369 个文本框 (上一轮共 0.41s) ----------
17:51:28  原文: "AxCsManagers.CtlCodeSnippets.AssignImageToChildren"   [取文本 0ms, 焦点 Edit 'AxCsManagers.CtlCode']
17:51:28  translate.py -> need=0  text="AxCsManagers.CtlCodeSnippets.AssignImageToChildren"   [python 235ms]
17:51:28  不需要翻译 -> 直接回车
17:51:29      [回车+等下一个框 219ms]
17:51:29  ---------- 第 370 个文本框 (上一轮共 0.45s) ----------
17:51:29  原文: "AxCsManagers.CtlCodeSnippets.InitTreeEx"   [取文本 0ms, 焦点 Edit 'AxCsManagers.CtlCode']
17:51:29  translate.py -> need=0  text="AxCsManagers.CtlCodeSnippets.InitTreeEx"   [python 187ms]
17:51:29  不需要翻译 -> 直接回车
17:51:29      [回车+等下一个框 219ms]
17:51:29  ---------- 第 371 个文本框 (上一轮共 0.41s) ----------
17:51:29  原文: "Database"   [取文本 0ms, 焦点 Edit 'Database']
17:51:29  translate.py -> need=0  text="Database"   [python 219ms]
17:51:29  不需要翻译 -> 直接回车
17:51:29      [回车+等下一个框 203ms]
17:51:30  ---------- 第 372 个文本框 (上一轮共 0.42s) ----------
17:51:30  原文: "Library"   [取文本 0ms, 焦点 Edit 'Library']
17:51:30  translate.py -> need=0  text="Library"   [python 203ms]
17:51:30  不需要翻译 -> 直接回车
17:51:30      [回车+等下一个框 203ms]
17:51:30  ---------- 第 373 个文本框 (上一轮共 0.41s) ----------
17:51:30  原文: "CodeSnippets"   [取文本 0ms, 焦点 Edit 'CodeSnippets']
17:51:30  translate.py -> need=0  text="CodeSnippets"   [python 219ms]
17:51:30  不需要翻译 -> 直接回车
17:51:30      [回车+等下一个框 203ms]
17:51:30  ---------- 第 374 个文本框 (上一轮共 0.42s) ----------
17:51:30  原文: "Code Library"   [取文本 0ms, 焦点 Edit 'Code Library']
17:51:31  translate.py -> need=0  text="Code Library"   [python 797ms]
17:51:31  不需要翻译 -> 直接回车
17:51:31      [回车+等下一个框 203ms]
17:51:31  ---------- 第 375 个文本框 (上一轮共 1.00s) ----------
17:51:31  原文: "DesignerSnippets"   [取文本 0ms, 焦点 Edit 'DesignerSnippets']
17:51:32  translate.py -> need=0  text="DesignerSnippets"   [python 234ms]
17:51:32  不需要翻译 -> 直接回车
17:51:32      [回车+等下一个框 203ms]
17:51:32  ---------- 第 376 个文本框 (上一轮共 0.44s) ----------
17:51:32  原文: "Designer Library"   [取文本 0ms, 焦点 Edit 'Designer Library']
17:51:33  translate.py -> need=1  text="Designer Library"   [python 766ms]
17:51:33  翻译前基准: "Designer Library"   [粘贴 156ms, 取基准 0ms]
17:51:33  按翻译热键 (第 1 次, step 模式)   [全选+确认 297ms]
17:51:34      第 1 次轮询看到内容变了
17:51:34  译文已稳定 (轮询 2 次)
17:51:34      [等译文 0.45s, 轮询 2 次]
17:51:34  译文: "设计师图书馆"
17:51:34  translateposthtml.py -> "设计师图书馆"   [python 110ms]
17:51:34      [粘回译文 140ms]
17:51:34      [回车+等下一个框 203ms]
17:51:34  ---------- 第 377 个文本框 (上一轮共 2.70s) ----------
17:51:34  原文: "AxCsManagers.CtlCodeSnippets.InitTree"   [取文本 0ms, 焦点 Edit 'AxCsManagers.CtlCode']
17:51:35  translate.py -> need=0  text="AxCsManagers.CtlCodeSnippets.InitTree"   [python 219ms]
17:51:35  不需要翻译 -> 直接回车
17:51:35      [回车+等下一个框 203ms]
17:51:35  ---------- 第 378 个文本框 (上一轮共 0.42s) ----------
17:51:35  原文: "ImgCollapsed256"   [取文本 0ms, 焦点 Edit 'ImgCollapsed256']
17:51:35  translate.py -> need=0  text="ImgCollapsed256"   [python 188ms]
17:51:35  不需要翻译 -> 直接回车
17:51:35      [回车+等下一个框 219ms]
17:51:35  ---------- 第 379 个文本框 (上一轮共 0.41s) ----------
17:51:35  原文: "ImgExpanded256"   [取文本 0ms, 焦点 Edit 'ImgExpanded256']
17:51:36  translate.py -> need=0  text="ImgExpanded256"   [python 218ms]
17:51:36  不需要翻译 -> 直接回车
17:51:36      [回车+等下一个框 203ms]
17:51:36  ---------- 第 380 个文本框 (上一轮共 0.42s) ----------
17:51:36  原文: "SimpleCode"   [取文本 0ms, 焦点 Edit 'SimpleCode']
17:51:36  translate.py -> need=0  text="SimpleCode"   [python 172ms]
17:51:36  不需要翻译 -> 直接回车
17:51:36      [回车+等下一个框 203ms]
17:51:36  ---------- 第 381 个文本框 (上一轮共 0.38s) ----------
17:51:36  原文: "ImgCCCollapsed256"   [取文本 0ms, 焦点 Edit 'ImgCCCollapsed256']
17:51:36  translate.py -> need=0  text="ImgCCCollapsed256"   [python 204ms]
17:51:36  不需要翻译 -> 直接回车
17:51:37      [回车+等下一个框 203ms]
17:51:37  ---------- 第 382 个文本框 (上一轮共 0.41s) ----------
17:51:37  原文: "ImgCCExpanded256"   [取文本 0ms, 焦点 Edit 'ImgCCExpanded256']
17:51:37  translate.py -> need=0  text="ImgCCExpanded256"   [python 218ms]
17:51:37  不需要翻译 -> 直接回车
17:51:37      [回车+等下一个框 235ms]
17:51:37  ---------- 第 383 个文本框 (上一轮共 0.45s) ----------
17:51:37  原文: "ImgItemCC"   [取文本 0ms, 焦点 Edit 'ImgItemCC']
17:51:37  translate.py -> need=0  text="ImgItemCC"   [python 203ms]
17:51:37  不需要翻译 -> 直接回车
17:51:37      [回车+等下一个框 203ms]
17:51:37  ---------- 第 384 个文本框 (上一轮共 0.41s) ----------
17:51:37  原文: "ImgMCPCollapsed256"   [取文本 0ms, 焦点 Edit 'ImgMCPCollapsed256']
17:51:38  translate.py -> need=0  text="ImgMCPCollapsed256"   [python 219ms]
17:51:38  不需要翻译 -> 直接回车
17:51:38      [回车+等下一个框 203ms]
17:51:38  ---------- 第 385 个文本框 (上一轮共 0.42s) ----------
17:51:38  原文: "ImgMCPExpanded256"   [取文本 0ms, 焦点 Edit 'ImgMCPExpanded256']
17:51:38  translate.py -> need=0  text="ImgMCPExpanded256"   [python 234ms]
17:51:38  不需要翻译 -> 直接回车
17:51:38      [回车+等下一个框 203ms]
17:51:38  ---------- 第 386 个文本框 (上一轮共 0.44s) ----------
17:51:38  原文: "ImgItemMCP"   [取文本 0ms, 焦点 Edit 'ImgItemMCP']
17:51:38  translate.py -> need=0  text="ImgItemMCP"   [python 219ms]
17:51:38  不需要翻译 -> 直接回车
17:51:39      [回车+等下一个框 203ms]
17:51:39  ---------- 第 387 个文本框 (上一轮共 0.42s) ----------
17:51:39  原文: "AxCsManagers.CtlCodeSnippets.InitSomeGeneralImages"   [取文本 0ms, 焦点 Edit 'AxCsManagers.CtlCode']
17:51:39  translate.py -> need=0  text="AxCsManagers.CtlCodeSnippets.InitSomeGeneralImages"   [python 188ms]
17:51:39  不需要翻译 -> 直接回车
17:51:39      [回车+等下一个框 203ms]
17:51:39  ---------- 第 388 个文本框 (上一轮共 0.39s) ----------
17:51:39  原文: "SELECT Categories.Categ, Categories.Name as CategName, "   [取文本 0ms, 焦点 Edit 'SELECT Categories.Ca']
17:51:40  translate.py -> need=0  text="SELECT Categories.Categ, Categories.Name as CategName, "   [python 875ms]
17:51:40  不需要翻译 -> 直接回车
17:51:40      [回车+等下一个框 219ms]
17:51:40  ---------- 第 389 个文本框 (上一轮共 1.09s) ----------
17:51:40  原文: "CodeChunks.CodeId, CodeChunks.Name as CodeName, CodeChunks.Code "   [取文本 0ms, 焦点 Edit 'CodeChunks.CodeId, C']
17:51:41  translate.py -> need=0  text="CodeChunks.CodeId, CodeChunks.Name as CodeName, CodeChunks.Code "   [python 843ms]
17:51:41  不需要翻译 -> 直接回车
17:51:41      [回车+等下一个框 235ms]
17:51:41  ---------- 第 390 个文本框 (上一轮共 1.08s) ----------
17:51:41  原文: "FROM Categories INNER JOIN CodeChunks ON Categories.Categ = CodeChunks.Categ "   [取文本 0ms, 焦点 Edit 'FROM Categories INNE']
17:51:41  translate.py -> need=0  text="FROM Categories INNER JOIN CodeChunks ON Categories.Categ = CodeChunks.Categ "   [python 250ms]
17:51:41  不需要翻译 -> 直接回车
17:51:42      [回车+等下一个框 203ms]
17:51:42  ---------- 第 391 个文本框 (上一轮共 0.47s) ----------
17:51:42  原文: "CodeID"   [取文本 0ms, 焦点 Edit 'CodeID']
17:51:42  translate.py -> need=0  text="CodeID"   [python 187ms]
17:51:42  不需要翻译 -> 直接回车
17:51:42      [回车+等下一个框 203ms]
17:51:42  ---------- 第 392 个文本框 (上一轮共 0.41s) ----------
17:51:42  原文: "CodeName"   [取文本 0ms, 焦点 Edit 'CodeName']
17:51:42  translate.py -> need=0  text="CodeName"   [python 187ms]
17:51:42  不需要翻译 -> 直接回车
17:51:42      [回车+等下一个框 203ms]
17:51:42  ---------- 第 393 个文本框 (上一轮共 0.39s) ----------
17:51:42  原文: "SELECT Key as CodeID FROM CPBuffers "   [取文本 0ms, 焦点 Edit 'SELECT Key as CodeID']
17:51:43  translate.py -> need=0  text="SELECT Key as CodeID FROM CPBuffers "   [python 204ms]
17:51:43  不需要翻译 -> 直接回车
17:51:43      [回车+等下一个框 218ms]
17:51:43  ---------- 第 394 个文本框 (上一轮共 0.42s) ----------
17:51:43  原文: "CPBuffers.Code"   [取文本 0ms, 焦点 Edit 'CPBuffers.Code']
17:51:43  translate.py -> need=0  text="CPBuffers.Code"   [python 219ms]
17:51:43  不需要翻译 -> 直接回车
17:51:43      [回车+等下一个框 203ms]
17:51:43  ---------- 第 395 个文本框 (上一轮共 0.42s) ----------
17:51:43  原文: "CodeChunks.Code"   [取文本 0ms, 焦点 Edit 'CodeChunks.Code']
17:51:44  translate.py -> need=0  text="CodeChunks.Code"   [python 219ms]
17:51:44  不需要翻译 -> 直接回车
17:51:44      [回车+等下一个框 203ms]
17:51:44  ---------- 第 396 个文本框 (上一轮共 0.42s) ----------
17:51:44  原文: "No items found."   [取文本 0ms, 焦点 Edit 'No items found.']
17:51:45  translate.py -> need=1  text="No items found."   [python 828ms]
17:51:45  翻译前基准: "No items found."   [粘贴 156ms, 取基准 0ms]
17:51:45  按翻译热键 (第 1 次, step 模式)   [全选+确认 297ms]
17:51:46      第 1 次轮询看到内容变了
17:51:46  译文已稳定 (轮询 2 次)
17:51:46      [等译文 0.47s, 轮询 2 次]
17:51:46  译文: "找不到项目。"
17:51:46  translateposthtml.py -> "找不到项目。"   [python 110ms]
17:51:46      [粘回译文 140ms]
17:51:47      [回车+等下一个框 203ms]
17:51:47  ---------- 第 397 个文本框 (上一轮共 2.78s) ----------
17:51:47  原文: "AxCsManagers.CtlCodeSnippets.BuildSearchListView"   [取文本 0ms, 焦点 Edit 'AxCsManagers.CtlCode']
17:51:47  translate.py -> need=0  text="AxCsManagers.CtlCodeSnippets.BuildSearchListView"   [python 187ms]
17:51:47  不需要翻译 -> 直接回车
17:51:47      [回车+等下一个框 204ms]
17:51:47  ---------- 第 398 个文本框 (上一轮共 0.41s) ----------
17:51:47  原文: "SplitLeft"   [取文本 0ms, 焦点 Edit 'SplitLeft']
17:51:47  translate.py -> need=0  text="SplitLeft"   [python 218ms]
17:51:47  不需要翻译 -> 直接回车
17:51:47      [回车+等下一个框 203ms]
17:51:47  ---------- 第 399 个文本框 (上一轮共 0.42s) ----------
17:51:47  原文: "SplitTop"   [取文本 16ms, 焦点 Edit 'SplitTop']
17:51:48  translate.py -> need=0  text="SplitTop"   [python 219ms]
17:51:48  不需要翻译 -> 直接回车
17:51:48      [回车+等下一个框 203ms]
17:51:48  ---------- 第 400 个文本框 (上一轮共 0.44s) ----------
17:51:48  原文: "AxCsManagers.CtlCodeSnippets.Splitter1_SplitBarMoved"   [取文本 0ms, 焦点 Edit 'AxCsManagers.CtlCode']
17:51:48  translate.py -> need=0  text="AxCsManagers.CtlCodeSnippets.Splitter1_SplitBarMoved"   [python 203ms]
17:51:48  不需要翻译 -> 直接回车
17:51:48      [回车+等下一个框 219ms]
17:51:48  ---------- 第 401 个文本框 (上一轮共 0.42s) ----------
17:51:48  原文: "AxCsManagers.CtlCodeSnippets.UserControl_Initialize"   [取文本 0ms, 焦点 Edit 'AxCsManagers.CtlCode']
17:51:48  translate.py -> need=0  text="AxCsManagers.CtlCodeSnippets.UserControl_Initialize"   [python 188ms]
17:51:48  不需要翻译 -> 直接回车
17:51:49      [回车+等下一个框 203ms]
17:51:49  ---------- 第 402 个文本框 (上一轮共 0.39s) ----------
17:51:49  原文: "AxCsManagers.CtlCodeSnippets.UserControl_KeyDown"   [取文本 0ms, 焦点 Edit 'AxCsManagers.CtlCode']
17:51:49  translate.py -> need=0  text="AxCsManagers.CtlCodeSnippets.UserControl_KeyDown"   [python 219ms]
17:51:49  不需要翻译 -> 直接回车
17:51:49      [回车+等下一个框 203ms]
17:51:49  ---------- 第 403 个文本框 (上一轮共 0.42s) ----------
17:51:49  原文: "CodeChunks"   [取文本 0ms, 焦点 Edit 'CodeChunks']
17:51:49  translate.py -> need=0  text="CodeChunks"   [python 219ms]
17:51:49  不需要翻译 -> 直接回车
17:51:49      [回车+等下一个框 218ms]
17:51:49  ---------- 第 404 个文本框 (上一轮共 0.44s) ----------
17:51:49  原文: "New Code Piece"   [取文本 0ms, 焦点 Edit 'New Code Piece']
17:51:50  translate.py -> need=1  text="New Code Piece"   [python 844ms]
17:51:51  翻译前基准: "New Code Piece"   [粘贴 187ms, 取基准 0ms]
17:51:51  按翻译热键 (第 1 次, step 模式)   [全选+确认 297ms]
17:51:52      第 1 次轮询看到内容变了
17:51:52  译文已稳定 (轮询 2 次)
17:51:52      [等译文 0.47s, 轮询 2 次]
17:51:52  译文: "新代码段"
17:51:52  translateposthtml.py -> "新代码段"   [python 110ms]
17:51:52      [粘回译文 140ms]
17:51:52      [回车+等下一个框 219ms]
17:51:52  ---------- 第 405 个文本框 (上一轮共 2.84s) ----------
17:51:52  原文: "Code"   [取文本 0ms, 焦点 Edit 'Code']
17:51:53  translate.py -> need=0  text="Code"   [python 235ms]
17:51:53  不需要翻译 -> 直接回车
17:51:53      [回车+等下一个框 218ms]
17:51:53  ---------- 第 406 个文本框 (上一轮共 0.45s) ----------
17:51:53  原文: "AxCsManagers.CtlCodeSnippets.AddCodePiece"   [取文本 0ms, 焦点 Edit 'AxCsManagers.CtlCode']
17:51:53  translate.py -> need=0  text="AxCsManagers.CtlCodeSnippets.AddCodePiece"   [python 203ms]
17:51:53  不需要翻译 -> 直接回车
17:51:53      [回车+等下一个框 219ms]
17:51:53  ---------- 第 407 个文本框 (上一轮共 0.42s) ----------
17:51:53  原文: "There was a problem opening the 'CodeChunks' table."   [取文本 0ms, 焦点 Edit 'There was a problem ']
17:51:54  translate.py -> need=1  text="There was a problem opening the 'CodeChunks' table."   [python 766ms]
17:51:54  翻译前基准: "There was a problem opening the 'CodeChunks' table."   [粘贴 140ms, 取基准 0ms]
17:51:54  按翻译热键 (第 1 次, step 模式)   [全选+确认 297ms]
17:51:55      第 1 次轮询看到内容变了
17:51:55  译文已稳定 (轮询 2 次)
17:51:55      [等译文 0.47s, 轮询 2 次]
17:51:55  译文: "打开“CodeChunks”表时出现问题。"
17:51:56  translateposthtml.py -> "打开“CodeChunks”表时出现问题。"   [python 125ms]
17:51:56      [粘回译文 156ms]
17:51:56      [回车+等下一个框 203ms]
17:51:56  ---------- 第 408 个文本框 (上一轮共 2.70s) ----------
17:51:56  原文: "New Folder"   [取文本 0ms, 焦点 Edit 'New Folder']
17:51:57  translate.py -> need=1  text="New Folder"   [python 1000ms]
17:51:57  翻译前基准: "New Folder"   [粘贴 157ms, 取基准 0ms]
17:51:57  按翻译热键 (第 1 次, step 模式)   [全选+确认 296ms]
17:51:58      第 1 次轮询看到内容变了
17:51:58  译文已稳定 (轮询 2 次)
17:51:58      [等译文 0.45s, 轮询 2 次]
17:51:58  译文: "新文件夹"
17:51:59  translateposthtml.py -> "新文件夹"   [python 140ms]
17:51:59      [粘回译文 157ms]
17:51:59      [回车+等下一个框 218ms]
17:51:59  ---------- 第 409 个文本框 (上一轮共 3.00s) ----------
17:51:59  原文: "team"   [取文本 0ms, 焦点 Edit 'team']
17:51:59  translate.py -> need=0  text="team"   [python 203ms]
17:51:59  不需要翻译 -> 直接回车
17:51:59      [回车+等下一个框 203ms]
17:51:59  ---------- 第 410 个文本框 (上一轮共 0.41s) ----------
17:51:59  原文: "personal"   [取文本 0ms, 焦点 Edit 'personal']
17:52:00  translate.py -> need=0  text="personal"   [python 219ms]
17:52:00  不需要翻译 -> 直接回车
17:52:00      [回车+等下一个框 203ms]
17:52:00  ---------- 第 411 个文本框 (上一轮共 0.42s) ----------
17:52:00  原文: "AxCsManagers.CtlCodeSnippets.CreateNewFolder"   [取文本 0ms, 焦点 Edit 'AxCsManagers.CtlCode']
17:52:00  translate.py -> need=0  text="AxCsManagers.CtlCodeSnippets.CreateNewFolder"   [python 266ms]
17:52:00  不需要翻译 -> 直接回车
17:52:00      [回车+等下一个框 218ms]
17:52:00  ---------- 第 412 个文本框 (上一轮共 0.48s) ----------
17:52:00  原文: "There was a problem opening the 'Categories' table in the "   [取文本 0ms, 焦点 Edit 'There was a problem ']
17:52:01  translate.py -> need=1  text="There was a problem opening the 'Categories' table in the "   [python 922ms]
17:52:01  翻译前基准: "There was a problem opening the 'Categories' table in the "   [粘贴 157ms, 取基准 0ms]
17:52:02  按翻译热键 (第 1 次, step 模式)   [全选+确认 296ms]
17:52:02      第 1 次轮询看到内容变了
17:52:03  译文已稳定 (轮询 2 次)
17:52:03      [等译文 0.45s, 轮询 2 次]
17:52:03  译文: "在中打开“类别”表时出现问题"
17:52:03  translateposthtml.py -> "在中打开“类别”表时出现问题"   [python 125ms]
17:52:03      [粘回译文 156ms]
17:52:03      [回车+等下一个框 219ms]
17:52:03  ---------- 第 413 个文本框 (上一轮共 2.91s) ----------
17:52:03  原文: " database."   [取文本 0ms, 焦点 Edit ' database.']
17:52:03  translate.py -> need=0  text=" database."   [python 172ms]
17:52:03  不需要翻译 -> 直接回车
17:52:03      [回车+等下一个框 203ms]
17:52:03  ---------- 第 414 个文本框 (上一轮共 0.38s) ----------
17:52:03  原文: "AxCsManagers.CtlCodeSnippets.MoveCodeItem"   [取文本 0ms, 焦点 Edit 'AxCsManagers.CtlCode']
17:52:04  translate.py -> need=0  text="AxCsManagers.CtlCodeSnippets.MoveCodeItem"   [python 187ms]
17:52:04  不需要翻译 -> 直接回车
17:52:04      [回车+等下一个框 203ms]
17:52:04  ---------- 第 415 个文本框 (上一轮共 0.39s) ----------
17:52:04  原文: "AxCsManagers.CtlCodeSnippets.MoveFolder"   [取文本 0ms, 焦点 Edit 'AxCsManagers.CtlCode']
17:52:04  translate.py -> need=0  text="AxCsManagers.CtlCodeSnippets.MoveFolder"   [python 219ms]
17:52:04  不需要翻译 -> 直接回车
17:52:04      [回车+等下一个框 203ms]
17:52:04  ---------- 第 416 个文本框 (上一轮共 0.42s) ----------
17:52:04  原文: "Copy of "   [取文本 0ms, 焦点 Edit 'Copy of ']
17:52:05  translate.py -> need=1  text="Copy of "   [python 781ms]
17:52:05  翻译前基准: "Copy of "   [粘贴 141ms, 取基准 0ms]
17:52:06  按翻译热键 (第 1 次, step 模式)   [全选+确认 313ms]
17:52:06      第 1 次轮询看到内容变了
17:52:07  译文已稳定 (轮询 2 次)
17:52:07      [等译文 0.47s, 轮询 2 次]
17:52:07  译文: "副本"
17:52:07  translateposthtml.py -> "副本"   [python 110ms]
17:52:07      [粘回译文 156ms]
17:52:07      [回车+等下一个框 219ms]
17:52:07  ---------- 第 417 个文本框 (上一轮共 2.77s) ----------
17:52:07  原文: "INSERT INTO CodeChunks ( Categ, Name, Code ) "   [取文本 0ms, 焦点 Edit 'INSERT INTO CodeChun']
17:52:07  translate.py -> need=0  text="INSERT INTO CodeChunks ( Categ, Name, Code ) "   [python 203ms]
17:52:07  不需要翻译 -> 直接回车
17:52:07      [回车+等下一个框 203ms]
17:52:07  ---------- 第 418 个文本框 (上一轮共 0.41s) ----------
17:52:07  原文: "SELECT "   [取文本 0ms, 焦点 Edit 'SELECT ']
17:52:08  translate.py -> need=0  text="SELECT "   [python 203ms]
17:52:08  不需要翻译 -> 直接回车
17:52:08      [回车+等下一个框 203ms]
17:52:08  ---------- 第 419 个文本框 (上一轮共 0.41s) ----------
17:52:08  原文: ", CodeChunks.Name, CodeChunks.Code FROM CodeChunks WHERE CodeChunks.Categ= "   [取文本 0ms, 焦点 Edit ', CodeChunks.Name, C']
17:52:08  translate.py -> need=0  text=", CodeChunks.Name, CodeChunks.Code FROM CodeChunks WHERE CodeChunks.Categ= "   [python 203ms]
17:52:08  不需要翻译 -> 直接回车
17:52:08      [回车+等下一个框 250ms]
17:52:08  ---------- 第 420 个文本框 (上一轮共 0.45s) ----------
17:52:08  原文: "INSERT INTO CodeChunks  (Categ, Name, Code) IN '"   [取文本 0ms, 焦点 Edit 'INSERT INTO CodeChun']
17:52:09  translate.py -> need=0  text="INSERT INTO CodeChunks  (Categ, Name, Code) IN '"   [python 204ms]
17:52:09  不需要翻译 -> 直接回车
17:52:09      [回车+等下一个框 218ms]
17:52:09  ---------- 第 421 个文本框 (上一轮共 0.42s) ----------
17:52:09  原文: "' SELECT "   [取文本 0ms, 焦点 Edit '' SELECT ']
17:52:10  translate.py -> need=0  text="' SELECT "   [python 875ms]
17:52:10  不需要翻译 -> 直接回车
17:52:10      [回车+等下一个框 203ms]
17:52:10  ---------- 第 422 个文本框 (上一轮共 1.08s) ----------
17:52:10  原文: "AxCsManagers.CtlToolbarCS.TbrStyle"   [取文本 0ms, 焦点 Edit 'AxCsManagers.CtlTool']
17:52:10  translate.py -> need=0  text="AxCsManagers.CtlToolbarCS.TbrStyle"   [python 188ms]
17:52:10  不需要翻译 -> 直接回车
17:52:10      [回车+等下一个框 203ms]
17:52:10  ---------- 第 423 个文本框 (上一轮共 0.39s) ----------
17:52:10  原文: "AxCsManagers.FAutoTextTableView.Form_Activate"   [取文本 0ms, 焦点 Edit 'AxCsManagers.FAutoTe']
17:52:10  translate.py -> need=0  text="AxCsManagers.FAutoTextTableView.Form_Activate"   [python 203ms]
17:52:10  不需要翻译 -> 直接回车
17:52:11      [回车+等下一个框 203ms]
17:52:11  ---------- 第 424 个文本框 (上一轮共 0.41s) ----------
17:52:11  原文: "AxCsManagers.CStdSettings.CaseIndex"   [取文本 0ms, 焦点 Edit 'AxCsManagers.CStdSet']
17:52:11  translate.py -> need=0  text="AxCsManagers.CStdSettings.CaseIndex"   [python 203ms]
17:52:11  不需要翻译 -> 直接回车
17:52:11      [回车+等下一个框 204ms]
17:52:11  ---------- 第 425 个文本框 (上一轮共 0.42s) ----------
17:52:11  原文: "AxCsManagers.CStdSettings.CtlsUseTypeName"   [取文本 0ms, 焦点 Edit 'AxCsManagers.CStdSet']
17:52:11  translate.py -> need=0  text="AxCsManagers.CStdSettings.CtlsUseTypeName"   [python 188ms]
17:52:11  不需要翻译 -> 直接回车
17:52:11      [回车+等下一个框 203ms]
17:52:11  ---------- 第 426 个文本框 (上一轮共 0.41s) ----------
17:52:11  原文: "AxCsManagers.CStdSettings.CtlsUsePrefix"   [取文本 0ms, 焦点 Edit 'AxCsManagers.CStdSet']
17:52:12  translate.py -> need=0  text="AxCsManagers.CStdSettings.CtlsUsePrefix"   [python 204ms]
17:52:12  不需要翻译 -> 直接回车
17:52:12      [回车+等下一个框 203ms]
17:52:12  ---------- 第 427 个文本框 (上一轮共 0.41s) ----------
17:52:12  原文: "AxCsManagers.CStdSettings.VarsUseTypeName"   [取文本 0ms, 焦点 Edit 'AxCsManagers.CStdSet']
17:52:12  translate.py -> need=0  text="AxCsManagers.CStdSettings.VarsUseTypeName"   [python 218ms]
17:52:12  不需要翻译 -> 直接回车
17:52:12      [回车+等下一个框 204ms]
17:52:12  ---------- 第 428 个文本框 (上一轮共 0.42s) ----------
17:52:12  原文: "AxCsManagers.CStdSettings.VarsUsePrefix"   [取文本 0ms, 焦点 Edit 'AxCsManagers.CStdSet']
17:52:13  translate.py -> need=0  text="AxCsManagers.CStdSettings.VarsUsePrefix"   [python 203ms]
17:52:13  不需要翻译 -> 直接回车
17:52:13      [回车+等下一个框 203ms]
17:52:13  ---------- 第 429 个文本框 (上一轮共 0.41s) ----------
17:52:13  原文: "AxCsManagers.CStdSettings.MemberVarsUseScope"   [取文本 0ms, 焦点 Edit 'AxCsManagers.CStdSet']
17:52:13  translate.py -> need=0  text="AxCsManagers.CStdSettings.MemberVarsUseScope"   [python 203ms]
17:52:13  不需要翻译 -> 直接回车
17:52:13      [回车+等下一个框 203ms]
17:52:13  ---------- 第 430 个文本框 (上一轮共 0.41s) ----------
17:52:13  原文: "AxCsManagers.CStdSettings.MemberVarsUsePrefix"   [取文本 0ms, 焦点 Edit 'AxCsManagers.CStdSet']
17:52:13  translate.py -> need=0  text="AxCsManagers.CStdSettings.MemberVarsUsePrefix"   [python 219ms]
17:52:13  不需要翻译 -> 直接回车
17:52:14      [回车+等下一个框 203ms]
17:52:14  ---------- 第 431 个文本框 (上一轮共 0.42s) ----------
17:52:14  原文: "AxCsManagers.CStdSettings.MemberVarsPrefix"   [取文本 0ms, 焦点 Edit 'AxCsManagers.CStdSet']
17:52:14  translate.py -> need=0  text="AxCsManagers.CStdSettings.MemberVarsPrefix"   [python 219ms]
17:52:14  不需要翻译 -> 直接回车
17:52:14      [回车+等下一个框 203ms]
17:52:14  ---------- 第 432 个文本框 (上一轮共 0.42s) ----------
17:52:14  原文: "AxCsManagers.CStdSettings.MemberVarsSuffix"   [取文本 0ms, 焦点 Edit 'AxCsManagers.CStdSet']
17:52:14  translate.py -> need=0  text="AxCsManagers.CStdSettings.MemberVarsSuffix"   [python 203ms]
17:52:14  不需要翻译 -> 直接回车
17:52:14      [回车+等下一个框 219ms]
17:52:14  ---------- 第 433 个文本框 (上一轮共 0.42s) ----------
17:52:14  原文: "AxCsManagers.CStdSettings.GlobalVarsUseScope"   [取文本 0ms, 焦点 Edit 'AxCsManagers.CStdSet']
17:52:15  translate.py -> need=0  text="AxCsManagers.CStdSettings.GlobalVarsUseScope"   [python 234ms]
17:52:15  不需要翻译 -> 直接回车
17:52:15      [回车+等下一个框 219ms]
17:52:15  ---------- 第 434 个文本框 (上一轮共 0.45s) ----------
17:52:15  原文: "AxCsManagers.FAddException.GetOption"   [取文本 0ms, 焦点 Edit 'AxCsManagers.FAddExc']
17:52:15  translate.py -> need=0  text="AxCsManagers.FAddException.GetOption"   [python 203ms]
17:52:15  不需要翻译 -> 直接回车
17:52:15      [回车+等下一个框 234ms]
17:52:15  ---------- 第 435 个文本框 (上一轮共 0.44s) ----------
17:52:15  原文: "AxCsManagers.DocCodeSnippets.Resize"   [取文本 0ms, 焦点 Edit 'AxCsManagers.DocCode']
17:52:15  translate.py -> need=0  text="AxCsManagers.DocCodeSnippets.Resize"   [python 203ms]
17:52:15  不需要翻译 -> 直接回车
17:52:16      [回车+等下一个框 204ms]
17:52:16  ---------- 第 436 个文本框 (上一轮共 0.41s) ----------
17:52:16  原文: "Invalid window"   [取文本 0ms, 焦点 Edit 'Invalid window']
17:52:17  translate.py -> need=1  text="Invalid window"   [python 953ms]
17:52:17  翻译前基准: "Invalid window"   [粘贴 140ms, 取基准 0ms]
17:52:17  按翻译热键 (第 1 次, step 模式)   [全选+确认 297ms]
17:52:18      第 1 次轮询看到内容变了
17:52:18  译文已稳定 (轮询 2 次)
17:52:18      [等译文 0.45s, 轮询 2 次]
17:52:18  译文: "无效窗口"
17:52:18  translateposthtml.py -> "无效窗口"   [python 109ms]
17:52:18      [粘回译文 141ms]
17:52:19      [回车+等下一个框 203ms]
17:52:19  ---------- 第 437 个文本框 (上一轮共 2.86s) ----------
17:52:19  原文: "AttachMessage"   [取文本 0ms, 焦点 Edit 'AttachMessage']
17:52:19  translate.py -> need=0  text="AttachMessage"   [python 219ms]
17:52:19  不需要翻译 -> 直接回车
17:52:19      [回车+等下一个框 203ms]
17:52:19  ---------- 第 438 个文本框 (上一轮共 0.42s) ----------
17:52:19  原文: "AxCsManagers.CtlMainView.LockColors"   [取文本 0ms, 焦点 Edit 'AxCsManagers.CtlMain']
17:52:19  translate.py -> need=0  text="AxCsManagers.CtlMainView.LockColors"   [python 187ms]
17:52:19  不需要翻译 -> 直接回车
17:52:19      [回车+等下一个框 219ms]
17:52:19  ---------- 第 439 个文本框 (上一轮共 0.42s) ----------
17:52:19  原文: "AxCsManagers.CtlMainView.CodeMaxLocked"   [取文本 0ms, 焦点 Edit 'AxCsManagers.CtlMain']
17:52:20  translate.py -> need=0  text="AxCsManagers.CtlMainView.CodeMaxLocked"   [python 203ms]
17:52:20  不需要翻译 -> 直接回车
17:52:20      [回车+等下一个框 219ms]
17:52:20  ---------- 第 440 个文本框 (上一轮共 0.42s) ----------
17:52:20  原文: "AxCsManagers.CtlMainView.IsInZoomWindow"   [取文本 0ms, 焦点 Edit 'AxCsManagers.CtlMain']
17:52:20  translate.py -> need=0  text="AxCsManagers.CtlMainView.IsInZoomWindow"   [python 203ms]
17:52:20  不需要翻译 -> 直接回车
17:52:20      [回车+等下一个框 203ms]
17:52:20  ---------- 第 441 个文本框 (上一轮共 0.41s) ----------
17:52:20  原文: "AxCsManagers.CtlMainView.SplitVertically"   [取文本 0ms, 焦点 Edit 'AxCsManagers.CtlMain']
17:52:20  translate.py -> need=0  text="AxCsManagers.CtlMainView.SplitVertically"   [python 203ms]
17:52:20  不需要翻译 -> 直接回车
17:52:21      [回车+等下一个框 203ms]
17:52:21  ---------- 第 442 个文本框 (上一轮共 0.42s) ----------
17:52:21  原文: "AxCsManagers.CtlMainView.CtlTbrCS"   [取文本 0ms, 焦点 Edit 'AxCsManagers.CtlMain']
17:52:21  translate.py -> need=0  text="AxCsManagers.CtlMainView.CtlTbrCS"   [python 187ms]
17:52:21  不需要翻译 -> 直接回车
17:52:21      [回车+等下一个框 203ms]
17:52:21  ---------- 第 443 个文本框 (上一轮共 0.39s) ----------
17:52:21  原文: "AxCsManagers.CtlMainView.CodeVisible"   [取文本 0ms, 焦点 Edit 'AxCsManagers.CtlMain']
17:52:21  translate.py -> need=0  text="AxCsManagers.CtlMainView.CodeVisible"   [python 219ms]
17:52:21  不需要翻译 -> 直接回车
17:52:21      [回车+等下一个框 203ms]
17:52:21  ---------- 第 444 个文本框 (上一轮共 0.42s) ----------
17:52:21  原文: "AxCsManagers.CtlMainView.CodeMax"   [取文本 0ms, 焦点 Edit 'AxCsManagers.CtlMain']
17:52:22  translate.py -> need=0  text="AxCsManagers.CtlMainView.CodeMax"   [python 203ms]
17:52:22  不需要翻译 -> 直接回车
17:52:22      [回车+等下一个框 235ms]
17:52:22  ---------- 第 445 个文本框 (上一轮共 0.45s) ----------
17:52:22  原文: "AxCsManagers.CtlMainNavi.StopRedraw"   [取文本 0ms, 焦点 Edit 'AxCsManagers.CtlMain']
17:52:22  translate.py -> need=0  text="AxCsManagers.CtlMainNavi.StopRedraw"   [python 235ms]
17:52:22  不需要翻译 -> 直接回车
17:52:22      [回车+等下一个框 203ms]
17:52:22  ---------- 第 446 个文本框 (上一轮共 0.44s) ----------
17:52:22  原文: "AxCsManagers.CtlMainNavi.ListSearch"   [取文本 0ms, 焦点 Edit 'AxCsManagers.CtlMain']
17:52:23  translate.py -> need=0  text="AxCsManagers.CtlMainNavi.ListSearch"   [python 203ms]
17:52:23  不需要翻译 -> 直接回车
17:52:23      [回车+等下一个框 203ms]
17:52:23  ---------- 第 447 个文本框 (上一轮共 0.41s) ----------
17:52:23  原文: "AxCsManagers.CtlMainNavi.ComboSearch"   [取文本 0ms, 焦点 Edit 'AxCsManagers.CtlMain']
17:52:23  translate.py -> need=0  text="AxCsManagers.CtlMainNavi.ComboSearch"   [python 219ms]
17:52:23  不需要翻译 -> 直接回车
17:52:23      [回车+等下一个框 203ms]
17:52:23  ---------- 第 448 个文本框 (上一轮共 0.42s) ----------
17:52:23  原文: "AxCsManagers.CtlMainNavi.CtlTbrCS"   [取文本 0ms, 焦点 Edit 'AxCsManagers.CtlMain']
17:52:23  translate.py -> need=0  text="AxCsManagers.CtlMainNavi.CtlTbrCS"   [python 203ms]
17:52:23  不需要翻译 -> 直接回车
17:52:24      [回车+等下一个框 203ms]
17:52:24  ---------- 第 449 个文本框 (上一轮共 0.41s) ----------
17:52:24  原文: "AxCsManagers.CtlMainNavi.cmbSearch_GotFocus"   [取文本 0ms, 焦点 Edit 'AxCsManagers.CtlMain']
17:52:24  translate.py -> need=0  text="AxCsManagers.CtlMainNavi.cmbSearch_GotFocus"   [python 235ms]
17:52:24  不需要翻译 -> 直接回车
17:52:24      [回车+等下一个框 203ms]
17:52:24  ---------- 第 450 个文本框 (上一轮共 0.45s) ----------
17:52:24  原文: "AxCsManagers.CtlMainNavi.cmbSearch_LostFocus"   [取文本 0ms, 焦点 Edit 'AxCsManagers.CtlMain']
17:52:24  translate.py -> need=0  text="AxCsManagers.CtlMainNavi.cmbSearch_LostFocus"   [python 219ms]
17:52:24  不需要翻译 -> 直接回车
17:52:24      [回车+等下一个框 203ms]
17:52:24  ---------- 第 451 个文本框 (上一轮共 0.42s) ----------
17:52:24  原文: "AxCsManagers.CtlMainNavi.cmdSearch_Click"   [取文本 0ms, 焦点 Edit 'AxCsManagers.CtlMain']
17:52:25  translate.py -> need=0  text="AxCsManagers.CtlMainNavi.cmdSearch_Click"   [python 235ms]
17:52:25  不需要翻译 -> 直接回车
17:52:25      [回车+等下一个框 218ms]
17:52:25  ---------- 第 452 个文本框 (上一轮共 0.45s) ----------
17:52:25  原文: "AxCsManagers.CtlMainNavi.CtlToolbarCS1_ToolClick"   [取文本 0ms, 焦点 Edit 'AxCsManagers.CtlMain']
17:52:25  translate.py -> need=0  text="AxCsManagers.CtlMainNavi.CtlToolbarCS1_ToolClick"   [python 203ms]
17:52:25  不需要翻译 -> 直接回车
17:52:25      [回车+等下一个框 204ms]
17:52:25  ---------- 第 453 个文本框 (上一轮共 0.42s) ----------
17:52:25  原文: "AxCsManagers.ctlProjTreeMiniTbr.MagnifierStyle"   [取文本 0ms, 焦点 Edit 'AxCsManagers.ctlProj']
17:52:26  translate.py -> need=0  text="AxCsManagers.ctlProjTreeMiniTbr.MagnifierStyle"   [python 203ms]
17:52:26  不需要翻译 -> 直接回车
17:52:26      [回车+等下一个框 235ms]
17:52:26  ---------- 第 454 个文本框 (上一轮共 0.44s) ----------
17:52:26  原文: "AxCsManagers.ctlPaneTitle.Title"   [取文本 0ms, 焦点 Edit 'AxCsManagers.ctlPane']
17:52:26  translate.py -> need=0  text="AxCsManagers.ctlPaneTitle.Title"   [python 203ms]
17:52:26  不需要翻译 -> 直接回车
17:52:26      [回车+等下一个框 203ms]
17:52:26  ---------- 第 455 个文本框 (上一轮共 0.41s) ----------
17:52:26  原文: "AxCsManagers.FSnippetsCopy.GetOption"   [取文本 0ms, 焦点 Edit 'AxCsManagers.FSnippe']
17:52:26  translate.py -> need=0  text="AxCsManagers.FSnippetsCopy.GetOption"   [python 187ms]
17:52:26  不需要翻译 -> 直接回车
17:52:27      [回车+等下一个框 204ms]
17:52:27  ---------- 第 456 个文本框 (上一轮共 0.39s) ----------
17:52:27  原文: "AxCsManagers.FKeyboardShortcuts.cmdCancel_Click"   [取文本 0ms, 焦点 Edit 'AxCsManagers.FKeyboa']
17:52:27  translate.py -> need=0  text="AxCsManagers.FKeyboardShortcuts.cmdCancel_Click"   [python 203ms]
17:52:27  不需要翻译 -> 直接回车
17:52:27      [回车+等下一个框 203ms]
17:52:27  ---------- 第 457 个文本框 (上一轮共 0.41s) ----------
17:52:27  原文: "FindText"   [取文本 0ms, 焦点 Edit 'FindText']
17:52:27  translate.py -> need=0  text="FindText"   [python 203ms]
17:52:27  不需要翻译 -> 直接回车
17:52:27      [回车+等下一个框 219ms]
17:52:27  ---------- 第 458 个文本框 (上一轮共 0.42s) ----------
17:52:27  原文: "AxCsManagers.FImportCodeDatabase.Init"   [取文本 0ms, 焦点 Edit 'AxCsManagers.FImport']
17:52:28  translate.py -> need=0  text="AxCsManagers.FImportCodeDatabase.Init"   [python 218ms]
17:52:28  不需要翻译 -> 直接回车
17:52:28      [回车+等下一个框 219ms]
17:52:28  ---------- 第 459 个文本框 (上一轮共 0.44s) ----------
17:52:28  原文: "AxCsManagers.FImportMacrodefs.Init"   [取文本 0ms, 焦点 Edit 'AxCsManagers.FImport']
17:52:28  translate.py -> need=0  text="AxCsManagers.FImportMacrodefs.Init"   [python 188ms]
17:52:28  不需要翻译 -> 直接回车
17:52:28      [回车+等下一个框 203ms]
17:52:28  ---------- 第 460 个文本框 (上一轮共 0.39s) ----------
17:52:28  原文: "htm\AutoText_UserDefinedParameters.htm"   [取文本 0ms, 焦点 Edit 'htm\AutoText_UserDef']
17:52:28  translate.py -> need=0  text="htm\AutoText_UserDefinedParameters.htm"   [python 187ms]
17:52:28  不需要翻译 -> 直接回车
17:52:29      [回车+等下一个框 203ms]
17:52:29  ---------- 第 461 个文本框 (上一轮共 0.39s) ----------
17:52:29  原文: "{F2}"   [取文本 0ms, 焦点 Edit '{F2}']
17:52:29  translate.py -> need=0  text="{F2}"   [python 172ms]
17:52:29  不需要翻译 -> 直接回车
17:52:29      [回车+等下一个框 235ms]
17:52:29  ---------- 第 462 个文本框 (上一轮共 0.41s) ----------
17:52:29  原文: "AxCsManagers.FCustomParamManager.cmdAddNew_Click"   [取文本 0ms, 焦点 Edit 'AxCsManagers.FCustom']
17:52:29  translate.py -> need=0  text="AxCsManagers.FCustomParamManager.cmdAddNew_Click"   [python 203ms]
17:52:29  不需要翻译 -> 直接回车
17:52:29      [回车+等下一个框 234ms]
17:52:29  ---------- 第 463 个文本框 (上一轮共 0.44s) ----------
17:52:29  原文: "AxCsManagers.FCustomParamManager.cmdRemove_Click"   [取文本 0ms, 焦点 Edit 'AxCsManagers.FCustom']
17:52:30  translate.py -> need=0  text="AxCsManagers.FCustomParamManager.cmdRemove_Click"   [python 219ms]
17:52:30  不需要翻译 -> 直接回车
17:52:30      [回车+等下一个框 219ms]
17:52:30  ---------- 第 464 个文本框 (上一轮共 0.44s) ----------
17:52:30  原文: "SELECT * FROM UserDefParameters WHERE MacroID = 0"   [取文本 0ms, 焦点 Edit 'SELECT * FROM UserDe']
17:52:30  translate.py -> need=0  text="SELECT * FROM UserDefParameters WHERE MacroID = 0"   [python 234ms]
17:52:30  不需要翻译 -> 直接回车
17:52:30      [回车+等下一个框 219ms]
17:52:30  ---------- 第 465 个文本框 (上一轮共 0.45s) ----------
17:52:30  原文: "Export As"   [取文本 0ms, 焦点 Edit 'Export As']
17:52:31  translate.py -> need=1  text="Export As"   [python 844ms]
17:52:31  翻译前基准: "Export As"   [粘贴 156ms, 取基准 0ms]
17:52:32  按翻译热键 (第 1 次, step 模式)   [全选+确认 297ms]
17:52:33      第 1 次轮询看到内容变了
17:52:33  译文已稳定 (轮询 2 次)
17:52:33      [等译文 0.45s, 轮询 2 次]
17:52:33  译文: "导出为"
17:52:33  translateposthtml.py -> "导出为"   [python 46ms]
17:52:33      [粘回译文 157ms]
17:52:33      [回车+等下一个框 203ms]
17:52:33  ---------- 第 466 个文本框 (上一轮共 2.75s) ----------
17:52:33  原文: "atf"   [取文本 0ms, 焦点 Edit 'atf']
17:52:33  translate.py -> need=0  text="atf"   [python 203ms]
17:52:33  不需要翻译 -> 直接回车
17:52:33      [回车+等下一个框 203ms]
17:52:33  ---------- 第 467 个文本框 (上一轮共 0.41s) ----------
17:52:33  原文: "CodeSMART AutoText Files (*.atf)|*.atf"   [取文本 0ms, 焦点 Edit 'CodeSMART AutoText F']
17:52:34  translate.py -> need=0  text="CodeSMART AutoText Files (*.atf)|*.atf"   [python 875ms]
17:52:34  不需要翻译 -> 直接回车
17:52:35      [回车+等下一个框 203ms]
17:52:35  ---------- 第 468 个文本框 (上一轮共 1.08s) ----------
17:52:35  原文: "ExportAutoTextItems"   [取文本 0ms, 焦点 Edit 'ExportAutoTextItems']
17:52:35  translate.py -> need=0  text="ExportAutoTextItems"   [python 188ms]
17:52:35  不需要翻译 -> 直接回车
17:52:35      [回车+等下一个框 218ms]
17:52:35  ---------- 第 469 个文本框 (上一轮共 0.41s) ----------
17:52:35  原文: "CSType"   [取文本 0ms, 焦点 Edit 'CSType']
17:52:35  translate.py -> need=0  text="CSType"   [python 204ms]
17:52:35  不需要翻译 -> 直接回车
17:52:35      [回车+等下一个框 203ms]
17:52:35  ---------- 第 470 个文本框 (上一轮共 0.41s) ----------
17:52:35  原文: "Import From"   [取文本 0ms, 焦点 Edit 'Import From']
17:52:36  translate.py -> need=1  text="Import From"   [python 906ms]
17:52:36  翻译前基准: "Import From"   [粘贴 156ms, 取基准 0ms]
17:52:37  按翻译热键 (第 1 次, step 模式)   [全选+确认 297ms]
17:52:40  等译文超时(2500ms), 轮询了 17 次, 内容一次都没变 -> 判定 STranslate 没反应
17:52:40  !! 文本框没有任何变化, 判定这次没翻译成功   [等了 2.94s, 轮询 17 次]
17:52:41  按翻译热键 (第 2 次, step 模式)   [全选+确认 297ms]
17:52:44  等译文超时(2500ms), 轮询了 17 次, 内容一次都没变 -> 判定 STranslate 没反应
17:52:44  !! 文本框没有任何变化, 判定这次没翻译成功   [等了 2.84s, 轮询 17 次]
17:52:44  !! 重试 1 次仍无译文, 这次按原文继续 (可能 STranslate 没响应热键)   [本会话累计连续失败 1 次]
17:52:44  译文: "Import From"
17:52:44  translateposthtml.py -> "Import From"   [python 94ms]
17:52:44      [粘回译文 141ms]
17:52:44      [回车+等下一个框 234ms]
17:52:44  ---------- 第 471 个文本框 (上一轮共 9.03s) ----------
17:52:44  原文: "AxCsManagers.FStandardsManager.SetAllPanesInvisible"   [取文本 16ms, 焦点 Edit 'AxCsManagers.FStanda']
17:52:45  translate.py -> need=0  text="AxCsManagers.FStandardsManager.SetAllPanesInvisible"   [python 203ms]
17:52:45  不需要翻译 -> 直接回车
17:52:45      [回车+等下一个框 218ms]
17:52:45  ---------- 第 472 个文本框 (上一轮共 0.44s) ----------
17:52:45  原文: "AxCsManagers.FStandardsManager.cmdCancel_Click"   [取文本 0ms, 焦点 Edit 'AxCsManagers.FStanda']
17:52:45  translate.py -> need=0  text="AxCsManagers.FStandardsManager.cmdCancel_Click"   [python 188ms]
17:52:45  不需要翻译 -> 直接回车
17:52:45      [回车+等下一个框 203ms]
17:52:45  ---------- 第 473 个文本框 (上一轮共 0.41s) ----------
17:52:45  原文: "Click to cancel changes and close this dialog."   [取文本 0ms, 焦点 Edit 'Click to cancel chan']
17:52:46  translate.py -> need=1  text="Click to cancel changes and close this dialog."   [python 875ms]
17:52:46  翻译前基准: "Click to cancel changes and close this dialog."   [粘贴 140ms, 取基准 0ms]
17:52:47  按翻译热键 (第 1 次, step 模式)   [全选+确认 297ms]
17:52:47      第 1 次轮询看到内容变了
17:52:48  译文已稳定 (轮询 2 次)
17:52:48      [等译文 0.47s, 轮询 2 次]
17:52:48  译文: "单击以取消更改并关闭此对话框。"
17:52:48  translateposthtml.py -> "单击以取消更改并关闭此对话框。"   [python 157ms]
17:52:48      [粘回译文 172ms]
17:52:48      [回车+等下一个框 203ms]
17:52:48  ---------- 第 474 个文本框 (上一轮共 2.89s) ----------
17:52:48  原文: "ID_cmbPrinters"   [取文本 0ms, 焦点 Edit 'ID_cmbPrinters']
17:52:48  translate.py -> need=0  text="ID_cmbPrinters"   [python 188ms]
17:52:48  不需要翻译 -> 直接回车
17:52:49      [回车+等下一个框 219ms]
17:52:49  ---------- 第 475 个文本框 (上一轮共 0.41s) ----------
17:52:49  原文: "AxCsManagers.FAutoTextPrint.chkAllAlias_Click"   [取文本 0ms, 焦点 Edit 'AxCsManagers.FAutoTe']
17:52:49  translate.py -> need=0  text="AxCsManagers.FAutoTextPrint.chkAllAlias_Click"   [python 203ms]
17:52:49  不需要翻译 -> 直接回车
17:52:49      [回车+等下一个框 218ms]
17:52:49  ---------- 第 476 个文本框 (上一轮共 0.42s) ----------
17:52:49  原文: "AxCsManagers.FAutoTextPrint.chkGroup_Click"   [取文本 0ms, 焦点 Edit 'AxCsManagers.FAutoTe']
17:52:49  translate.py -> need=0  text="AxCsManagers.FAutoTextPrint.chkGroup_Click"   [python 219ms]
17:52:49  不需要翻译 -> 直接回车
17:52:49      [回车+等下一个框 203ms]
17:52:49  ---------- 第 477 个文本框 (上一轮共 0.44s) ----------
17:52:49  原文: "AxCsManagers.FAutoTextPrint.chkRowPreview_Click"   [取文本 0ms, 焦点 Edit 'AxCsManagers.FAutoTe']
17:52:50  translate.py -> need=0  text="AxCsManagers.FAutoTextPrint.chkRowPreview_Click"   [python 203ms]
17:52:50  不需要翻译 -> 直接回车
17:52:50      [回车+等下一个框 203ms]
17:52:50  ---------- 第 478 个文本框 (上一轮共 0.41s) ----------
17:52:50  原文: "Will be replaced at paste time with the full name of the project that owns the code currently edited.;"   [取文本 0ms, 焦点 Edit 'Will be replaced at ']
17:52:51  translate.py -> need=0  text="Will be replaced at paste time with the full name of the project that owns the code currently edited.;"   [python 938ms]
17:52:51  不需要翻译 -> 直接回车
17:52:51      [回车+等下一个框 203ms]
17:52:51  ---------- 第 479 个文本框 (上一轮共 1.14s) ----------
17:52:51  原文: "Will be replaced at paste time with the full name of the component that owns the code currently edited.;"   [取文本 0ms, 焦点 Edit 'Will be replaced at ']
17:52:52  translate.py -> need=0  text="Will be replaced at paste time with the full name of the component that owns the code currently edited.;"   [python 828ms]
17:52:52  不需要翻译 -> 直接回车
17:52:52      [回车+等下一个框 203ms]
17:52:52  ---------- 第 480 个文本框 (上一轮共 1.03s) ----------
17:52:52  原文: "Will be replaced at paste time with the name of the member currently edited, if one.;"   [取文本 0ms, 焦点 Edit 'Will be replaced at ']
17:52:53  translate.py -> need=1  text="Will be replaced at paste time with the name of the member currently edited, if one.;"   [python 828ms]
17:52:53  翻译前基准: "Will be replaced at paste time with the name of the member currently edited, if one.;"   [粘贴 156ms, 取基准 0ms]
17:52:53  按翻译热键 (第 1 次, step 模式)   [全选+确认 297ms]
17:52:54      第 1 次轮询看到内容变了
17:52:55  译文已稳定 (轮询 4 次)
17:52:55      [等译文 0.80s, 轮询 4 次]
17:52:55  译文: "在粘贴时将被当前编辑的成员的名称（如果有）替换。"
17:52:55  translateposthtml.py -> "在粘贴时将被当前编辑的成员的名称（如果有）替换。"   [python 93ms]
17:52:55      [粘回译文 141ms]
17:52:55      [回车+等下一个框 203ms]
17:52:55  ---------- 第 481 个文本框 (上一轮共 3.08s) ----------
17:52:55  原文: "Will be replaced at paste time with the type of the member currently edited ('Sub', 'Function' or 'Property'), if one.;"   [取文本 0ms, 焦点 Edit 'Will be replaced at ']
17:52:56  translate.py -> need=1  text="Will be replaced at paste time with the type of the member currently edited ('Sub', 'Function' or 'Property'), if one.;"   [python 969ms]
17:52:56  翻译前基准: "Will be replaced at paste time with the type of the member currently edited ('Sub', 'Function' or 'Property'), if one.;"   [粘贴 141ms, 取基准 0ms]
17:52:56  按翻译热键 (第 1 次, step 模式)   [全选+确认 312ms]
17:52:57      第 1 次轮询看到内容变了
17:52:58  译文已稳定 (轮询 4 次)
17:52:58      [等译文 0.77s, 轮询 4 次]
17:52:58  译文: "在粘贴时将被当前编辑的成员类型（'Sub'、'Function'或'Property'）替换。"
17:52:58  translateposthtml.py -> "在粘贴时将被当前编辑的成员类型（'Sub'、'Function'或'Property'）替换。"   [python 94ms]
17:52:58      [粘回译文 156ms]
17:52:58      [回车+等下一个框 235ms]
17:52:58  ---------- 第 482 个文本框 (上一轮共 3.24s) ----------
17:52:58  原文: "Will be replaced at paste time with the name of the control whose event method is currently edited, if one.;"   [取文本 0ms, 焦点 Edit 'Will be replaced at ']
17:52:59  translate.py -> need=0  text="Will be replaced at paste time with the name of the control whose event method is currently edited, if one.;"   [python 906ms]
17:52:59  不需要翻译 -> 直接回车
17:52:59      [回车+等下一个框 203ms]
17:52:59  ---------- 第 483 个文本框 (上一轮共 1.11s) ----------
17:52:59  原文: "Marks the starting point of a code selection block.;"   [取文本 0ms, 焦点 Edit 'Marks the starting p']
17:53:00  translate.py -> need=1  text="Marks the starting point of a code selection block.;"   [python 844ms]
17:53:00  翻译前基准: "Marks the starting point of a code selection block.;"   [粘贴 140ms, 取基准 0ms]
17:53:01  按翻译热键 (第 1 次, step 模式)   [全选+确认 297ms]
17:53:02      第 1 次轮询看到内容变了
17:53:02  译文已稳定 (轮询 2 次)
17:53:02      [等译文 0.47s, 轮询 2 次]
17:53:02  译文: "标记代码选择块的起始点。"
17:53:02  translateposthtml.py -> "标记代码选择块的起始点。"   [python 140ms]
17:53:02      [粘回译文 141ms]
17:53:02      [回车+等下一个框 203ms]
17:53:02  ---------- 第 484 个文本框 (上一轮共 2.78s) ----------
17:53:02  原文: "Marks the ending point of a code selection block.;"   [取文本 0ms, 焦点 Edit 'Marks the ending poi']
17:53:03  translate.py -> need=1  text="Marks the ending point of a code selection block.;"   [python 860ms]
17:53:03  翻译前基准: "Marks the ending point of a code selection block.;"   [粘贴 156ms, 取基准 0ms]
17:53:04  按翻译热键 (第 1 次, step 模式)   [全选+确认 297ms]
17:53:04      第 1 次轮询看到内容变了
17:53:05  译文已稳定 (轮询 2 次)
17:53:05      [等译文 0.45s, 轮询 2 次]
17:53:05  译文: "标记代码选择块的结束点。"
17:53:05  translateposthtml.py -> "标记代码选择块的结束点。"   [python 109ms]
17:53:05      [粘回译文 157ms]
17:53:05      [回车+等下一个框 218ms]
17:53:05  ---------- 第 485 个文本框 (上一轮共 2.83s) ----------
17:53:05  原文: "MCP Buffer <"   [取文本 0ms, 焦点 Edit 'MCP Buffer <']
17:53:06  translate.py -> need=0  text="MCP Buffer <"   [python 859ms]
17:53:06  不需要翻译 -> 直接回车
17:53:06      [回车+等下一个框 203ms]
17:53:06  ---------- 第 486 个文本框 (上一轮共 1.08s) ----------
17:53:06  原文: "Code Snippet <"   [取文本 0ms, 焦点 Edit 'Code Snippet <']
17:53:07  translate.py -> need=0  text="Code Snippet <"   [python 844ms]
17:53:07  不需要翻译 -> 直接回车
17:53:07      [回车+等下一个框 203ms]
17:53:07  ---------- 第 487 个文本框 (上一轮共 1.05s) ----------
17:53:07  原文: "Designer Template <"   [取文本 0ms, 焦点 Edit 'Designer Template <']
17:53:08  translate.py -> need=0  text="Designer Template <"   [python 812ms]
17:53:08  不需要翻译 -> 直接回车
17:53:08      [回车+等下一个框 219ms]
17:53:08  ---------- 第 488 个文本框 (上一轮共 1.03s) ----------
17:53:08  原文: "AxCsManagers.FItemCode.GetOptions"   [取文本 0ms, 焦点 Edit 'AxCsManagers.FItemCo']
17:53:08  translate.py -> need=0  text="AxCsManagers.FItemCode.GetOptions"   [python 188ms]
17:53:08  不需要翻译 -> 直接回车
17:53:09      [回车+等下一个框 218ms]
17:53:09  ---------- 第 489 个文本框 (上一轮共 0.41s) ----------
17:53:09  原文: "MacroDefs"   [取文本 0ms, 焦点 Edit 'MacroDefs']
17:53:09  translate.py -> need=0  text="MacroDefs"   [python 172ms]
17:53:09  不需要翻译 -> 直接回车
17:53:09      [回车+等下一个框 219ms]
17:53:09  ---------- 第 490 个文本框 (上一轮共 0.39s) ----------
17:53:09  原文: "AxCsManagers.FAutoTextManager.FormLoadHelper"   [取文本 0ms, 焦点 Edit 'AxCsManagers.FAutoTe']
17:53:09  translate.py -> need=0  text="AxCsManagers.FAutoTextManager.FormLoadHelper"   [python 203ms]
17:53:09  不需要翻译 -> 直接回车
17:53:09      [回车+等下一个框 203ms]
17:53:09  ---------- 第 491 个文本框 (上一轮共 0.44s) ----------
17:53:09  原文: "There was a problem opening the 'MacroDefs' table."   [取文本 0ms, 焦点 Edit 'There was a problem ']
17:53:10  translate.py -> need=1  text="There was a problem opening the 'MacroDefs' table."   [python 921ms]
17:53:11  翻译前基准: "There was a problem opening the 'MacroDefs' table."   [粘贴 157ms, 取基准 0ms]
17:53:11  按翻译热键 (第 1 次, step 模式)   [全选+确认 297ms]
17:53:12      第 1 次轮询看到内容变了
17:53:12  译文已稳定 (轮询 2 次)
17:53:12      [等译文 0.47s, 轮询 2 次]
17:53:12  译文: "打开“MacroDefs”表时出现问题。"
17:53:12  translateposthtml.py -> "打开“MacroDefs”表时出现问题。"   [python 94ms]
17:53:12      [粘回译文 171ms]
17:53:12      [回车+等下一个框 204ms]
17:53:12  ---------- 第 492 个文本框 (上一轮共 2.89s) ----------
17:53:12  原文: "AutoText Manager - by CodeSMART"   [取文本 0ms, 焦点 Edit 'AutoText Manager - b']
17:53:13  translate.py -> need=0  text="AutoText Manager - by CodeSMART"   [python 797ms]
17:53:13  不需要翻译 -> 直接回车
17:53:13      [回车+等下一个框 219ms]
17:53:13  ---------- 第 493 个文本框 (上一轮共 1.02s) ----------
17:53:13  原文: "MacroID"   [取文本 0ms, 焦点 Edit 'MacroID']
17:53:14  translate.py -> need=0  text="MacroID"   [python 203ms]
17:53:14  不需要翻译 -> 直接回车
17:53:14      [回车+等下一个框 219ms]
17:53:14  ---------- 第 494 个文本框 (上一轮共 0.42s) ----------
17:53:14  原文: "SELECT MacroID, Key FROM MacroDefs WHERE (Key <> 0)"   [取文本 0ms, 焦点 Edit 'SELECT MacroID, Key ']
17:53:14  translate.py -> need=0  text="SELECT MacroID, Key FROM MacroDefs WHERE (Key <> 0)"   [python 203ms]
17:53:14  不需要翻译 -> 直接回车
17:53:14      [回车+等下一个框 203ms]
17:53:14  ---------- 第 495 个文本框 (上一轮共 0.41s) ----------
17:53:14  原文: "Key"   [取文本 0ms, 焦点 Edit 'Key']
17:53:14  translate.py -> need=0  text="Key"   [python 203ms]
17:53:14  不需要翻译 -> 直接回车
17:53:15      [回车+等下一个框 219ms]
17:53:15  ---------- 第 496 个文本框 (上一轮共 0.42s) ----------
17:53:15  原文: "LastSel"   [取文本 0ms, 焦点 Edit 'LastSel']
17:53:15  translate.py -> need=0  text="LastSel"   [python 187ms]
17:53:15  不需要翻译 -> 直接回车
17:53:15      [回车+等下一个框 203ms]
17:53:15  ---------- 第 497 个文本框 (上一轮共 0.39s) ----------
17:53:15  原文: "AutoText Manager"   [取文本 0ms, 焦点 Edit 'AutoText Manager']
17:53:15  translate.py -> need=1  text="AutoText Manager"   [python 219ms]
17:53:15  翻译前基准: "AutoText Manager"   [粘贴 172ms, 取基准 0ms]
17:53:16  按翻译热键 (第 1 次, step 模式)   [全选+确认 297ms]
17:53:17      第 1 次轮询看到内容变了
17:53:17  译文已稳定 (轮询 2 次)
17:53:17      [等译文 0.47s, 轮询 2 次]
17:53:17  译文: "自动图文集管理器"
17:53:17  translateposthtml.py -> "自动图文集管理器"   [python 109ms]
17:53:17      [粘回译文 172ms]
17:53:17      [回车+等下一个框 203ms]
17:53:17  ---------- 第 498 个文本框 (上一轮共 2.22s) ----------
17:53:17  原文: "LastExpanded"   [取文本 0ms, 焦点 Edit 'LastExpanded']
17:53:17  translate.py -> need=0  text="LastExpanded"   [python 219ms]
17:53:17  不需要翻译 -> 直接回车
17:53:18      [回车+等下一个框 203ms]
17:53:18  ---------- 第 499 个文本框 (上一轮共 0.42s) ----------
17:53:18  原文: "{HOME}"   [取文本 0ms, 焦点 Edit '{HOME}']
17:53:18  translate.py -> need=0  text="{HOME}"   [python 219ms]
17:53:18  不需要翻译 -> 直接回车
17:53:18      [回车+等下一个框 203ms]
17:53:18  ---------- 第 500 个文本框 (上一轮共 0.42s) ----------
17:53:18  原文: "Save changes to the current code item?"   [取文本 0ms, 焦点 Edit 'Save changes to the ']
17:53:19  translate.py -> need=1  text="Save changes to the current code item?"   [python 797ms]
17:53:19  翻译前基准: "Save changes to the current code item?"   [粘贴 140ms, 取基准 0ms]
17:53:19  按翻译热键 (第 1 次, step 模式)   [全选+确认 297ms]
17:53:20      第 1 次轮询看到内容变了
17:53:20  译文已稳定 (轮询 2 次)
17:53:20      [等译文 0.45s, 轮询 2 次]
17:53:20  译文: "是否保存对当前代码项的更改？"
17:53:20  translateposthtml.py -> "是否保存对当前代码项的更改？"   [python 109ms]
17:53:21      [粘回译文 141ms]
17:53:21      [回车+等下一个框 234ms]
17:53:21  ---------- 第 501 个文本框 (上一轮共 2.73s) ----------
17:53:21  原文: "AxCsManagers.FAutoTextManager.ConfirmSave"   [取文本 0ms, 焦点 Edit 'AxCsManagers.FAutoTe']
17:53:21  translate.py -> need=0  text="AxCsManagers.FAutoTextManager.ConfirmSave"   [python 203ms]
17:53:21  不需要翻译 -> 直接回车
17:53:21      [回车+等下一个框 204ms]
17:53:21  ---------- 第 502 个文本框 (上一轮共 0.42s) ----------
17:53:21  原文: "Find Alias"   [取文本 0ms, 焦点 Edit 'Find Alias']
17:53:22  translate.py -> need=1  text="Find Alias"   [python 828ms]
17:53:22  翻译前基准: "Find Alias"   [粘贴 157ms, 取基准 0ms]
17:53:22  按翻译热键 (第 1 次, step 模式)   [全选+确认 296ms]
17:53:23      第 1 次轮询看到内容变了
17:53:23  译文已稳定 (轮询 2 次)
17:53:23      [等译文 0.45s, 轮询 2 次]
17:53:23  译文: "查找"
17:53:24  translateposthtml.py -> "查找"   [python 94ms]
17:53:24      [粘回译文 156ms]
17:53:24      [回车+等下一个框 234ms]
17:53:24  ---------- 第 503 个文本框 (上一轮共 2.78s) ----------
17:53:24  原文: "&Alias to look for"   [取文本 0ms, 焦点 Edit '&Alias to look for']
17:53:24  translate.py -> need=1  text="Alias to look for"   [python 203ms]
17:53:24  翻译前基准: "Alias to look for"   [粘贴 156ms, 取基准 0ms]
17:53:25  按翻译热键 (第 1 次, step 模式)   [全选+确认 313ms]
17:53:26      第 1 次轮询看到内容变了
17:53:26  译文已稳定 (轮询 2 次)
17:53:26      [等译文 0.45s, 轮询 2 次]
17:53:26  译文: "去寻找"
17:53:26  translateposthtml.py -> "去寻找"   [python 93ms]
17:53:26      [粘回译文 141ms]
17:53:26      [回车+等下一个框 203ms]
17:53:26  ---------- 第 504 个文本框 (上一轮共 2.14s) ----------
17:53:26  原文: "AutoText and Code Templates Manager\FindAlias"   [取文本 0ms, 焦点 Edit 'AutoText and Code Te']
17:53:27  translate.py -> need=1  text="AutoText and Code Templates Manager\FindAlias"   [python 891ms]
17:53:27  翻译前基准: "AutoText and Code Templates Manager\FindAlias"   [粘贴 187ms, 取基准 0ms]
17:53:27  按翻译热键 (第 1 次, step 模式)   [全选+确认 313ms]
17:53:28      第 1 次轮询看到内容变了
17:53:29  译文已稳定 (轮询 2 次)
17:53:29      [等译文 0.45s, 轮询 2 次]
17:53:29  译文: "自动图文集和代码模板管理器\FindAlias"
17:53:29  translateposthtml.py -> "自动图文集和代码模板管理器\FindAlias"   [python 109ms]
17:53:29      [粘回译文 157ms]
17:53:29      [回车+等下一个框 218ms]
17:53:29  ---------- 第 505 个文本框 (上一轮共 2.91s) ----------
17:53:29  原文: "SELECT * FROM MacroDefs WHERE Alias='"   [取文本 0ms, 焦点 Edit 'SELECT * FROM MacroD']
17:53:29  translate.py -> need=0  text="SELECT * FROM MacroDefs WHERE Alias='"   [python 219ms]
17:53:29  不需要翻译 -> 直接回车
17:53:29      [回车+等下一个框 219ms]
17:53:29  ---------- 第 506 个文本框 (上一轮共 0.45s) ----------
17:53:29  原文: "The specified alias does not exist."   [取文本 0ms, 焦点 Edit 'The specified alias ']
17:53:30  translate.py -> need=1  text="The specified alias does not exist."   [python 782ms]
17:53:30  翻译前基准: "The specified alias does not exist."   [粘贴 140ms, 取基准 0ms]
17:53:31  按翻译热键 (第 1 次, step 模式)   [全选+确认 297ms]
17:53:32      第 1 次轮询看到内容变了
17:53:32  译文已稳定 (轮询 2 次)
17:53:32      [等译文 0.45s, 轮询 2 次]
17:53:32  译文: "指定的别名不存在。"
17:53:32  translateposthtml.py -> "指定的别名不存在。"   [python 140ms]
17:53:32      [粘回译文 157ms]
17:53:32      [回车+等下一个框 218ms]
17:53:32  ---------- 第 507 个文本框 (上一轮共 2.75s) ----------
17:53:32  原文: "AxCsManagers.FAutoTextManager.FindAlias"   [取文本 0ms, 焦点 Edit 'AxCsManagers.FAutoTe']
17:53:32  translate.py -> need=0  text="AxCsManagers.FAutoTextManager.FindAlias"   [python 204ms]
17:53:32  不需要翻译 -> 直接回车
17:53:33      [回车+等下一个框 218ms]
17:53:33  ---------- 第 508 个文本框 (上一轮共 0.42s) ----------
17:53:33  原文: "MacroCategories"   [取文本 0ms, 焦点 Edit 'MacroCategories']
17:53:33  translate.py -> need=0  text="MacroCategories"   [python 235ms]
17:53:33  不需要翻译 -> 直接回车
17:53:33      [回车+等下一个框 203ms]
17:53:33  ---------- 第 509 个文本框 (上一轮共 0.45s) ----------
17:53:33  原文: "AxCsManagers.FAutoTextManager.InitMacroTree"   [取文本 0ms, 焦点 Edit 'AxCsManagers.FAutoTe']
17:53:33  translate.py -> need=0  text="AxCsManagers.FAutoTextManager.InitMacroTree"   [python 188ms]
17:53:33  不需要翻译 -> 直接回车
17:53:33      [回车+等下一个框 203ms]
17:53:33  ---------- 第 510 个文本框 (上一轮共 0.41s) ----------
17:53:33  原文: "There was a problem opening the 'MacroCategories' table."   [取文本 0ms, 焦点 Edit 'There was a problem ']
17:53:34  translate.py -> need=1  text="There was a problem opening the 'MacroCategories' table."   [python 906ms]
17:53:35  翻译前基准: "There was a problem opening the 'MacroCategories' table."   [粘贴 141ms, 取基准 0ms]
17:53:35  按翻译热键 (第 1 次, step 模式)   [全选+确认 296ms]
17:53:36      第 1 次轮询看到内容变了
17:53:36  译文已稳定 (轮询 2 次)
17:53:36      [等译文 0.45s, 轮询 2 次]
17:53:36  译文: "打开“宏类别”表时出现问题。"
17:53:36  translateposthtml.py -> "打开“宏类别”表时出现问题。"   [python 94ms]
17:53:36      [粘回译文 156ms]
17:53:36      [回车+等下一个框 219ms]
17:53:36  ---------- 第 511 个文本框 (上一轮共 2.83s) ----------
17:53:36  原文: "CategID"   [取文本 0ms, 焦点 Edit 'CategID']
17:53:37  translate.py -> need=0  text="CategID"   [python 203ms]
17:53:37  不需要翻译 -> 直接回车
17:53:37      [回车+等下一个框 203ms]
17:53:37  ---------- 第 512 个文本框 (上一轮共 0.41s) ----------
17:53:37  原文: "SELECT * FROM MacroDefs WHERE CategID = "   [取文本 0ms, 焦点 Edit 'SELECT * FROM MacroD']
17:53:37  translate.py -> need=0  text="SELECT * FROM MacroDefs WHERE CategID = "   [python 219ms]
17:53:37  不需要翻译 -> 直接回车
17:53:37      [回车+等下一个框 203ms]
17:53:37  ---------- 第 513 个文本框 (上一轮共 0.42s) ----------
17:53:37  原文: "htm\Reference_StandardParameters.htm"   [取文本 0ms, 焦点 Edit 'htm\Reference_Standa']
17:53:37  translate.py -> need=0  text="htm\Reference_StandardParameters.htm"   [python 219ms]
17:53:37  不需要翻译 -> 直接回车
17:53:38      [回车+等下一个框 203ms]
17:53:38  ---------- 第 514 个文本框 (上一轮共 0.42s) ----------
17:53:38  原文: "AxCsManagers.FAutoTextManager.InsertStandardParameter"   [取文本 0ms, 焦点 Edit 'AxCsManagers.FAutoTe']
17:53:38  translate.py -> need=0  text="AxCsManagers.FAutoTextManager.InsertStandardParameter"   [python 203ms]
17:53:38  不需要翻译 -> 直接回车
17:53:38      [回车+等下一个框 203ms]
17:53:38  ---------- 第 515 个文本框 (上一轮共 0.41s) ----------
17:53:38  原文: "AxCsManagers.FAutoTextManager.ResetNoParentNotify"   [取文本 0ms, 焦点 Edit 'AxCsManagers.FAutoTe']
17:53:38  translate.py -> need=0  text="AxCsManagers.FAutoTextManager.ResetNoParentNotify"   [python 188ms]
17:53:38  不需要翻译 -> 直接回车
17:53:38      [回车+等下一个框 218ms]
17:53:38  ---------- 第 516 个文本框 (上一轮共 0.41s) ----------
17:53:38  原文: "AxCsManagers.FAutoTextManager.ResetNoParentNotifyHelper"   [取文本 0ms, 焦点 Edit 'AxCsManagers.FAutoTe']
17:53:39  translate.py -> need=0  text="AxCsManagers.FAutoTextManager.ResetNoParentNotifyHelper"   [python 235ms]
17:53:39  不需要翻译 -> 直接回车
17:53:39      [回车+等下一个框 218ms]
17:53:39  ---------- 第 517 个文本框 (上一轮共 0.45s) ----------
17:53:39  原文: "AxCsManagers.FAutoTextManager.ShowRightFrames"   [取文本 0ms, 焦点 Edit 'AxCsManagers.FAutoTe']
17:53:39  translate.py -> need=0  text="AxCsManagers.FAutoTextManager.ShowRightFrames"   [python 235ms]
17:53:39  不需要翻译 -> 直接回车
17:53:39      [回车+等下一个框 203ms]
17:53:39  ---------- 第 518 个文本框 (上一轮共 0.44s) ----------
17:53:39  原文: "txtCode"   [取文本 0ms, 焦点 Edit 'txtCode']
17:53:39  translate.py -> need=0  text="txtCode"   [python 187ms]
17:53:39  不需要翻译 -> 直接回车
17:53:40      [回车+等下一个框 219ms]
17:53:40  ---------- 第 519 个文本框 (上一轮共 0.41s) ----------
17:53:40  原文: "ROOT"   [取文本 0ms, 焦点 Edit 'ROOT']
17:53:40  translate.py -> need=0  text="ROOT"   [python 203ms]
17:53:40  不需要翻译 -> 直接回车
17:53:40      [回车+等下一个框 235ms]
17:53:40  ---------- 第 520 个文本框 (上一轮共 0.44s) ----------
17:53:40  原文: "AxCsManagers.CKeyFactory.RootKey"   [取文本 0ms, 焦点 Edit 'AxCsManagers.CKeyFac']
17:53:40  translate.py -> need=0  text="AxCsManagers.CKeyFactory.RootKey"   [python 187ms]
17:53:40  不需要翻译 -> 直接回车
17:53:41      [回车+等下一个框 203ms]
17:53:41  ---------- 第 521 个文本框 (上一轮共 0.39s) ----------
17:53:41  原文: "CS_"   [取文本 0ms, 焦点 Edit 'CS_']
17:53:41  translate.py -> need=0  text="CS_"   [python 188ms]
17:53:41  不需要翻译 -> 直接回车
17:53:41      [回车+等下一个框 203ms]
17:53:41  ---------- 第 522 个文本框 (上一轮共 0.39s) ----------
17:53:41  原文: "DT_"   [取文本 0ms, 焦点 Edit 'DT_']
17:53:41  translate.py -> need=0  text="DT_"   [python 219ms]
17:53:41  不需要翻译 -> 直接回车
17:53:41      [回车+等下一个框 203ms]
17:53:41  ---------- 第 523 个文本框 (上一轮共 0.44s) ----------
17:53:41  原文: "AxCsManagers.CKeyFactory.LibRootKey"   [取文本 0ms, 焦点 Edit 'AxCsManagers.CKeyFac']
17:53:42  translate.py -> need=0  text="AxCsManagers.CKeyFactory.LibRootKey"   [python 204ms]
17:53:42  不需要翻译 -> 直接回车
17:53:42      [回车+等下一个框 203ms]
17:53:42  ---------- 第 524 个文本框 (上一轮共 0.41s) ----------
17:53:42  原文: "TDB"   [取文本 0ms, 焦点 Edit 'TDB']
17:53:42  translate.py -> need=0  text="TDB"   [python 187ms]
17:53:42  不需要翻译 -> 直接回车
17:53:42      [回车+等下一个框 203ms]
17:53:42  ---------- 第 525 个文本框 (上一轮共 0.39s) ----------
17:53:42  原文: "PDB"   [取文本 0ms, 焦点 Edit 'PDB']
17:53:42  translate.py -> need=0  text="PDB"   [python 203ms]
17:53:42  不需要翻译 -> 直接回车
17:53:43      [回车+等下一个框 204ms]
17:53:43  ---------- 第 526 个文本框 (上一轮共 0.41s) ----------
17:53:43  原文: "AxCsManagers.CCodeSnippets.Hwnd"   [取文本 0ms, 焦点 Edit 'AxCsManagers.CCodeSn']
17:53:43  translate.py -> need=0  text="AxCsManagers.CCodeSnippets.Hwnd"   [python 203ms]
17:53:43  不需要翻译 -> 直接回车
17:53:43      [回车+等下一个框 203ms]
17:53:43  ---------- 第 527 个文本框 (上一轮共 0.41s) ----------
17:53:43  原文: "Font;"   [取文本 0ms, 焦点 Edit 'Font;']
17:53:43  translate.py -> need=0  text="Font;"   [python 203ms]
17:53:43  不需要翻译 -> 直接回车
17:53:43      [回车+等下一个框 203ms]
17:53:43  ---------- 第 528 个文本框 (上一轮共 0.41s) ----------
17:53:43  原文: "AxCsManagers.ctlFormPreview.Init"   [取文本 0ms, 焦点 Edit 'AxCsManagers.ctlForm']
17:53:44  translate.py -> need=0  text="AxCsManagers.ctlFormPreview.Init"   [python 203ms]
17:53:44  不需要翻译 -> 直接回车
17:53:44      [回车+等下一个框 203ms]
17:53:44  ---------- 第 529 个文本框 (上一轮共 0.41s) ----------
17:53:44  原文: "AxCsManagers.ctlReplacer.Caption"   [取文本 0ms, 焦点 Edit 'AxCsManagers.ctlRepl']
17:53:44  translate.py -> need=0  text="AxCsManagers.ctlReplacer.Caption"   [python 188ms]
17:53:44  不需要翻译 -> 直接回车
17:53:44      [回车+等下一个框 203ms]
17:53:44  ---------- 第 530 个文本框 (上一轮共 0.39s) ----------
17:53:44  原文: "No designer window is open - cannot use this functionality."   [取文本 0ms, 焦点 Edit 'No designer window i']
17:53:45  translate.py -> need=1  text="No designer window is open - cannot use this functionality."   [python 844ms]
17:53:45  翻译前基准: "No designer window is open - cannot use this functionality."   [粘贴 157ms, 取基准 0ms]
17:53:45  按翻译热键 (第 1 次, step 模式)   [全选+确认 296ms]
17:53:46      第 1 次轮询看到内容变了
17:53:47  译文已稳定 (轮询 3 次)
17:53:47      [等译文 0.61s, 轮询 3 次]
17:53:47  译文: "未打开任何设计器窗口-无法使用此功能。"
17:53:47  translateposthtml.py -> "未打开任何设计器窗口-无法使用此功能。"   [python 94ms]
17:53:47      [粘回译文 156ms]
17:53:47      [回车+等下一个框 219ms]
17:53:47  ---------- 第 531 个文本框 (上一轮共 2.97s) ----------
17:53:47  原文: "The active component is not a designer - cannot use this functionality."   [取文本 0ms, 焦点 Edit 'The active component']
17:53:48  translate.py -> need=1  text="The active component is not a designer - cannot use this functionality."   [python 843ms]
17:53:48  翻译前基准: "The active component is not a designer - cannot use this functionality."   [粘贴 141ms, 取基准 0ms]
17:53:48  按翻译热键 (第 1 次, step 模式)   [全选+确认 313ms]
17:53:49      第 1 次轮询看到内容变了
17:53:49  译文已稳定 (轮询 2 次)
17:53:49      [等译文 0.45s, 轮询 2 次]
17:53:49  译文: "活动组件不是设计器-无法使用此功能。"
17:53:50  translateposthtml.py -> "活动组件不是设计器-无法使用此功能。"   [python 110ms]
17:53:50      [粘回译文 156ms]
17:53:50      [回车+等下一个框 203ms]
17:53:50  ---------- 第 532 个文本框 (上一轮共 2.78s) ----------
17:53:50  原文: "No designer window is open or the active component is not a designer - cannot use this functionality."   [取文本 0ms, 焦点 Edit 'No designer window i']
17:53:51  translate.py -> need=1  text="No designer window is open or the active component is not a designer - cannot use this functionality."   [python 891ms]
17:53:51  翻译前基准: "No designer window is open or the active component is not a designer - cannot use this functionality."   [粘贴 156ms, 取基准 0ms]
17:53:51  按翻译热键 (第 1 次, step 模式)   [全选+确认 297ms]
17:53:52      第 1 次轮询看到内容变了
17:53:52  译文已稳定 (轮询 2 次)
17:53:52      [等译文 0.47s, 轮询 2 次]
17:53:52  译文: "没有打开设计器窗口或活动组件不是设计器-无法使用此功能。"
17:53:52  translateposthtml.py -> "没有打开设计器窗口或活动组件不是设计器-无法使用此功能。"   [python 109ms]
17:53:53      [粘回译文 141ms]
17:53:53      [回车+等下一个框 203ms]
17:53:53  ---------- 第 533 个文本框 (上一轮共 2.83s) ----------
17:53:53  原文: "Please select at least one control on the designer in order to use this functionality."   [取文本 0ms, 焦点 Edit 'Please select at lea']
17:53:54  translate.py -> need=1  text="Please select at least one control on the designer in order to use this functionality."   [python 859ms]
17:53:54  翻译前基准: "Please select at least one control on the designer in order to use this functionality."   [粘贴 172ms, 取基准 0ms]
17:53:54  按翻译热键 (第 1 次, step 模式)   [全选+确认 297ms]
17:53:55      第 1 次轮询看到内容变了
17:53:55  译文已稳定 (轮询 2 次)
17:53:55      [等译文 0.47s, 轮询 2 次]
17:53:55  译文: "请在设计器上至少选择一个控件以使用此功能。"
17:53:55  translateposthtml.py -> "请在设计器上至少选择一个控件以使用此功能。"   [python 109ms]
17:53:55      [粘回译文 141ms]
17:53:56      [回车+等下一个框 203ms]
17:53:56  ---------- 第 534 个文本框 (上一轮共 2.80s) ----------
17:53:56  原文: "DesTemplates"   [取文本 0ms, 焦点 Edit 'DesTemplates']
17:53:56  translate.py -> need=0  text="DesTemplates"   [python 203ms]
17:53:56  不需要翻译 -> 直接回车
17:53:56      [回车+等下一个框 203ms]
17:53:56  ---------- 第 535 个文本框 (上一轮共 0.41s) ----------
17:53:56  原文: " _"   [取文本 0ms, 焦点 Edit ' _']
17:53:56  translate.py -> need=0  text=" _"   [python 219ms]
17:53:56  不需要翻译 -> 直接回车
17:53:56      [回车+等下一个框 219ms]
17:53:56  ---------- 第 536 个文本框 (上一轮共 0.44s) ----------
17:53:56  原文: "End "   [取文本 0ms, 焦点 Edit 'End ']
17:53:57  translate.py -> need=0  text="End "   [python 218ms]
17:53:57  不需要翻译 -> 直接回车
17:53:57      [回车+等下一个框 204ms]
17:53:57  ---------- 第 537 个文本框 (上一轮共 0.42s) ----------
17:53:57  原文: "Property Let "   [取文本 0ms, 焦点 Edit 'Property Let ']
17:53:58  translate.py -> need=0  text="Property Let "   [python 875ms]
17:53:58  不需要翻译 -> 直接回车
17:53:58      [回车+等下一个框 218ms]
17:53:58  ---------- 第 538 个文本框 (上一轮共 1.09s) ----------
17:53:58  原文: "Property Get "   [取文本 0ms, 焦点 Edit 'Property Get ']
17:53:59  translate.py -> need=0  text="Property Get "   [python 969ms]
17:53:59  不需要翻译 -> 直接回车
17:53:59      [回车+等下一个框 203ms]
17:53:59  ---------- 第 539 个文本框 (上一轮共 1.17s) ----------
17:53:59  原文: "End Property"   [取文本 0ms, 焦点 Edit 'End Property']
17:54:00  translate.py -> need=0  text="End Property"   [python 953ms]
17:54:00  不需要翻译 -> 直接回车
17:54:00      [回车+等下一个框 203ms]
17:54:00  ---------- 第 540 个文本框 (上一轮共 1.16s) ----------
17:54:00  原文: "AxCsManagers.Globals.GetMemberInfo"   [取文本 0ms, 焦点 Edit 'AxCsManagers.Globals']
17:54:00  translate.py -> need=0  text="AxCsManagers.Globals.GetMemberInfo"   [python 235ms]
17:54:00  不需要翻译 -> 直接回车
17:54:01      [回车+等下一个框 203ms]
17:54:01  ---------- 第 541 个文本框 (上一轮共 0.44s) ----------
17:54:01  原文: "AxCsManagers.Globals.GetPrefixString"   [取文本 0ms, 焦点 Edit 'AxCsManagers.Globals']
17:54:01  translate.py -> need=0  text="AxCsManagers.Globals.GetPrefixString"   [python 187ms]
17:54:01  不需要翻译 -> 直接回车
17:54:01      [回车+等下一个框 235ms]
17:54:01  ---------- 第 542 个文本框 (上一轮共 0.42s) ----------
17:54:01  原文: "{ProjectName}{ComponentName}{MemberName}{MemberType}{ControlName}{SB}{SE}{C}{ComputerName}{UserName}{Date}{Time}"   [取文本 0ms, 焦点 Edit '{ProjectName}{Compon']
17:54:01  translate.py -> need=0  text="{ProjectName}{ComponentName}{MemberName}{MemberType}{ControlName}{SB}{SE}{C}{ComputerName}{UserName}{Date}{Time}"   [python 203ms]
17:54:01  不需要翻译 -> 直接回车
17:54:02      [回车+等下一个框 234ms]
17:54:02  ---------- 第 543 个文本框 (上一轮共 0.44s) ----------
17:54:02  原文: "AxCsManagers.Globals.IsStandardParameter"   [取文本 0ms, 焦点 Edit 'AxCsManagers.Globals']
17:54:02  translate.py -> need=0  text="AxCsManagers.Globals.IsStandardParameter"   [python 219ms]
17:54:02  不需要翻译 -> 直接回车
17:54:02      [回车+等下一个框 234ms]
17:54:02  ---------- 第 544 个文本框 (上一轮共 0.45s) ----------
17:54:02  原文: "AxCsManagers.Globals.ResolveToolTip"   [取文本 0ms, 焦点 Edit 'AxCsManagers.Globals']
17:54:02  translate.py -> need=0  text="AxCsManagers.Globals.ResolveToolTip"   [python 235ms]
17:54:02  不需要翻译 -> 直接回车
17:54:02      [回车+等下一个框 219ms]
17:54:02  ---------- 第 545 个文本框 (上一轮共 0.45s) ----------
17:54:02  原文: "AxCsManagers.FNewTemplate.RefreshNeeded"   [取文本 0ms, 焦点 Edit 'AxCsManagers.FNewTem']
17:54:03  translate.py -> need=0  text="AxCsManagers.FNewTemplate.RefreshNeeded"   [python 203ms]
17:54:03  不需要翻译 -> 直接回车
17:54:03      [回车+等下一个框 219ms]
17:54:03  ---------- 第 546 个文本框 (上一轮共 0.45s) ----------
17:54:03  原文: "AxCsManagers.FNewTemplate.Init"   [取文本 0ms, 焦点 Edit 'AxCsManagers.FNewTem']
17:54:03  translate.py -> need=0  text="AxCsManagers.FNewTemplate.Init"   [python 234ms]
17:54:03  不需要翻译 -> 直接回车
17:54:03      [回车+等下一个框 203ms]
17:54:03  ---------- 第 547 个文本框 (上一轮共 0.44s) ----------
17:54:03  原文: "AxCsManagers.FNewTemplate.GetOption"   [取文本 0ms, 焦点 Edit 'AxCsManagers.FNewTem']
17:54:04  translate.py -> need=0  text="AxCsManagers.FNewTemplate.GetOption"   [python 188ms]
17:54:04  不需要翻译 -> 直接回车
17:54:04      [回车+等下一个框 203ms]
17:54:04  ---------- 第 548 个文本框 (上一轮共 0.39s) ----------
17:54:04  原文: "AxCsManagers.FNewTemplate.Shutdown"   [取文本 0ms, 焦点 Edit 'AxCsManagers.FNewTem']
17:54:04  translate.py -> need=0  text="AxCsManagers.FNewTemplate.Shutdown"   [python 219ms]
17:54:04  不需要翻译 -> 直接回车
17:54:04      [回车+等下一个框 203ms]
17:54:04  ---------- 第 549 个文本框 (上一轮共 0.42s) ----------
17:54:04  原文: "AxCsManagers.FNewSnippet.RefreshNeeded"   [取文本 0ms, 焦点 Edit 'AxCsManagers.FNewSni']
17:54:04  translate.py -> need=0  text="AxCsManagers.FNewSnippet.RefreshNeeded"   [python 187ms]
17:54:04  不需要翻译 -> 直接回车
17:54:05      [回车+等下一个框 219ms]
17:54:05  ---------- 第 550 个文本框 (上一轮共 0.41s) ----------
17:54:05  原文: "AxCsManagers.FNewSnippet.Init"   [取文本 0ms, 焦点 Edit 'AxCsManagers.FNewSni']
17:54:05  translate.py -> need=0  text="AxCsManagers.FNewSnippet.Init"   [python 187ms]
17:54:05  不需要翻译 -> 直接回车
17:54:05      [回车+等下一个框 204ms]
17:54:05  ---------- 第 551 个文本框 (上一轮共 0.39s) ----------
17:54:05  原文: "AxCsManagers.FNewSnippet.GetOption"   [取文本 0ms, 焦点 Edit 'AxCsManagers.FNewSni']
17:54:05  translate.py -> need=0  text="AxCsManagers.FNewSnippet.GetOption"   [python 187ms]
17:54:05  不需要翻译 -> 直接回车
17:54:05      [回车+等下一个框 203ms]
17:54:05  ---------- 第 552 个文本框 (上一轮共 0.41s) ----------
17:54:05  原文: "AxCsManagers.FNewSnippet.Shutdown"   [取文本 0ms, 焦点 Edit 'AxCsManagers.FNewSni']
17:54:06  translate.py -> need=0  text="AxCsManagers.FNewSnippet.Shutdown"   [python 203ms]
17:54:06  不需要翻译 -> 直接回车
17:54:06      [回车+等下一个框 203ms]
17:54:06  ---------- 第 553 个文本框 (上一轮共 0.41s) ----------
17:54:06  原文: "Cannot add subfolders to the 'Custom Code Items' folder."   [取文本 0ms, 焦点 Edit 'Cannot add subfolder']
17:54:07  translate.py -> need=1  text="Cannot add subfolders to the 'Custom Code Items' folder."   [python 906ms]
17:54:07  翻译前基准: "Cannot add subfolders to the 'Custom Code Items' folder."   [粘贴 157ms, 取基准 0ms]
17:54:07  按翻译热键 (第 1 次, step 模式)   [全选+确认 296ms]
17:54:08      第 1 次轮询看到内容变了
17:54:08  译文已稳定 (轮询 2 次)
17:54:08      [等译文 0.45s, 轮询 2 次]
17:54:08  译文: "无法向“自定义代码项”文件夹中添加URL。"
17:54:08  translateposthtml.py -> "无法向“自定义代码项”文件夹中添加URL。"   [python 93ms]
17:54:08      [粘回译文 172ms]
17:54:09      [回车+等下一个框 235ms]
17:54:09  ---------- 第 554 个文本框 (上一轮共 2.89s) ----------
17:54:09  原文: "无法向“自定义代码项”文件夹中添加URL。"   [取文本 0ms, 焦点 Edit '无法向“自定义代码项”文件夹中添加URL']
17:54:09  translate.py -> need=0  text="无法向“自定义代码项”文件夹中添加URL。"   [python 218ms]
17:54:09  不需要翻译 -> 直接回车
17:54:09      [回车+等下一个框 219ms]
17:54:09  ---------- 第 555 个文本框 (上一轮共 0.45s) ----------
17:54:09  原文: "无法向“自定义代码项”文件夹中添加URL。"   [取文本 0ms, 焦点 Edit '无法向“自定义代码项”文件夹中添加URL']
17:54:09  translate.py -> need=0  text="无法向“自定义代码项”文件夹中添加URL。"   [python 234ms]
17:54:09  不需要翻译 -> 直接回车
17:54:10      [回车+等下一个框 203ms]
17:54:10  ---------- 第 556 个文本框 (上一轮共 0.44s) ----------
17:54:10  原文: "无法向“自定义代码项”文件夹中添加URL。"   [取文本 0ms, 焦点 Edit '无法向“自定义代码项”文件夹中添加URL']
17:54:10  translate.py -> need=0  text="无法向“自定义代码项”文件夹中添加URL。"   [python 219ms]
17:54:10  不需要翻译 -> 直接回车
17:54:10      [回车+等下一个框 219ms]
17:54:10  ---------- 第 557 个文本框 (上一轮共 0.44s) ----------
17:54:10  原文: "无法向“自定义代码项”文件夹中添加URL。"   [取文本 0ms, 焦点 Edit '无法向“自定义代码项”文件夹中添加URL']
17:54:10  translate.py -> need=0  text="无法向“自定义代码项”文件夹中添加URL。"   [python 203ms]
17:54:10  不需要翻译 -> 直接回车
17:54:10      [回车+等下一个框 203ms]
17:54:10  ---------- 第 558 个文本框 (上一轮共 0.41s) ----------
17:54:10  原文: "无法向“自定义代码项”文件夹中添加URL。"   [取文本 0ms, 焦点 Edit '无法向“自定义代码项”文件夹中添加URL']
17:54:11  translate.py -> need=0  text="无法向“自定义代码项”文件夹中添加URL。"   [python 203ms]
17:54:11  不需要翻译 -> 直接回车
17:54:11      [回车+等下一个框 203ms]
17:54:11  ---------- 第 559 个文本框 (上一轮共 0.41s) ----------
17:54:11  原文: "无法向“自定义代码项”文件夹中添加URL。"   [取文本 0ms, 焦点 Edit '无法向“自定义代码项”文件夹中添加URL']
17:54:11  translate.py -> need=0  text="无法向“自定义代码项”文件夹中添加URL。"   [python 187ms]
17:54:11  不需要翻译 -> 直接回车
17:54:11      [回车+等下一个框 204ms]
17:54:11  ---------- 第 560 个文本框 (上一轮共 0.39s) ----------
17:54:11  原文: "无法向“自定义代码项”文件夹中添加URL。"   [取文本 0ms, 焦点 Edit '无法向“自定义代码项”文件夹中添加URL']
17:54:11  translate.py -> need=0  text="无法向“自定义代码项”文件夹中添加URL。"   [python 187ms]
17:54:11  不需要翻译 -> 直接回车
17:54:12      [回车+等下一个框 203ms]
17:54:12  ---------- 第 561 个文本框 (上一轮共 0.39s) ----------
17:54:12  原文: "无法向“自定义代码项”文件夹中添加URL。"   [取文本 0ms, 焦点 Edit '无法向“自定义代码项”文件夹中添加URL']
17:54:12  translate.py -> need=0  text="无法向“自定义代码项”文件夹中添加URL。"   [python 203ms]
17:54:12  不需要翻译 -> 直接回车
17:54:12      [回车+等下一个框 219ms]
17:54:12  ---------- 第 562 个文本框 (上一轮共 0.42s) ----------
17:54:12  原文: "无法向“自定义代码项”文件夹中添加URL。"   [取文本 0ms, 焦点 Edit '无法向“自定义代码项”文件夹中添加URL']
17:54:12  translate.py -> need=0  text="无法向“自定义代码项”文件夹中添加URL。"   [python 234ms]
17:54:12  不需要翻译 -> 直接回车
17:54:12      [回车+等下一个框 219ms]
17:54:12  ---------- 第 563 个文本框 (上一轮共 0.45s) ----------
17:54:12  原文: "无法向“自定义代码项”文件夹中添加URL。"   [取文本 0ms, 焦点 Edit '无法向“自定义代码项”文件夹中添加URL']
17:54:13  translate.py -> need=0  text="无法向“自定义代码项”文件夹中添加URL。"   [python 266ms]
17:54:13  不需要翻译 -> 直接回车
17:54:13      [回车+等下一个框 203ms]
17:54:13  ---------- 第 564 个文本框 (上一轮共 0.47s) ----------
17:54:13  原文: "无法向“自定义代码项”文件夹中添加URL。"   [取文本 0ms, 焦点 Edit '无法向“自定义代码项”文件夹中添加URL']
17:54:13  translate.py -> need=0  text="无法向“自定义代码项”文件夹中添加URL。"   [python 266ms]
17:54:13  不需要翻译 -> 直接回车
17:54:13      [回车+等下一个框 203ms]
17:54:13  ---------- 第 565 个文本框 (上一轮共 0.47s) ----------
17:54:13  原文: "无法向“自定义代码项”文件夹中添加URL。"   [取文本 0ms, 焦点 Edit '无法向“自定义代码项”文件夹中添加URL']
17:54:14  translate.py -> need=0  text="无法向“自定义代码项”文件夹中添加URL。"   [python 187ms]
17:54:14  不需要翻译 -> 直接回车
17:54:14      [回车+等下一个框 219ms]
17:54:14  ---------- 第 566 个文本框 (上一轮共 0.41s) ----------
17:54:14  原文: "无法向“自定义代码项”文件夹中添加URL。"   [取文本 0ms, 焦点 Edit '无法向“自定义代码项”文件夹中添加URL']
17:54:14  translate.py -> need=0  text="无法向“自定义代码项”文件夹中添加URL。"   [python 219ms]
17:54:14  不需要翻译 -> 直接回车
17:54:14      [回车+等下一个框 203ms]
17:54:14  ---------- 第 567 个文本框 (上一轮共 0.42s) ----------
17:54:14  原文: "无法向“自定义代码项”文件夹中添加URL。"   [取文本 0ms, 焦点 Edit '无法向“自定义代码项”文件夹中添加URL']
17:54:14  translate.py -> need=0  text="无法向“自定义代码项”文件夹中添加URL。"   [python 203ms]
17:54:14  不需要翻译 -> 直接回车
17:54:15      [回车+等下一个框 203ms]
17:54:15  ---------- 第 568 个文本框 (上一轮共 0.42s) ----------
17:54:15  原文: "无法向“自定义代码项”文件夹中添加URL。"   [取文本 0ms, 焦点 Edit '无法向“自定义代码项”文件夹中添加URL']
17:54:15  translate.py -> need=0  text="无法向“自定义代码项”文件夹中添加URL。"   [python 187ms]
17:54:15  不需要翻译 -> 直接回车
17:54:15      [回车+等下一个框 203ms]
17:54:15  ---------- 第 569 个文本框 (上一轮共 0.39s) ----------
17:54:15  原文: "无法向“自定义代码项”文件夹中添加URL。"   [取文本 0ms, 焦点 Edit '无法向“自定义代码项”文件夹中添加URL']
17:54:15  translate.py -> need=0  text="无法向“自定义代码项”文件夹中添加URL。"   [python 203ms]
17:54:15  不需要翻译 -> 直接回车
17:54:15      [回车+等下一个框 219ms]
17:54:15  ---------- 第 570 个文本框 (上一轮共 0.42s) ----------
17:54:15  原文: "无法向“自定义代码项”文件夹中添加URL。"   [取文本 0ms, 焦点 Edit '无法向“自定义代码项”文件夹中添加URL']
17:54:16  translate.py -> need=0  text="无法向“自定义代码项”文件夹中添加URL。"   [python 203ms]
17:54:16  不需要翻译 -> 直接回车
17:54:16      [回车+等下一个框 203ms]
17:54:16  ---------- 第 571 个文本框 (上一轮共 0.41s) ----------
17:54:16  原文: "无法向“自定义代码项”文件夹中添加URL。"   [取文本 0ms, 焦点 Edit '无法向“自定义代码项”文件夹中添加URL']
17:54:16  translate.py -> need=0  text="无法向“自定义代码项”文件夹中添加URL。"   [python 172ms]
17:54:16  不需要翻译 -> 直接回车
17:54:16      [回车+等下一个框 219ms]
17:54:16  ---------- 第 572 个文本框 (上一轮共 0.39s) ----------
17:54:16  原文: "无法向“自定义代码项”文件夹中添加URL。"   [取文本 0ms, 焦点 Edit '无法向“自定义代码项”文件夹中添加URL']
17:54:16  translate.py -> need=0  text="无法向“自定义代码项”文件夹中添加URL。"   [python 188ms]
17:54:16  不需要翻译 -> 直接回车
17:54:17      [回车+等下一个框 218ms]
17:54:17  ---------- 第 573 个文本框 (上一轮共 0.41s) ----------
17:54:17  原文: "无法向“自定义代码项”文件夹中添加URL。"   [取文本 0ms, 焦点 Edit '无法向“自定义代码项”文件夹中添加URL']
17:54:17  translate.py -> need=0  text="无法向“自定义代码项”文件夹中添加URL。"   [python 203ms]
17:54:17  不需要翻译 -> 直接回车
17:54:17      [回车+等下一个框 219ms]
17:54:17  ---------- 第 574 个文本框 (上一轮共 0.42s) ----------
17:54:17  原文: "无法向“自定义代码项”文件夹中添加URL。"   [取文本 0ms, 焦点 Edit '无法向“自定义代码项”文件夹中添加URL']
17:54:17  translate.py -> need=0  text="无法向“自定义代码项”文件夹中添加URL。"   [python 219ms]
17:54:17  不需要翻译 -> 直接回车
17:54:17      [回车+等下一个框 203ms]
17:54:18  ---------- 第 575 个文本框 (上一轮共 0.44s) ----------
17:54:18  原文: "无法向“自定义代码项”文件夹中添加URL。"   [取文本 0ms, 焦点 Edit '无法向“自定义代码项”文件夹中添加URL']
17:54:18  translate.py -> need=0  text="无法向“自定义代码项”文件夹中添加URL。"   [python 250ms]
17:54:18  不需要翻译 -> 直接回车
17:54:18      [回车+等下一个框 234ms]
17:54:18  ---------- 第 576 个文本框 (上一轮共 0.50s) ----------
17:54:18  原文: "无法向“自定义代码项”文件夹中添加URL。"   [取文本 0ms, 焦点 Edit '无法向“自定义代码项”文件夹中添加URL']
17:54:18  translate.py -> need=0  text="无法向“自定义代码项”文件夹中添加URL。"   [python 187ms]
17:54:18  不需要翻译 -> 直接回车
17:54:18      [回车+等下一个框 203ms]
17:54:18  ---------- 第 577 个文本框 (上一轮共 0.39s) ----------
17:54:18  原文: "无法向“自定义代码项”文件夹中添加URL。"   [取文本 0ms, 焦点 Edit '无法向“自定义代码项”文件夹中添加URL']
17:54:19  translate.py -> need=0  text="无法向“自定义代码项”文件夹中添加URL。"   [python 203ms]
17:54:19  不需要翻译 -> 直接回车
17:54:19      [回车+等下一个框 219ms]
17:54:19  ---------- 第 578 个文本框 (上一轮共 0.42s) ----------
17:54:19  原文: "无法向“自定义代码项”文件夹中添加URL。"   [取文本 0ms, 焦点 Edit '无法向“自定义代码项”文件夹中添加URL']
17:54:19  translate.py -> need=0  text="无法向“自定义代码项”文件夹中添加URL。"   [python 219ms]
17:54:19  不需要翻译 -> 直接回车
17:54:19      [回车+等下一个框 219ms]
17:54:19  ---------- 第 579 个文本框 (上一轮共 0.45s) ----------
17:54:19  原文: "无法向“自定义代码项”文件夹中添加URL。"   [取文本 0ms, 焦点 Edit '无法向“自定义代码项”文件夹中添加URL']
17:54:19  translate.py -> need=0  text="无法向“自定义代码项”文件夹中添加URL。"   [python 203ms]
17:54:19  不需要翻译 -> 直接回车
17:54:20      [回车+等下一个框 235ms]
17:54:20  ---------- 第 580 个文本框 (上一轮共 0.45s) ----------
17:54:20  原文: "无法向“自定义代码项”文件夹中添加URL。"   [取文本 0ms, 焦点 Edit '无法向“自定义代码项”文件夹中添加URL']
17:54:20  translate.py -> need=0  text="无法向“自定义代码项”文件夹中添加URL。"   [python 219ms]
17:54:20  不需要翻译 -> 直接回车
17:54:20      [回车+等下一个框 203ms]
17:54:20  ---------- 第 581 个文本框 (上一轮共 0.44s) ----------
17:54:20  原文: "无法向“自定义代码项”文件夹中添加URL。"   [取文本 0ms, 焦点 Edit '无法向“自定义代码项”文件夹中添加URL']
17:54:20  translate.py -> need=0  text="无法向“自定义代码项”文件夹中添加URL。"   [python 187ms]
17:54:20  不需要翻译 -> 直接回车
17:54:21      [回车+等下一个框 219ms]
17:54:21  ---------- 第 582 个文本框 (上一轮共 0.41s) ----------
17:54:21  原文: "无法向“自定义代码项”文件夹中添加URL。"   [取文本 0ms, 焦点 Edit '无法向“自定义代码项”文件夹中添加URL']
17:54:21  translate.py -> need=0  text="无法向“自定义代码项”文件夹中添加URL。"   [python 219ms]
17:54:21  不需要翻译 -> 直接回车
17:54:21      [回车+等下一个框 203ms]
17:54:21  ---------- 第 583 个文本框 (上一轮共 0.42s) ----------
17:54:21  原文: "无法向“自定义代码项”文件夹中添加URL。"   [取文本 0ms, 焦点 Edit '无法向“自定义代码项”文件夹中添加URL']
17:54:21  translate.py -> need=0  text="无法向“自定义代码项”文件夹中添加URL。"   [python 203ms]
17:54:21  不需要翻译 -> 直接回车
17:54:21      [回车+等下一个框 203ms]
17:54:21  ---------- 第 584 个文本框 (上一轮共 0.41s) ----------
17:54:21  原文: "无法向“自定义代码项”文件夹中添加URL。"   [取文本 0ms, 焦点 Edit '无法向“自定义代码项”文件夹中添加URL']
17:54:22  translate.py -> need=0  text="无法向“自定义代码项”文件夹中添加URL。"   [python 203ms]
17:54:22  不需要翻译 -> 直接回车
17:54:22      [回车+等下一个框 235ms]
17:54:22  ---------- 第 585 个文本框 (上一轮共 0.44s) ----------
17:54:22  原文: "无法向“自定义代码项”文件夹中添加URL。"   [取文本 0ms, 焦点 Edit '无法向“自定义代码项”文件夹中添加URL']
17:54:22  translate.py -> need=0  text="无法向“自定义代码项”文件夹中添加URL。"   [python 219ms]
17:54:22  不需要翻译 -> 直接回车
17:54:22      [回车+等下一个框 218ms]
17:54:22  ---------- 第 586 个文本框 (上一轮共 0.45s) ----------
17:54:22  原文: "无法向“自定义代码项”文件夹中添加URL。"   [取文本 0ms, 焦点 Edit '无法向“自定义代码项”文件夹中添加URL']
17:54:22  translate.py -> need=0  text="无法向“自定义代码项”文件夹中添加URL。"   [python 203ms]
17:54:22  不需要翻译 -> 直接回车
17:54:23      [回车+等下一个框 203ms]
17:54:23  ---------- 第 587 个文本框 (上一轮共 0.42s) ----------
17:54:23  原文: "无法向“自定义代码项”文件夹中添加URL。"   [取文本 0ms, 焦点 Edit '无法向“自定义代码项”文件夹中添加URL']
17:54:23  translate.py -> need=0  text="无法向“自定义代码项”文件夹中添加URL。"   [python 234ms]
17:54:23  不需要翻译 -> 直接回车
17:54:23      [回车+等下一个框 219ms]
17:54:23  ---------- 第 588 个文本框 (上一轮共 0.45s) ----------
17:54:23  原文: "无法向“自定义代码项”文件夹中添加URL。"   [取文本 0ms, 焦点 Edit '无法向“自定义代码项”文件夹中添加URL']
17:54:23  translate.py -> need=0  text="无法向“自定义代码项”文件夹中添加URL。"   [python 203ms]
17:54:23  不需要翻译 -> 直接回车
17:54:24      [回车+等下一个框 203ms]
17:54:24  ---------- 第 589 个文本框 (上一轮共 0.41s) ----------
17:54:24  原文: "无法向“自定义代码项”文件夹中添加URL。"   [取文本 0ms, 焦点 Edit '无法向“自定义代码项”文件夹中添加URL']
17:54:24  translate.py -> need=0  text="无法向“自定义代码项”文件夹中添加URL。"   [python 188ms]
17:54:24  不需要翻译 -> 直接回车
17:54:24      [回车+等下一个框 218ms]
17:54:24  ---------- 第 590 个文本框 (上一轮共 0.41s) ----------
17:54:24  原文: "无法向“自定义代码项”文件夹中添加URL。"   [取文本 0ms, 焦点 Edit '无法向“自定义代码项”文件夹中添加URL']
17:54:24  translate.py -> need=0  text="无法向“自定义代码项”文件夹中添加URL。"   [python 204ms]
17:54:24  不需要翻译 -> 直接回车
17:54:24      [回车+等下一个框 218ms]
17:54:24  ---------- 第 591 个文本框 (上一轮共 0.42s) ----------
17:54:24  原文: "无法向“自定义代码项”文件夹中添加URL。"   [取文本 0ms, 焦点 Edit '无法向“自定义代码项”文件夹中添加URL']
17:54:25  translate.py -> need=0  text="无法向“自定义代码项”文件夹中添加URL。"   [python 203ms]
17:54:25  不需要翻译 -> 直接回车
17:54:25      [回车+等下一个框 204ms]
17:54:25  ---------- 第 592 个文本框 (上一轮共 0.41s) ----------
17:54:25  原文: "无法向“自定义代码项”文件夹中添加URL。"   [取文本 0ms, 焦点 Edit '无法向“自定义代码项”文件夹中添加URL']
17:54:25  translate.py -> need=0  text="无法向“自定义代码项”文件夹中添加URL。"   [python 218ms]
17:54:25  不需要翻译 -> 直接回车
17:54:25      [回车+等下一个框 219ms]
17:54:25  ---------- 第 593 个文本框 (上一轮共 0.45s) ----------
17:54:25  原文: "无法向“自定义代码项”文件夹中添加URL。"   [取文本 0ms, 焦点 Edit '无法向“自定义代码项”文件夹中添加URL']
17:54:25  translate.py -> need=0  text="无法向“自定义代码项”文件夹中添加URL。"   [python 203ms]
17:54:25  不需要翻译 -> 直接回车
17:54:26      [回车+等下一个框 219ms]
17:54:26  ---------- 第 594 个文本框 (上一轮共 0.44s) ----------
17:54:26  原文: "无法向“自定义代码项”文件夹中添加URL。"   [取文本 0ms, 焦点 Edit '无法向“自定义代码项”文件夹中添加URL']
17:54:26  translate.py -> need=0  text="无法向“自定义代码项”文件夹中添加URL。"   [python 188ms]
17:54:26  不需要翻译 -> 直接回车
17:54:26      [回车+等下一个框 203ms]
17:54:26  ---------- 第 595 个文本框 (上一轮共 0.39s) ----------
17:54:26  原文: "无法向“自定义代码项”文件夹中添加URL。"   [取文本 0ms, 焦点 Edit '无法向“自定义代码项”文件夹中添加URL']
17:54:26  translate.py -> need=0  text="无法向“自定义代码项”文件夹中添加URL。"   [python 187ms]
17:54:26  不需要翻译 -> 直接回车
17:54:26      [回车+等下一个框 203ms]
17:54:26  ---------- 第 596 个文本框 (上一轮共 0.39s) ----------
17:54:26  原文: "无法向“自定义代码项”文件夹中添加URL。"   [取文本 0ms, 焦点 Edit '无法向“自定义代码项”文件夹中添加URL']
17:54:27  translate.py -> need=0  text="无法向“自定义代码项”文件夹中添加URL。"   [python 219ms]
17:54:27  不需要翻译 -> 直接回车
17:54:27      [回车+等下一个框 219ms]
17:54:27  ---------- 第 597 个文本框 (上一轮共 0.45s) ----------
17:54:27  原文: "无法向“自定义代码项”文件夹中添加URL。"   [取文本 0ms, 焦点 Edit '无法向“自定义代码项”文件夹中添加URL']
17:54:27  translate.py -> need=0  text="无法向“自定义代码项”文件夹中添加URL。"   [python 203ms]
17:54:27  不需要翻译 -> 直接回车
17:54:27      [回车+等下一个框 203ms]
17:54:27  ---------- 第 598 个文本框 (上一轮共 0.41s) ----------
17:54:27  原文: "无法向“自定义代码项”文件夹中添加URL。"   [取文本 0ms, 焦点 Edit '无法向“自定义代码项”文件夹中添加URL']
17:54:28  translate.py -> need=0  text="无法向“自定义代码项”文件夹中添加URL。"   [python 219ms]
17:54:28  不需要翻译 -> 直接回车
17:54:28      [回车+等下一个框 203ms]
17:54:28  ---------- 第 599 个文本框 (上一轮共 0.42s) ----------
17:54:28  原文: "无法向“自定义代码项”文件夹中添加URL。"   [取文本 0ms, 焦点 Edit '无法向“自定义代码项”文件夹中添加URL']
17:54:28  translate.py -> need=0  text="无法向“自定义代码项”文件夹中添加URL。"   [python 187ms]
17:54:28  不需要翻译 -> 直接回车
17:54:28      [回车+等下一个框 203ms]
17:54:28  ---------- 第 600 个文本框 (上一轮共 0.39s) ----------
17:54:28  原文: "无法向“自定义代码项”文件夹中添加URL。"   [取文本 0ms, 焦点 Edit '无法向“自定义代码项”文件夹中添加URL']
17:54:28  translate.py -> need=0  text="无法向“自定义代码项”文件夹中添加URL。"   [python 203ms]
17:54:28  不需要翻译 -> 直接回车
17:54:29      [回车+等下一个框 204ms]
17:54:29  ---------- 第 601 个文本框 (上一轮共 0.41s) ----------
17:54:29  原文: "无法向“自定义代码项”文件夹中添加URL。"   [取文本 0ms, 焦点 Edit '无法向“自定义代码项”文件夹中添加URL']
17:54:29  translate.py -> need=0  text="无法向“自定义代码项”文件夹中添加URL。"   [python 218ms]
17:54:29  不需要翻译 -> 直接回车
17:54:29      [回车+等下一个框 219ms]
17:54:29  ---------- 第 602 个文本框 (上一轮共 0.44s) ----------
17:54:29  原文: "无法向“自定义代码项”文件夹中添加URL。"   [取文本 0ms, 焦点 Edit '无法向“自定义代码项”文件夹中添加URL']
17:54:29  translate.py -> need=0  text="无法向“自定义代码项”文件夹中添加URL。"   [python 219ms]
17:54:29  不需要翻译 -> 直接回车
17:54:29      [回车+等下一个框 203ms]
17:54:29  ---------- 第 603 个文本框 (上一轮共 0.42s) ----------
17:54:29  原文: "无法向“自定义代码项”文件夹中添加URL。"   [取文本 0ms, 焦点 Edit '无法向“自定义代码项”文件夹中添加URL']
17:54:30  translate.py -> need=0  text="无法向“自定义代码项”文件夹中添加URL。"   [python 219ms]
17:54:30  不需要翻译 -> 直接回车
17:54:30      [回车+等下一个框 203ms]
17:54:30  ---------- 第 604 个文本框 (上一轮共 0.44s) ----------
17:54:30  原文: "无法向“自定义代码项”文件夹中添加URL。"   [取文本 0ms, 焦点 Edit '无法向“自定义代码项”文件夹中添加URL']
17:54:30  translate.py -> need=0  text="无法向“自定义代码项”文件夹中添加URL。"   [python 204ms]
17:54:30  不需要翻译 -> 直接回车
17:54:30      [回车+等下一个框 203ms]
17:54:30  ---------- 第 605 个文本框 (上一轮共 0.41s) ----------
17:54:30  原文: "无法向“自定义代码项”文件夹中添加URL。"   [取文本 15ms, 焦点 Edit '无法向“自定义代码项”文件夹中添加URL']
17:54:30  translate.py -> need=0  text="无法向“自定义代码项”文件夹中添加URL。"   [python 235ms]
17:54:30  不需要翻译 -> 直接回车
17:54:31      [回车+等下一个框 203ms]
17:54:31  ---------- 第 606 个文本框 (上一轮共 0.45s) ----------
17:54:31  原文: "无法向“自定义代码项”文件夹中添加URL。"   [取文本 0ms, 焦点 Edit '无法向“自定义代码项”文件夹中添加URL']
17:54:31  translate.py -> need=0  text="无法向“自定义代码项”文件夹中添加URL。"   [python 203ms]
17:54:31  不需要翻译 -> 直接回车
17:54:31      [回车+等下一个框 203ms]
17:54:31  ---------- 第 607 个文本框 (上一轮共 0.41s) ----------
17:54:31  原文: "无法向“自定义代码项”文件夹中添加URL。"   [取文本 0ms, 焦点 Edit '无法向“自定义代码项”文件夹中添加URL']
17:54:31  translate.py -> need=0  text="无法向“自定义代码项”文件夹中添加URL。"   [python 219ms]
17:54:31  不需要翻译 -> 直接回车
17:54:32      [回车+等下一个框 203ms]
17:54:32  ---------- 第 608 个文本框 (上一轮共 0.44s) ----------
17:54:32  原文: "无法向“自定义代码项”文件夹中添加URL。"   [取文本 0ms, 焦点 Edit '无法向“自定义代码项”文件夹中添加URL']
17:54:32  translate.py -> need=0  text="无法向“自定义代码项”文件夹中添加URL。"   [python 218ms]
17:54:32  不需要翻译 -> 直接回车
17:54:32      [回车+等下一个框 203ms]
17:54:32  ---------- 第 609 个文本框 (上一轮共 0.42s) ----------
17:54:32  原文: "无法向“自定义代码项”文件夹中添加URL。"   [取文本 0ms, 焦点 Edit '无法向“自定义代码项”文件夹中添加URL']
17:54:32  translate.py -> need=0  text="无法向“自定义代码项”文件夹中添加URL。"   [python 188ms]
17:54:32  不需要翻译 -> 直接回车
17:54:32      [回车+等下一个框 203ms]
17:54:32  ---------- 第 610 个文本框 (上一轮共 0.41s) ----------
17:54:32  原文: "无法向“自定义代码项”文件夹中添加URL。"   [取文本 0ms, 焦点 Edit '无法向“自定义代码项”文件夹中添加URL']
17:54:33  translate.py -> need=0  text="无法向“自定义代码项”文件夹中添加URL。"   [python 218ms]
17:54:33  不需要翻译 -> 直接回车
17:54:33      [回车+等下一个框 219ms]
17:54:33  ---------- 第 611 个文本框 (上一轮共 0.44s) ----------
17:54:33  原文: "无法向“自定义代码项”文件夹中添加URL。"   [取文本 0ms, 焦点 Edit '无法向“自定义代码项”文件夹中添加URL']
17:54:33  translate.py -> need=0  text="无法向“自定义代码项”文件夹中添加URL。"   [python 266ms]
17:54:33  不需要翻译 -> 直接回车
17:54:33      [回车+等下一个框 219ms]
17:54:33  ---------- 第 612 个文本框 (上一轮共 0.49s) ----------
17:54:33  原文: "无法向“自定义代码项”文件夹中添加URL。"   [取文本 0ms, 焦点 Edit '无法向“自定义代码项”文件夹中添加URL']
17:54:34  translate.py -> need=0  text="无法向“自定义代码项”文件夹中添加URL。"   [python 203ms]
17:54:34  不需要翻译 -> 直接回车
17:54:34      [回车+等下一个框 203ms]
17:54:34  ---------- 第 613 个文本框 (上一轮共 0.41s) ----------
17:54:34  原文: "无法向“自定义代码项”文件夹中添加URL。"   [取文本 0ms, 焦点 Edit '无法向“自定义代码项”文件夹中添加URL']
17:54:34  translate.py -> need=0  text="无法向“自定义代码项”文件夹中添加URL。"   [python 204ms]
17:54:34  不需要翻译 -> 直接回车
17:54:34      [回车+等下一个框 218ms]
17:54:34  ---------- 第 614 个文本框 (上一轮共 0.42s) ----------
17:54:34  原文: "无法向“自定义代码项”文件夹中添加URL。"   [取文本 0ms, 焦点 Edit '无法向“自定义代码项”文件夹中添加URL']
17:54:34  translate.py -> need=0  text="无法向“自定义代码项”文件夹中添加URL。"   [python 219ms]
17:54:34  不需要翻译 -> 直接回车
17:54:35      [回车+等下一个框 203ms]
17:54:35  ---------- 第 615 个文本框 (上一轮共 0.42s) ----------
17:54:35  原文: "无法向“自定义代码项”文件夹中添加URL。"   [取文本 0ms, 焦点 Edit '无法向“自定义代码项”文件夹中添加URL']
17:54:35  translate.py -> need=0  text="无法向“自定义代码项”文件夹中添加URL。"   [python 203ms]
17:54:35  不需要翻译 -> 直接回车
17:54:35      [回车+等下一个框 203ms]
17:54:35  ---------- 第 616 个文本框 (上一轮共 0.41s) ----------
17:54:35  原文: "无法向“自定义代码项”文件夹中添加URL。"   [取文本 0ms, 焦点 Edit '无法向“自定义代码项”文件夹中添加URL']
17:54:35  translate.py -> need=0  text="无法向“自定义代码项”文件夹中添加URL。"   [python 204ms]
17:54:35  不需要翻译 -> 直接回车
17:54:35      [回车+等下一个框 218ms]
17:54:35  ---------- 第 617 个文本框 (上一轮共 0.42s) ----------
17:54:35  原文: "无法向“自定义代码项”文件夹中添加URL。"   [取文本 0ms, 焦点 Edit '无法向“自定义代码项”文件夹中添加URL']
17:54:36  translate.py -> need=0  text="无法向“自定义代码项”文件夹中添加URL。"   [python 203ms]
17:54:36  不需要翻译 -> 直接回车
17:54:36      [回车+等下一个框 219ms]
17:54:36  ---------- 第 618 个文本框 (上一轮共 0.42s) ----------
17:54:36  原文: "无法向“自定义代码项”文件夹中添加URL。"   [取文本 0ms, 焦点 Edit '无法向“自定义代码项”文件夹中添加URL']
17:54:36  translate.py -> need=0  text="无法向“自定义代码项”文件夹中添加URL。"   [python 219ms]
17:54:36  不需要翻译 -> 直接回车
17:54:36      [回车+等下一个框 203ms]
17:54:36  ---------- 第 619 个文本框 (上一轮共 0.42s) ----------
17:54:36  原文: "无法向“自定义代码项”文件夹中添加URL。"   [取文本 0ms, 焦点 Edit '无法向“自定义代码项”文件夹中添加URL']
17:54:36  translate.py -> need=0  text="无法向“自定义代码项”文件夹中添加URL。"   [python 219ms]
17:54:36  不需要翻译 -> 直接回车
17:54:37      [回车+等下一个框 219ms]
17:54:37  ---------- 第 620 个文本框 (上一轮共 0.44s) ----------
17:54:37  原文: "无法向“自定义代码项”文件夹中添加URL。"   [取文本 0ms, 焦点 Edit '无法向“自定义代码项”文件夹中添加URL']
17:54:37  translate.py -> need=0  text="无法向“自定义代码项”文件夹中添加URL。"   [python 218ms]
17:54:37  不需要翻译 -> 直接回车
17:54:37      [回车+等下一个框 203ms]
17:54:37  ---------- 第 621 个文本框 (上一轮共 0.42s) ----------
17:54:37  原文: "无法向“自定义代码项”文件夹中添加URL。"   [取文本 16ms, 焦点 Edit '无法向“自定义代码项”文件夹中添加URL']
17:54:37  translate.py -> need=0  text="无法向“自定义代码项”文件夹中添加URL。"   [python 203ms]
17:54:37  不需要翻译 -> 直接回车
17:54:38      [回车+等下一个框 219ms]
17:54:38  ---------- 第 622 个文本框 (上一轮共 0.44s) ----------
17:54:38  原文: "无法向“自定义代码项”文件夹中添加URL。"   [取文本 0ms, 焦点 Edit '无法向“自定义代码项”文件夹中添加URL']
17:54:38  translate.py -> need=0  text="无法向“自定义代码项”文件夹中添加URL。"   [python 187ms]
17:54:38  不需要翻译 -> 直接回车
17:54:38      [回车+等下一个框 204ms]
17:54:38  ---------- 第 623 个文本框 (上一轮共 0.39s) ----------
17:54:38  原文: "无法向“自定义代码项”文件夹中添加URL。"   [取文本 0ms, 焦点 Edit '无法向“自定义代码项”文件夹中添加URL']
17:54:38  translate.py -> need=0  text="无法向“自定义代码项”文件夹中添加URL。"   [python 188ms]
17:54:38  不需要翻译 -> 直接回车
17:54:38      [回车+等下一个框 203ms]
17:54:38  ---------- 第 624 个文本框 (上一轮共 0.41s) ----------
17:54:38  原文: "无法向“自定义代码项”文件夹中添加URL。"   [取文本 0ms, 焦点 Edit '无法向“自定义代码项”文件夹中添加URL']
17:54:39  translate.py -> need=0  text="无法向“自定义代码项”文件夹中添加URL。"   [python 219ms]
17:54:39  不需要翻译 -> 直接回车
17:54:39      [回车+等下一个框 203ms]
17:54:39  ---------- 第 625 个文本框 (上一轮共 0.42s) ----------
17:54:39  原文: "无法向“自定义代码项”文件夹中添加URL。"   [取文本 0ms, 焦点 Edit '无法向“自定义代码项”文件夹中添加URL']
17:54:39  translate.py -> need=0  text="无法向“自定义代码项”文件夹中添加URL。"   [python 203ms]
17:54:39  不需要翻译 -> 直接回车
17:54:39      [回车+等下一个框 219ms]
17:54:39  ---------- 第 626 个文本框 (上一轮共 0.42s) ----------
17:54:39  原文: "无法向“自定义代码项”文件夹中添加URL。"   [取文本 0ms, 焦点 Edit '无法向“自定义代码项”文件夹中添加URL']
17:54:39  translate.py -> need=0  text="无法向“自定义代码项”文件夹中添加URL。"   [python 203ms]
17:54:39  不需要翻译 -> 直接回车
17:54:40      [回车+等下一个框 218ms]
17:54:40  ---------- 第 627 个文本框 (上一轮共 0.42s) ----------
17:54:40  原文: "无法向“自定义代码项”文件夹中添加URL。"   [取文本 0ms, 焦点 Edit '无法向“自定义代码项”文件夹中添加URL']
17:54:40  translate.py -> need=0  text="无法向“自定义代码项”文件夹中添加URL。"   [python 219ms]
17:54:40  不需要翻译 -> 直接回车
17:54:40      [回车+等下一个框 235ms]
17:54:40  ---------- 第 628 个文本框 (上一轮共 0.45s) ----------
17:54:40  原文: "无法向“自定义代码项”文件夹中添加URL。"   [取文本 0ms, 焦点 Edit '无法向“自定义代码项”文件夹中添加URL']
17:54:40  translate.py -> need=0  text="无法向“自定义代码项”文件夹中添加URL。"   [python 219ms]
17:54:40  不需要翻译 -> 直接回车
17:54:40      [回车+等下一个框 219ms]
17:54:40  ---------- 第 629 个文本框 (上一轮共 0.45s) ----------
17:54:40  原文: "无法向“自定义代码项”文件夹中添加URL。"   [取文本 0ms, 焦点 Edit '无法向“自定义代码项”文件夹中添加URL']
17:54:41  translate.py -> need=0  text="无法向“自定义代码项”文件夹中添加URL。"   [python 203ms]
17:54:41  不需要翻译 -> 直接回车
17:54:41      [回车+等下一个框 203ms]
17:54:41  ---------- 第 630 个文本框 (上一轮共 0.41s) ----------
17:54:41  原文: "无法向“自定义代码项”文件夹中添加URL。"   [取文本 0ms, 焦点 Edit '无法向“自定义代码项”文件夹中添加URL']
17:54:41  translate.py -> need=0  text="无法向“自定义代码项”文件夹中添加URL。"   [python 219ms]
17:54:41  不需要翻译 -> 直接回车
17:54:41      [回车+等下一个框 203ms]
17:54:41  ---------- 第 631 个文本框 (上一轮共 0.42s) ----------
17:54:41  原文: "无法向“自定义代码项”文件夹中添加URL。"   [取文本 0ms, 焦点 Edit '无法向“自定义代码项”文件夹中添加URL']
17:54:42  translate.py -> need=0  text="无法向“自定义代码项”文件夹中添加URL。"   [python 187ms]
17:54:42  不需要翻译 -> 直接回车
17:54:42      [回车+等下一个框 203ms]
17:54:42  ---------- 第 632 个文本框 (上一轮共 0.39s) ----------
17:54:42  原文: "无法向“自定义代码项”文件夹中添加URL。"   [取文本 0ms, 焦点 Edit '无法向“自定义代码项”文件夹中添加URL']
17:54:42  translate.py -> need=0  text="无法向“自定义代码项”文件夹中添加URL。"   [python 188ms]
17:54:42  不需要翻译 -> 直接回车
17:54:42      [回车+等下一个框 234ms]
17:54:42  ---------- 第 633 个文本框 (上一轮共 0.42s) ----------
17:54:42  原文: "无法向“自定义代码项”文件夹中添加URL。"   [取文本 0ms, 焦点 Edit '无法向“自定义代码项”文件夹中添加URL']
17:54:42  translate.py -> need=0  text="无法向“自定义代码项”文件夹中添加URL。"   [python 219ms]
17:54:42  不需要翻译 -> 直接回车
17:54:43      [回车+等下一个框 219ms]
17:54:43  ---------- 第 634 个文本框 (上一轮共 0.44s) ----------
17:54:43  原文: "无法向“自定义代码项”文件夹中添加URL。"   [取文本 0ms, 焦点 Edit '无法向“自定义代码项”文件夹中添加URL']
17:54:43  translate.py -> need=0  text="无法向“自定义代码项”文件夹中添加URL。"   [python 203ms]
17:54:43  不需要翻译 -> 直接回车
17:54:43      [回车+等下一个框 203ms]
17:54:43  ---------- 第 635 个文本框 (上一轮共 0.41s) ----------
17:54:43  原文: "无法向“自定义代码项”文件夹中添加URL。"   [取文本 0ms, 焦点 Edit '无法向“自定义代码项”文件夹中添加URL']
17:54:43  translate.py -> need=0  text="无法向“自定义代码项”文件夹中添加URL。"   [python 219ms]
17:54:43  不需要翻译 -> 直接回车
17:54:43      [回车+等下一个框 203ms]
17:54:43  ---------- 第 636 个文本框 (上一轮共 0.42s) ----------
17:54:43  原文: "无法向“自定义代码项”文件夹中添加URL。"   [取文本 0ms, 焦点 Edit '无法向“自定义代码项”文件夹中添加URL']
17:54:44  translate.py -> need=0  text="无法向“自定义代码项”文件夹中添加URL。"   [python 172ms]
17:54:44  不需要翻译 -> 直接回车
17:54:44      [回车+等下一个框 203ms]
17:54:44  ---------- 第 637 个文本框 (上一轮共 0.38s) ----------
17:54:44  原文: "无法向“自定义代码项”文件夹中添加URL。"   [取文本 0ms, 焦点 Edit '无法向“自定义代码项”文件夹中添加URL']
17:54:44  translate.py -> need=0  text="无法向“自定义代码项”文件夹中添加URL。"   [python 219ms]
17:54:44  不需要翻译 -> 直接回车
17:54:44      [回车+等下一个框 203ms]
17:54:44  ---------- 第 638 个文本框 (上一轮共 0.42s) ----------
17:54:44  原文: "无法向“自定义代码项”文件夹中添加URL。"   [取文本 0ms, 焦点 Edit '无法向“自定义代码项”文件夹中添加URL']
17:54:44  translate.py -> need=0  text="无法向“自定义代码项”文件夹中添加URL。"   [python 203ms]
17:54:44  不需要翻译 -> 直接回车
17:54:45      [回车+等下一个框 203ms]
17:54:45  ---------- 第 639 个文本框 (上一轮共 0.41s) ----------
17:54:45  原文: "无法向“自定义代码项”文件夹中添加URL。"   [取文本 0ms, 焦点 Edit '无法向“自定义代码项”文件夹中添加URL']
17:54:45  translate.py -> need=0  text="无法向“自定义代码项”文件夹中添加URL。"   [python 219ms]
17:54:45  不需要翻译 -> 直接回车
17:54:45      [回车+等下一个框 203ms]
17:54:45  ---------- 第 640 个文本框 (上一轮共 0.44s) ----------
17:54:45  原文: "无法向“自定义代码项”文件夹中添加URL。"   [取文本 0ms, 焦点 Edit '无法向“自定义代码项”文件夹中添加URL']
17:54:45  translate.py -> need=0  text="无法向“自定义代码项”文件夹中添加URL。"   [python 187ms]
17:54:45  不需要翻译 -> 直接回车
17:54:45      [回车+等下一个框 203ms]
17:54:45  ---------- 第 641 个文本框 (上一轮共 0.39s) ----------
17:54:45  原文: "无法向“自定义代码项”文件夹中添加URL。"   [取文本 0ms, 焦点 Edit '无法向“自定义代码项”文件夹中添加URL']
17:54:46  translate.py -> need=0  text="无法向“自定义代码项”文件夹中添加URL。"   [python 219ms]
17:54:46  不需要翻译 -> 直接回车
17:54:46      [回车+等下一个框 203ms]
17:54:46  ---------- 第 642 个文本框 (上一轮共 0.42s) ----------
17:54:46  原文: "无法向“自定义代码项”文件夹中添加URL。"   [取文本 0ms, 焦点 Edit '无法向“自定义代码项”文件夹中添加URL']
17:54:46  translate.py -> need=0  text="无法向“自定义代码项”文件夹中添加URL。"   [python 203ms]
17:54:46  不需要翻译 -> 直接回车
17:54:46      [回车+等下一个框 219ms]
17:54:46  ---------- 第 643 个文本框 (上一轮共 0.42s) ----------
17:54:46  原文: "无法向“自定义代码项”文件夹中添加URL。"   [取文本 0ms, 焦点 Edit '无法向“自定义代码项”文件夹中添加URL']
17:54:46  translate.py -> need=0  text="无法向“自定义代码项”文件夹中添加URL。"   [python 219ms]
17:54:46  不需要翻译 -> 直接回车
17:54:47      [回车+等下一个框 218ms]
17:54:47  ---------- 第 644 个文本框 (上一轮共 0.45s) ----------
17:54:47  原文: "无法向“自定义代码项”文件夹中添加URL。"   [取文本 0ms, 焦点 Edit '无法向“自定义代码项”文件夹中添加URL']
17:54:47  translate.py -> need=0  text="无法向“自定义代码项”文件夹中添加URL。"   [python 203ms]
17:54:47  不需要翻译 -> 直接回车
17:54:47      [回车+等下一个框 219ms]
17:54:47  ---------- 第 645 个文本框 (上一轮共 0.42s) ----------
17:54:47  原文: "无法向“自定义代码项”文件夹中添加URL。"   [取文本 0ms, 焦点 Edit '无法向“自定义代码项”文件夹中添加URL']
17:54:47  translate.py -> need=0  text="无法向“自定义代码项”文件夹中添加URL。"   [python 203ms]
17:54:47  不需要翻译 -> 直接回车
17:54:48      [回车+等下一个框 219ms]
17:54:48  ---------- 第 646 个文本框 (上一轮共 0.42s) ----------
17:54:48  原文: "无法向“自定义代码项”文件夹中添加URL。"   [取文本 0ms, 焦点 Edit '无法向“自定义代码项”文件夹中添加URL']
17:54:48  translate.py -> need=0  text="无法向“自定义代码项”文件夹中添加URL。"   [python 203ms]
17:54:48  不需要翻译 -> 直接回车
17:54:48      [回车+等下一个框 203ms]
17:54:48  ---------- 第 647 个文本框 (上一轮共 0.41s) ----------
17:54:48  原文: "无法向“自定义代码项”文件夹中添加URL。"   [取文本 0ms, 焦点 Edit '无法向“自定义代码项”文件夹中添加URL']
17:54:48  translate.py -> need=0  text="无法向“自定义代码项”文件夹中添加URL。"   [python 188ms]
17:54:48  不需要翻译 -> 直接回车
17:54:48      [回车+等下一个框 218ms]
17:54:48  ---------- 第 648 个文本框 (上一轮共 0.41s) ----------
17:54:48  原文: "无法向“自定义代码项”文件夹中添加URL。"   [取文本 0ms, 焦点 Edit '无法向“自定义代码项”文件夹中添加URL']
17:54:49  translate.py -> need=0  text="无法向“自定义代码项”文件夹中添加URL。"   [python 188ms]
17:54:49  不需要翻译 -> 直接回车
17:54:49      [回车+等下一个框 203ms]
17:54:49  ---------- 第 649 个文本框 (上一轮共 0.39s) ----------
17:54:49  原文: "无法向“自定义代码项”文件夹中添加URL。"   [取文本 0ms, 焦点 Edit '无法向“自定义代码项”文件夹中添加URL']
17:54:49  translate.py -> need=0  text="无法向“自定义代码项”文件夹中添加URL。"   [python 234ms]
17:54:49  不需要翻译 -> 直接回车
17:54:49      [回车+等下一个框 219ms]
17:54:49  ---------- 第 650 个文本框 (上一轮共 0.45s) ----------
17:54:49  原文: "无法向“自定义代码项”文件夹中添加URL。"   [取文本 0ms, 焦点 Edit '无法向“自定义代码项”文件夹中添加URL']
17:54:49  translate.py -> need=0  text="无法向“自定义代码项”文件夹中添加URL。"   [python 218ms]
17:54:49  不需要翻译 -> 直接回车
17:54:50      [回车+等下一个框 204ms]
17:54:50  ---------- 第 651 个文本框 (上一轮共 0.42s) ----------
17:54:50  原文: "无法向“自定义代码项”文件夹中添加URL。"   [取文本 0ms, 焦点 Edit '无法向“自定义代码项”文件夹中添加URL']
17:54:50  translate.py -> need=0  text="无法向“自定义代码项”文件夹中添加URL。"   [python 187ms]
17:54:50  不需要翻译 -> 直接回车
17:54:50      [回车+等下一个框 219ms]
17:54:50  ---------- 第 652 个文本框 (上一轮共 0.41s) ----------
17:54:50  原文: "无法向“自定义代码项”文件夹中添加URL。"   [取文本 0ms, 焦点 Edit '无法向“自定义代码项”文件夹中添加URL']
17:54:50  translate.py -> need=0  text="无法向“自定义代码项”文件夹中添加URL。"   [python 187ms]
17:54:50  不需要翻译 -> 直接回车
17:54:50      [回车+等下一个框 203ms]
17:54:50  ---------- 第 653 个文本框 (上一轮共 0.39s) ----------
17:54:50  原文: "无法向“自定义代码项”文件夹中添加URL。"   [取文本 0ms, 焦点 Edit '无法向“自定义代码项”文件夹中添加URL']
17:54:51  translate.py -> need=0  text="无法向“自定义代码项”文件夹中添加URL。"   [python 188ms]
17:54:51  不需要翻译 -> 直接回车
17:54:51      [回车+等下一个框 218ms]
17:54:51  ---------- 第 654 个文本框 (上一轮共 0.42s) ----------
17:54:51  原文: "无法向“自定义代码项”文件夹中添加URL。"   [取文本 0ms, 焦点 Edit '无法向“自定义代码项”文件夹中添加URL']
17:54:51  translate.py -> need=0  text="无法向“自定义代码项”文件夹中添加URL。"   [python 219ms]
17:54:51  不需要翻译 -> 直接回车
17:54:51      [回车+等下一个框 234ms]
17:54:51  ---------- 第 655 个文本框 (上一轮共 0.45s) ----------
17:54:51  原文: "无法向“自定义代码项”文件夹中添加URL。"   [取文本 0ms, 焦点 Edit '无法向“自定义代码项”文件夹中添加URL']
17:54:52  translate.py -> need=0  text="无法向“自定义代码项”文件夹中添加URL。"   [python 188ms]
17:54:52  不需要翻译 -> 直接回车
17:54:52      [回车+等下一个框 203ms]
17:54:52  ---------- 第 656 个文本框 (上一轮共 0.41s) ----------
17:54:52  原文: "无法向“自定义代码项”文件夹中添加URL。"   [取文本 0ms, 焦点 Edit '无法向“自定义代码项”文件夹中添加URL']
17:54:52  translate.py -> need=0  text="无法向“自定义代码项”文件夹中添加URL。"   [python 203ms]
17:54:52  不需要翻译 -> 直接回车
17:54:52      [回车+等下一个框 203ms]
17:54:52  ---------- 第 657 个文本框 (上一轮共 0.41s) ----------
17:54:52  原文: "无法向“自定义代码项”文件夹中添加URL。"   [取文本 0ms, 焦点 Edit '无法向“自定义代码项”文件夹中添加URL']
17:54:52  translate.py -> need=0  text="无法向“自定义代码项”文件夹中添加URL。"   [python 219ms]
17:54:52  不需要翻译 -> 直接回车
17:54:53      [回车+等下一个框 203ms]
17:54:53  ---------- 第 658 个文本框 (上一轮共 0.42s) ----------
17:54:53  原文: "无法向“自定义代码项”文件夹中添加URL。"   [取文本 0ms, 焦点 Edit '无法向“自定义代码项”文件夹中添加URL']
17:54:53  translate.py -> need=0  text="无法向“自定义代码项”文件夹中添加URL。"   [python 187ms]
17:54:53  不需要翻译 -> 直接回车
17:54:53      [回车+等下一个框 203ms]
17:54:53  ---------- 第 659 个文本框 (上一轮共 0.39s) ----------
17:54:53  原文: "无法向“自定义代码项”文件夹中添加URL。"   [取文本 0ms, 焦点 Edit '无法向“自定义代码项”文件夹中添加URL']
17:54:53  translate.py -> need=0  text="无法向“自定义代码项”文件夹中添加URL。"   [python 172ms]
17:54:53  不需要翻译 -> 直接回车
17:54:53      [回车+等下一个框 203ms]
17:54:53  ---------- 第 660 个文本框 (上一轮共 0.38s) ----------
17:54:53  原文: "无法向“自定义代码项”文件夹中添加URL。"   [取文本 0ms, 焦点 Edit '无法向“自定义代码项”文件夹中添加URL']
17:54:54  translate.py -> need=0  text="无法向“自定义代码项”文件夹中添加URL。"   [python 219ms]
17:54:54  不需要翻译 -> 直接回车
17:54:54      [回车+等下一个框 203ms]
17:54:54  ---------- 第 661 个文本框 (上一轮共 0.42s) ----------
17:54:54  原文: "无法向“自定义代码项”文件夹中添加URL。"   [取文本 0ms, 焦点 Edit '无法向“自定义代码项”文件夹中添加URL']
17:54:54  translate.py -> need=0  text="无法向“自定义代码项”文件夹中添加URL。"   [python 188ms]
17:54:54  不需要翻译 -> 直接回车
17:54:54      [回车+等下一个框 219ms]
17:54:54  ---------- 第 662 个文本框 (上一轮共 0.41s) ----------
17:54:54  原文: "无法向“自定义代码项”文件夹中添加URL。"   [取文本 0ms, 焦点 Edit '无法向“自定义代码项”文件夹中添加URL']
17:54:54  translate.py -> need=0  text="无法向“自定义代码项”文件夹中添加URL。"   [python 218ms]
17:54:54  不需要翻译 -> 直接回车
17:54:55      [回车+等下一个框 219ms]
17:54:55  ---------- 第 663 个文本框 (上一轮共 0.44s) ----------
17:54:55  原文: "无法向“自定义代码项”文件夹中添加URL。"   [取文本 0ms, 焦点 Edit '无法向“自定义代码项”文件夹中添加URL']
17:54:55  translate.py -> need=0  text="无法向“自定义代码项”文件夹中添加URL。"   [python 219ms]
17:54:55  不需要翻译 -> 直接回车
17:54:55      [回车+等下一个框 234ms]
17:54:55  ---------- 第 664 个文本框 (上一轮共 0.45s) ----------
17:54:55  原文: "无法向“自定义代码项”文件夹中添加URL。"   [取文本 0ms, 焦点 Edit '无法向“自定义代码项”文件夹中添加URL']
17:54:55  translate.py -> need=0  text="无法向“自定义代码项”文件夹中添加URL。"   [python 219ms]
17:54:55  不需要翻译 -> 直接回车
17:54:55      [回车+等下一个框 219ms]
17:54:55  ---------- 第 665 个文本框 (上一轮共 0.44s) ----------
17:54:55  原文: "无法向“自定义代码项”文件夹中添加URL。"   [取文本 0ms, 焦点 Edit '无法向“自定义代码项”文件夹中添加URL']
17:54:56  translate.py -> need=0  text="无法向“自定义代码项”文件夹中添加URL。"   [python 250ms]
17:54:56  不需要翻译 -> 直接回车
17:54:56      [回车+等下一个框 203ms]
17:54:56  ---------- 第 666 个文本框 (上一轮共 0.47s) ----------
17:54:56  原文: "无法向“自定义代码项”文件夹中添加URL。"   [取文本 0ms, 焦点 Edit '无法向“自定义代码项”文件夹中添加URL']
17:54:56  translate.py -> need=0  text="无法向“自定义代码项”文件夹中添加URL。"   [python 204ms]
17:54:56  不需要翻译 -> 直接回车
17:54:56      [回车+等下一个框 218ms]
17:54:56  ---------- 第 667 个文本框 (上一轮共 0.42s) ----------
17:54:56  原文: "无法向“自定义代码项”文件夹中添加URL。"   [取文本 0ms, 焦点 Edit '无法向“自定义代码项”文件夹中添加URL']
17:54:57  translate.py -> need=0  text="无法向“自定义代码项”文件夹中添加URL。"   [python 203ms]
17:54:57  不需要翻译 -> 直接回车
17:54:57      [回车+等下一个框 235ms]
17:54:57  ---------- 第 668 个文本框 (上一轮共 0.45s) ----------
17:54:57  原文: "无法向“自定义代码项”文件夹中添加URL。"   [取文本 0ms, 焦点 Edit '无法向“自定义代码项”文件夹中添加URL']
17:54:57  translate.py -> need=0  text="无法向“自定义代码项”文件夹中添加URL。"   [python 204ms]
17:54:57  不需要翻译 -> 直接回车
17:54:57      [回车+等下一个框 218ms]
17:54:57  ---------- 第 669 个文本框 (上一轮共 0.44s) ----------
17:54:57  原文: "无法向“自定义代码项”文件夹中添加URL。"   [取文本 0ms, 焦点 Edit '无法向“自定义代码项”文件夹中添加URL']
17:54:57  translate.py -> need=0  text="无法向“自定义代码项”文件夹中添加URL。"   [python 203ms]
17:54:57  不需要翻译 -> 直接回车
17:54:58      [回车+等下一个框 203ms]
17:54:58  ---------- 第 670 个文本框 (上一轮共 0.41s) ----------
17:54:58  原文: "无法向“自定义代码项”文件夹中添加URL。"   [取文本 16ms, 焦点 Edit '无法向“自定义代码项”文件夹中添加URL']
17:54:58  translate.py -> need=0  text="无法向“自定义代码项”文件夹中添加URL。"   [python 250ms]
17:54:58  不需要翻译 -> 直接回车
17:54:58      [回车+等下一个框 203ms]
17:54:58  ---------- 第 671 个文本框 (上一轮共 0.47s) ----------
17:54:58  原文: "无法向“自定义代码项”文件夹中添加URL。"   [取文本 0ms, 焦点 Edit '无法向“自定义代码项”文件夹中添加URL']
17:54:58  translate.py -> need=0  text="无法向“自定义代码项”文件夹中添加URL。"   [python 203ms]
17:54:58  不需要翻译 -> 直接回车
17:54:59      [回车+等下一个框 203ms]
17:54:59  ---------- 第 672 个文本框 (上一轮共 0.41s) ----------
17:54:59  原文: "无法向“自定义代码项”文件夹中添加URL。"   [取文本 0ms, 焦点 Edit '无法向“自定义代码项”文件夹中添加URL']
17:54:59  translate.py -> need=0  text="无法向“自定义代码项”文件夹中添加URL。"   [python 219ms]
17:54:59  不需要翻译 -> 直接回车
17:54:59      [回车+等下一个框 219ms]
17:54:59  ---------- 第 673 个文本框 (上一轮共 0.44s) ----------
17:54:59  原文: "无法向“自定义代码项”文件夹中添加URL。"   [取文本 0ms, 焦点 Edit '无法向“自定义代码项”文件夹中添加URL']
17:54:59  translate.py -> need=0  text="无法向“自定义代码项”文件夹中添加URL。"   [python 188ms]
17:54:59  不需要翻译 -> 直接回车
17:54:59      [回车+等下一个框 204ms]
17:54:59  ---------- 第 674 个文本框 (上一轮共 0.42s) ----------
17:54:59  原文: "无法向“自定义代码项”文件夹中添加URL。"   [取文本 0ms, 焦点 Edit '无法向“自定义代码项”文件夹中添加URL']
17:55:00  translate.py -> need=0  text="无法向“自定义代码项”文件夹中添加URL。"   [python 203ms]
17:55:00  不需要翻译 -> 直接回车
17:55:00      [回车+等下一个框 203ms]
17:55:00  ---------- 第 675 个文本框 (上一轮共 0.44s) ----------
17:55:00  原文: "无法向“自定义代码项”文件夹中添加URL。"   [取文本 0ms, 焦点 Edit '无法向“自定义代码项”文件夹中添加URL']
17:55:00  translate.py -> need=0  text="无法向“自定义代码项”文件夹中添加URL。"   [python 203ms]
17:55:00  不需要翻译 -> 直接回车
17:55:00      [回车+等下一个框 250ms]
17:55:00  ---------- 第 676 个文本框 (上一轮共 0.45s) ----------
17:55:00  原文: "无法向“自定义代码项”文件夹中添加URL。"   [取文本 0ms, 焦点 Edit '无法向“自定义代码项”文件夹中添加URL']
17:55:01  translate.py -> need=0  text="无法向“自定义代码项”文件夹中添加URL。"   [python 203ms]
17:55:01  不需要翻译 -> 直接回车
17:55:01      [回车+等下一个框 203ms]
17:55:01  ---------- 第 677 个文本框 (上一轮共 0.42s) ----------
17:55:01  原文: "无法向“自定义代码项”文件夹中添加URL。"   [取文本 0ms, 焦点 Edit '无法向“自定义代码项”文件夹中添加URL']
17:55:01  translate.py -> need=0  text="无法向“自定义代码项”文件夹中添加URL。"   [python 203ms]
17:55:01  不需要翻译 -> 直接回车
17:55:01      [回车+等下一个框 203ms]
17:55:01  ---------- 第 678 个文本框 (上一轮共 0.41s) ----------
17:55:01  原文: "无法向“自定义代码项”文件夹中添加URL。"   [取文本 0ms, 焦点 Edit '无法向“自定义代码项”文件夹中添加URL']
17:55:01  translate.py -> need=0  text="无法向“自定义代码项”文件夹中添加URL。"   [python 172ms]
17:55:01  不需要翻译 -> 直接回车
17:55:02      [回车+等下一个框 235ms]
17:55:02  ---------- 第 679 个文本框 (上一轮共 0.41s) ----------
17:55:02  原文: "无法向“自定义代码项”文件夹中添加URL。"   [取文本 0ms, 焦点 Edit '无法向“自定义代码项”文件夹中添加URL']
17:55:02  translate.py -> need=0  text="无法向“自定义代码项”文件夹中添加URL。"   [python 203ms]
17:55:02  不需要翻译 -> 直接回车
17:55:02      [回车+等下一个框 203ms]
17:55:02  ---------- 第 680 个文本框 (上一轮共 0.41s) ----------
17:55:02  原文: "无法向“自定义代码项”文件夹中添加URL。"   [取文本 0ms, 焦点 Edit '无法向“自定义代码项”文件夹中添加URL']
17:55:02  translate.py -> need=0  text="无法向“自定义代码项”文件夹中添加URL。"   [python 219ms]
17:55:02  不需要翻译 -> 直接回车
17:55:02      [回车+等下一个框 203ms]
17:55:02  ---------- 第 681 个文本框 (上一轮共 0.42s) ----------
17:55:02  原文: "无法向“自定义代码项”文件夹中添加URL。"   [取文本 0ms, 焦点 Edit '无法向“自定义代码项”文件夹中添加URL']
17:55:03  translate.py -> need=0  text="无法向“自定义代码项”文件夹中添加URL。"   [python 156ms]
17:55:03  不需要翻译 -> 直接回车
17:55:03      [回车+等下一个框 203ms]
17:55:03  ---------- 第 682 个文本框 (上一轮共 0.38s) ----------
17:55:03  原文: "无法向“自定义代码项”文件夹中添加URL。"   [取文本 0ms, 焦点 Edit '无法向“自定义代码项”文件夹中添加URL']
17:55:03  translate.py -> need=0  text="无法向“自定义代码项”文件夹中添加URL。"   [python 219ms]
17:55:03  不需要翻译 -> 直接回车
17:55:03      [回车+等下一个框 234ms]
17:55:03  ---------- 第 683 个文本框 (上一轮共 0.47s) ----------
17:55:03  原文: "无法向“自定义代码项”文件夹中添加URL。"   [取文本 0ms, 焦点 Edit '无法向“自定义代码项”文件夹中添加URL']
17:55:03  translate.py -> need=0  text="无法向“自定义代码项”文件夹中添加URL。"   [python 188ms]
17:55:03  不需要翻译 -> 直接回车
17:55:04      [回车+等下一个框 203ms]
17:55:04  ---------- 第 684 个文本框 (上一轮共 0.39s) ----------
17:55:04  原文: "无法向“自定义代码项”文件夹中添加URL。"   [取文本 0ms, 焦点 Edit '无法向“自定义代码项”文件夹中添加URL']
17:55:04  translate.py -> need=0  text="无法向“自定义代码项”文件夹中添加URL。"   [python 188ms]
17:55:04  不需要翻译 -> 直接回车
17:55:04      [回车+等下一个框 235ms]
17:55:04  ---------- 第 685 个文本框 (上一轮共 0.44s) ----------
17:55:04  原文: "无法向“自定义代码项”文件夹中添加URL。"   [取文本 0ms, 焦点 Edit '无法向“自定义代码项”文件夹中添加URL']
17:55:04  translate.py -> need=0  text="无法向“自定义代码项”文件夹中添加URL。"   [python 203ms]
17:55:04  不需要翻译 -> 直接回车
17:55:04      [回车+等下一个框 203ms]
17:55:04  ---------- 第 686 个文本框 (上一轮共 0.41s) ----------
17:55:04  原文: "无法向“自定义代码项”文件夹中添加URL。"   [取文本 0ms, 焦点 Edit '无法向“自定义代码项”文件夹中添加URL']
17:55:05  translate.py -> need=0  text="无法向“自定义代码项”文件夹中添加URL。"   [python 188ms]
17:55:05  不需要翻译 -> 直接回车
17:55:05      [回车+等下一个框 203ms]
17:55:05  ---------- 第 687 个文本框 (上一轮共 0.39s) ----------
17:55:05  原文: "无法向“自定义代码项”文件夹中添加URL。"   [取文本 0ms, 焦点 Edit '无法向“自定义代码项”文件夹中添加URL']
17:55:05  translate.py -> need=0  text="无法向“自定义代码项”文件夹中添加URL。"   [python 219ms]
17:55:05  不需要翻译 -> 直接回车
17:55:05      [回车+等下一个框 219ms]
17:55:05  ---------- 第 688 个文本框 (上一轮共 0.45s) ----------
17:55:05  原文: "无法向“自定义代码项”文件夹中添加URL。"   [取文本 0ms, 焦点 Edit '无法向“自定义代码项”文件夹中添加URL']
17:55:06  translate.py -> need=0  text="无法向“自定义代码项”文件夹中添加URL。"   [python 203ms]
17:55:06  不需要翻译 -> 直接回车
17:55:06      [回车+等下一个框 219ms]
17:55:06  ---------- 第 689 个文本框 (上一轮共 0.42s) ----------
17:55:06  原文: "无法向“自定义代码项”文件夹中添加URL。"   [取文本 0ms, 焦点 Edit '无法向“自定义代码项”文件夹中添加URL']
17:55:06  translate.py -> need=0  text="无法向“自定义代码项”文件夹中添加URL。"   [python 219ms]
17:55:06  不需要翻译 -> 直接回车
17:55:06      [回车+等下一个框 219ms]
17:55:06  ---------- 第 690 个文本框 (上一轮共 0.44s) ----------
17:55:06  原文: "无法向“自定义代码项”文件夹中添加URL。"   [取文本 0ms, 焦点 Edit '无法向“自定义代码项”文件夹中添加URL']
17:55:06  translate.py -> need=0  text="无法向“自定义代码项”文件夹中添加URL。"   [python 203ms]
17:55:06  不需要翻译 -> 直接回车
17:55:07      [回车+等下一个框 203ms]
17:55:07  ---------- 第 691 个文本框 (上一轮共 0.41s) ----------
17:55:07  原文: "无法向“自定义代码项”文件夹中添加URL。"   [取文本 0ms, 焦点 Edit '无法向“自定义代码项”文件夹中添加URL']
17:55:07  translate.py -> need=0  text="无法向“自定义代码项”文件夹中添加URL。"   [python 187ms]
17:55:07  不需要翻译 -> 直接回车
17:55:07      [回车+等下一个框 203ms]
17:55:07  ---------- 第 692 个文本框 (上一轮共 0.41s) ----------
17:55:07  原文: "无法向“自定义代码项”文件夹中添加URL。"   [取文本 0ms, 焦点 Edit '无法向“自定义代码项”文件夹中添加URL']
17:55:07  translate.py -> need=0  text="无法向“自定义代码项”文件夹中添加URL。"   [python 203ms]
17:55:07  不需要翻译 -> 直接回车
17:55:07      [回车+等下一个框 235ms]
17:55:07  ---------- 第 693 个文本框 (上一轮共 0.44s) ----------
17:55:07  原文: "无法向“自定义代码项”文件夹中添加URL。"   [取文本 0ms, 焦点 Edit '无法向“自定义代码项”文件夹中添加URL']
17:55:08  translate.py -> need=0  text="无法向“自定义代码项”文件夹中添加URL。"   [python 203ms]
17:55:08  不需要翻译 -> 直接回车
17:55:08      [回车+等下一个框 203ms]
17:55:08  ---------- 第 694 个文本框 (上一轮共 0.42s) ----------
17:55:08  原文: "无法向“自定义代码项”文件夹中添加URL。"   [取文本 0ms, 焦点 Edit '无法向“自定义代码项”文件夹中添加URL']
17:55:08  translate.py -> need=0  text="无法向“自定义代码项”文件夹中添加URL。"   [python 188ms]
17:55:08  不需要翻译 -> 直接回车
17:55:08      [回车+等下一个框 203ms]
17:55:08  ---------- 第 695 个文本框 (上一轮共 0.39s) ----------
17:55:08  原文: "无法向“自定义代码项”文件夹中添加URL。"   [取文本 0ms, 焦点 Edit '无法向“自定义代码项”文件夹中添加URL']
17:55:08  translate.py -> need=0  text="无法向“自定义代码项”文件夹中添加URL。"   [python 219ms]
17:55:08  不需要翻译 -> 直接回车
17:55:09      [回车+等下一个框 203ms]
17:55:09  ---------- 第 696 个文本框 (上一轮共 0.42s) ----------
17:55:09  原文: "无法向“自定义代码项”文件夹中添加URL。"   [取文本 0ms, 焦点 Edit '无法向“自定义代码项”文件夹中添加URL']
17:55:09  translate.py -> need=0  text="无法向“自定义代码项”文件夹中添加URL。"   [python 187ms]
17:55:09  不需要翻译 -> 直接回车
17:55:09      [回车+等下一个框 204ms]
17:55:09  ---------- 第 697 个文本框 (上一轮共 0.41s) ----------
17:55:09  原文: "无法向“自定义代码项”文件夹中添加URL。"   [取文本 0ms, 焦点 Edit '无法向“自定义代码项”文件夹中添加URL']
17:55:09  translate.py -> need=0  text="无法向“自定义代码项”文件夹中添加URL。"   [python 203ms]
17:55:09  不需要翻译 -> 直接回车
17:55:09      [回车+等下一个框 203ms]
17:55:09  ---------- 第 698 个文本框 (上一轮共 0.41s) ----------
17:55:09  原文: "无法向“自定义代码项”文件夹中添加URL。"   [取文本 0ms, 焦点 Edit '无法向“自定义代码项”文件夹中添加URL']
17:55:10  translate.py -> need=0  text="无法向“自定义代码项”文件夹中添加URL。"   [python 235ms]
17:55:10  不需要翻译 -> 直接回车
17:55:10      [回车+等下一个框 203ms]
17:55:10  ---------- 第 699 个文本框 (上一轮共 0.44s) ----------
17:55:10  原文: "无法向“自定义代码项”文件夹中添加URL。"   [取文本 0ms, 焦点 Edit '无法向“自定义代码项”文件夹中添加URL']
17:55:10  translate.py -> need=0  text="无法向“自定义代码项”文件夹中添加URL。"   [python 203ms]
17:55:10  不需要翻译 -> 直接回车
17:55:10      [回车+等下一个框 203ms]
17:55:10  ---------- 第 700 个文本框 (上一轮共 0.42s) ----------
17:55:10  原文: "无法向“自定义代码项”文件夹中添加URL。"   [取文本 0ms, 焦点 Edit '无法向“自定义代码项”文件夹中添加URL']
17:55:10  translate.py -> need=0  text="无法向“自定义代码项”文件夹中添加URL。"   [python 172ms]
17:55:10  不需要翻译 -> 直接回车
17:55:11      [回车+等下一个框 203ms]
17:55:11  ---------- 第 701 个文本框 (上一轮共 0.38s) ----------
17:55:11  原文: "无法向“自定义代码项”文件夹中添加URL。"   [取文本 0ms, 焦点 Edit '无法向“自定义代码项”文件夹中添加URL']
17:55:11  translate.py -> need=0  text="无法向“自定义代码项”文件夹中添加URL。"   [python 219ms]
17:55:11  不需要翻译 -> 直接回车
17:55:11      [回车+等下一个框 250ms]
17:55:11  ---------- 第 702 个文本框 (上一轮共 0.47s) ----------
17:55:11  原文: "无法向“自定义代码项”文件夹中添加URL。"   [取文本 0ms, 焦点 Edit '无法向“自定义代码项”文件夹中添加URL']
17:55:11  translate.py -> need=0  text="无法向“自定义代码项”文件夹中添加URL。"   [python 203ms]
17:55:11  不需要翻译 -> 直接回车
17:55:12      [回车+等下一个框 218ms]
17:55:12  ---------- 第 703 个文本框 (上一轮共 0.44s) ----------
17:55:12  原文: "无法向“自定义代码项”文件夹中添加URL。"   [取文本 0ms, 焦点 Edit '无法向“自定义代码项”文件夹中添加URL']
17:55:12  translate.py -> need=0  text="无法向“自定义代码项”文件夹中添加URL。"   [python 172ms]
17:55:12  不需要翻译 -> 直接回车
17:55:12      [回车+等下一个框 219ms]
17:55:12  ---------- 第 704 个文本框 (上一轮共 0.39s) ----------
17:55:12  原文: "无法向“自定义代码项”文件夹中添加URL。"   [取文本 0ms, 焦点 Edit '无法向“自定义代码项”文件夹中添加URL']
17:55:12  translate.py -> need=0  text="无法向“自定义代码项”文件夹中添加URL。"   [python 234ms]
17:55:12  不需要翻译 -> 直接回车
17:55:12      [回车+等下一个框 219ms]
17:55:12  ---------- 第 705 个文本框 (上一轮共 0.45s) ----------
17:55:12  原文: "无法向“自定义代码项”文件夹中添加URL。"   [取文本 0ms, 焦点 Edit '无法向“自定义代码项”文件夹中添加URL']
17:55:13  translate.py -> need=0  text="无法向“自定义代码项”文件夹中添加URL。"   [python 187ms]
17:55:13  不需要翻译 -> 直接回车
17:55:13      [回车+等下一个框 235ms]
17:55:13  ---------- 第 706 个文本框 (上一轮共 0.42s) ----------
17:55:13  原文: "无法向“自定义代码项”文件夹中添加URL。"   [取文本 0ms, 焦点 Edit '无法向“自定义代码项”文件夹中添加URL']
17:55:13  translate.py -> need=0  text="无法向“自定义代码项”文件夹中添加URL。"   [python 187ms]
17:55:13  不需要翻译 -> 直接回车
17:55:13      [回车+等下一个框 203ms]
17:55:13  ---------- 第 707 个文本框 (上一轮共 0.41s) ----------
17:55:13  原文: "无法向“自定义代码项”文件夹中添加URL。"   [取文本 0ms, 焦点 Edit '无法向“自定义代码项”文件夹中添加URL']
17:55:13  translate.py -> need=0  text="无法向“自定义代码项”文件夹中添加URL。"   [python 187ms]
17:55:13  不需要翻译 -> 直接回车
17:55:14      [回车+等下一个框 204ms]
17:55:14  ---------- 第 708 个文本框 (上一轮共 0.39s) ----------
17:55:14  原文: "无法向“自定义代码项”文件夹中添加URL。"   [取文本 0ms, 焦点 Edit '无法向“自定义代码项”文件夹中添加URL']
17:55:14  translate.py -> need=0  text="无法向“自定义代码项”文件夹中添加URL。"   [python 203ms]
17:55:14  不需要翻译 -> 直接回车
17:55:14      [回车+等下一个框 203ms]
17:55:14  ---------- 第 709 个文本框 (上一轮共 0.41s) ----------
17:55:14  原文: "无法向“自定义代码项”文件夹中添加URL。"   [取文本 0ms, 焦点 Edit '无法向“自定义代码项”文件夹中添加URL']
17:55:14  translate.py -> need=0  text="无法向“自定义代码项”文件夹中添加URL。"   [python 219ms]
17:55:14  不需要翻译 -> 直接回车
17:55:15      [回车+等下一个框 218ms]
17:55:15  ---------- 第 710 个文本框 (上一轮共 0.44s) ----------
17:55:15  原文: "无法向“自定义代码项”文件夹中添加URL。"   [取文本 0ms, 焦点 Edit '无法向“自定义代码项”文件夹中添加URL']
17:55:15  translate.py -> need=0  text="无法向“自定义代码项”文件夹中添加URL。"   [python 203ms]
17:55:15  不需要翻译 -> 直接回车
17:55:15      [回车+等下一个框 219ms]
17:55:15  ---------- 第 711 个文本框 (上一轮共 0.44s) ----------
17:55:15  原文: "无法向“自定义代码项”文件夹中添加URL。"   [取文本 0ms, 焦点 Edit '无法向“自定义代码项”文件夹中添加URL']
17:55:15  translate.py -> need=0  text="无法向“自定义代码项”文件夹中添加URL。"   [python 203ms]
17:55:15  不需要翻译 -> 直接回车
17:55:15      [回车+等下一个框 203ms]
17:55:15  ---------- 第 712 个文本框 (上一轮共 0.42s) ----------
17:55:15  原文: "无法向“自定义代码项”文件夹中添加URL。"   [取文本 0ms, 焦点 Edit '无法向“自定义代码项”文件夹中添加URL']
17:55:16  translate.py -> need=0  text="无法向“自定义代码项”文件夹中添加URL。"   [python 218ms]
17:55:16  不需要翻译 -> 直接回车
17:55:16      [回车+等下一个框 204ms]
17:55:16  ---------- 第 713 个文本框 (上一轮共 0.42s) ----------
17:55:16  原文: "无法向“自定义代码项”文件夹中添加URL。"   [取文本 0ms, 焦点 Edit '无法向“自定义代码项”文件夹中添加URL']
17:55:16  translate.py -> need=0  text="无法向“自定义代码项”文件夹中添加URL。"   [python 234ms]
17:55:16  不需要翻译 -> 直接回车
17:55:16      [回车+等下一个框 203ms]
17:55:16  ---------- 第 714 个文本框 (上一轮共 0.44s) ----------
17:55:16  原文: "无法向“自定义代码项”文件夹中添加URL。"   [取文本 0ms, 焦点 Edit '无法向“自定义代码项”文件夹中添加URL']
17:55:16  translate.py -> need=0  text="无法向“自定义代码项”文件夹中添加URL。"   [python 188ms]
17:55:16  不需要翻译 -> 直接回车
17:55:17      [回车+等下一个框 218ms]
17:55:17  ---------- 第 715 个文本框 (上一轮共 0.41s) ----------
17:55:17  原文: "无法向“自定义代码项”文件夹中添加URL。"   [取文本 0ms, 焦点 Edit '无法向“自定义代码项”文件夹中添加URL']
17:55:17  translate.py -> need=0  text="无法向“自定义代码项”文件夹中添加URL。"   [python 203ms]
17:55:17  不需要翻译 -> 直接回车
17:55:17      [回车+等下一个框 204ms]
17:55:17  ---------- 第 716 个文本框 (上一轮共 0.41s) ----------
17:55:17  原文: "无法向“自定义代码项”文件夹中添加URL。"   [取文本 0ms, 焦点 Edit '无法向“自定义代码项”文件夹中添加URL']
17:55:17  translate.py -> need=0  text="无法向“自定义代码项”文件夹中添加URL。"   [python 218ms]
17:55:17  不需要翻译 -> 直接回车
17:55:17      [回车+等下一个框 219ms]
17:55:17  ---------- 第 717 个文本框 (上一轮共 0.45s) ----------
17:55:17  原文: "无法向“自定义代码项”文件夹中添加URL。"   [取文本 0ms, 焦点 Edit '无法向“自定义代码项”文件夹中添加URL']
17:55:18  translate.py -> need=0  text="无法向“自定义代码项”文件夹中添加URL。"   [python 203ms]
17:55:18  不需要翻译 -> 直接回车
17:55:18      [回车+等下一个框 203ms]
17:55:18  ---------- 第 718 个文本框 (上一轮共 0.42s) ----------
17:55:18  原文: "无法向“自定义代码项”文件夹中添加URL。"   [取文本 0ms, 焦点 Edit '无法向“自定义代码项”文件夹中添加URL']
17:55:18  translate.py -> need=0  text="无法向“自定义代码项”文件夹中添加URL。"   [python 203ms]
17:55:18  不需要翻译 -> 直接回车
17:55:18      [回车+等下一个框 203ms]
17:55:18  ---------- 第 719 个文本框 (上一轮共 0.41s) ----------
17:55:18  原文: "无法向“自定义代码项”文件夹中添加URL。"   [取文本 0ms, 焦点 Edit '无法向“自定义代码项”文件夹中添加URL']
17:55:19  translate.py -> need=0  text="无法向“自定义代码项”文件夹中添加URL。"   [python 219ms]
17:55:19  不需要翻译 -> 直接回车
17:55:19      [回车+等下一个框 203ms]
17:55:19  ---------- 第 720 个文本框 (上一轮共 0.42s) ----------
17:55:19  原文: "无法向“自定义代码项”文件夹中添加URL。"   [取文本 0ms, 焦点 Edit '无法向“自定义代码项”文件夹中添加URL']
17:55:19  translate.py -> need=0  text="无法向“自定义代码项”文件夹中添加URL。"   [python 187ms]
17:55:19  不需要翻译 -> 直接回车
17:55:19      [回车+等下一个框 203ms]
17:55:19  ---------- 第 721 个文本框 (上一轮共 0.39s) ----------
17:55:19  原文: "无法向“自定义代码项”文件夹中添加URL。"   [取文本 0ms, 焦点 Edit '无法向“自定义代码项”文件夹中添加URL']
17:55:19  translate.py -> need=0  text="无法向“自定义代码项”文件夹中添加URL。"   [python 203ms]
17:55:19  不需要翻译 -> 直接回车
17:55:20      [回车+等下一个框 219ms]
17:55:20  ---------- 第 722 个文本框 (上一轮共 0.42s) ----------
17:55:20  原文: "无法向“自定义代码项”文件夹中添加URL。"   [取文本 0ms, 焦点 Edit '无法向“自定义代码项”文件夹中添加URL']
17:55:20  translate.py -> need=0  text="无法向“自定义代码项”文件夹中添加URL。"   [python 219ms]
17:55:20  不需要翻译 -> 直接回车
17:55:20      [回车+等下一个框 203ms]
17:55:20  ---------- 第 723 个文本框 (上一轮共 0.42s) ----------
17:55:20  原文: "无法向“自定义代码项”文件夹中添加URL。"   [取文本 0ms, 焦点 Edit '无法向“自定义代码项”文件夹中添加URL']
17:55:20  translate.py -> need=0  text="无法向“自定义代码项”文件夹中添加URL。"   [python 203ms]
17:55:20  不需要翻译 -> 直接回车
17:55:20      [回车+等下一个框 219ms]
17:55:20  ---------- 第 724 个文本框 (上一轮共 0.42s) ----------
17:55:20  原文: "无法向“自定义代码项”文件夹中添加URL。"   [取文本 0ms, 焦点 Edit '无法向“自定义代码项”文件夹中添加URL']
17:55:21  translate.py -> need=0  text="无法向“自定义代码项”文件夹中添加URL。"   [python 187ms]
17:55:21  不需要翻译 -> 直接回车
17:55:21      [回车+等下一个框 219ms]
17:55:21  ---------- 第 725 个文本框 (上一轮共 0.41s) ----------
17:55:21  原文: "无法向“自定义代码项”文件夹中添加URL。"   [取文本 0ms, 焦点 Edit '无法向“自定义代码项”文件夹中添加URL']
17:55:21  translate.py -> need=0  text="无法向“自定义代码项”文件夹中添加URL。"   [python 187ms]
17:55:21  不需要翻译 -> 直接回车
17:55:21      [回车+等下一个框 203ms]
17:55:21  ---------- 第 726 个文本框 (上一轮共 0.39s) ----------
17:55:21  原文: "无法向“自定义代码项”文件夹中添加URL。"   [取文本 0ms, 焦点 Edit '无法向“自定义代码项”文件夹中添加URL']
17:55:21  translate.py -> need=0  text="无法向“自定义代码项”文件夹中添加URL。"   [python 188ms]
17:55:21  不需要翻译 -> 直接回车
17:55:22      [回车+等下一个框 203ms]
17:55:22  ---------- 第 727 个文本框 (上一轮共 0.39s) ----------
17:55:22  原文: "无法向“自定义代码项”文件夹中添加URL。"   [取文本 0ms, 焦点 Edit '无法向“自定义代码项”文件夹中添加URL']
17:55:22  translate.py -> need=0  text="无法向“自定义代码项”文件夹中添加URL。"   [python 188ms]
17:55:22  不需要翻译 -> 直接回车
17:55:22      [回车+等下一个框 203ms]
17:55:22  ---------- 第 728 个文本框 (上一轮共 0.41s) ----------
17:55:22  原文: "无法向“自定义代码项”文件夹中添加URL。"   [取文本 0ms, 焦点 Edit '无法向“自定义代码项”文件夹中添加URL']
17:55:22  translate.py -> need=0  text="无法向“自定义代码项”文件夹中添加URL。"   [python 203ms]
17:55:22  不需要翻译 -> 直接回车
17:55:22      [回车+等下一个框 204ms]
17:55:22  ---------- 第 729 个文本框 (上一轮共 0.41s) ----------
17:55:22  原文: "无法向“自定义代码项”文件夹中添加URL。"   [取文本 0ms, 焦点 Edit '无法向“自定义代码项”文件夹中添加URL']
17:55:23  translate.py -> need=0  text="无法向“自定义代码项”文件夹中添加URL。"   [python 218ms]
17:55:23  不需要翻译 -> 直接回车
17:55:23      [回车+等下一个框 203ms]
17:55:23  ---------- 第 730 个文本框 (上一轮共 0.42s) ----------
17:55:23  原文: "无法向“自定义代码项”文件夹中添加URL。"   [取文本 0ms, 焦点 Edit '无法向“自定义代码项”文件夹中添加URL']
17:55:23  translate.py -> need=0  text="无法向“自定义代码项”文件夹中添加URL。"   [python 250ms]
17:55:23  不需要翻译 -> 直接回车
17:55:23      [回车+等下一个框 204ms]
17:55:23  ---------- 第 731 个文本框 (上一轮共 0.45s) ----------
17:55:23  原文: "无法向“自定义代码项”文件夹中添加URL。"   [取文本 0ms, 焦点 Edit '无法向“自定义代码项”文件夹中添加URL']
17:55:24  translate.py -> need=0  text="无法向“自定义代码项”文件夹中添加URL。"   [python 234ms]
17:55:24  不需要翻译 -> 直接回车
17:55:24      [回车+等下一个框 203ms]
17:55:24  ---------- 第 732 个文本框 (上一轮共 0.44s) ----------
17:55:24  原文: "无法向“自定义代码项”文件夹中添加URL。"   [取文本 0ms, 焦点 Edit '无法向“自定义代码项”文件夹中添加URL']
17:55:24  translate.py -> need=0  text="无法向“自定义代码项”文件夹中添加URL。"   [python 203ms]
17:55:24  不需要翻译 -> 直接回车
17:55:24      [回车+等下一个框 219ms]
17:55:24  ---------- 第 733 个文本框 (上一轮共 0.42s) ----------
17:55:24  原文: "无法向“自定义代码项”文件夹中添加URL。"   [取文本 0ms, 焦点 Edit '无法向“自定义代码项”文件夹中添加URL']
17:55:24  translate.py -> need=0  text="无法向“自定义代码项”文件夹中添加URL。"   [python 219ms]
17:55:24  不需要翻译 -> 直接回车
17:55:25      [回车+等下一个框 203ms]
17:55:25  ---------- 第 734 个文本框 (上一轮共 0.42s) ----------
17:55:25  原文: "无法向“自定义代码项”文件夹中添加URL。"   [取文本 0ms, 焦点 Edit '无法向“自定义代码项”文件夹中添加URL']
17:55:25  translate.py -> need=0  text="无法向“自定义代码项”文件夹中添加URL。"   [python 172ms]
17:55:25  不需要翻译 -> 直接回车
17:55:25      [回车+等下一个框 218ms]
17:55:25  ---------- 第 735 个文本框 (上一轮共 0.39s) ----------
17:55:25  原文: "无法向“自定义代码项”文件夹中添加URL。"   [取文本 0ms, 焦点 Edit '无法向“自定义代码项”文件夹中添加URL']
17:55:25  translate.py -> need=0  text="无法向“自定义代码项”文件夹中添加URL。"   [python 234ms]
17:55:25  不需要翻译 -> 直接回车
17:55:25      [回车+等下一个框 219ms]
17:55:25  ---------- 第 736 个文本框 (上一轮共 0.45s) ----------
17:55:25  原文: "无法向“自定义代码项”文件夹中添加URL。"   [取文本 0ms, 焦点 Edit '无法向“自定义代码项”文件夹中添加URL']
17:55:26  translate.py -> need=0  text="无法向“自定义代码项”文件夹中添加URL。"   [python 219ms]
17:55:26  不需要翻译 -> 直接回车
17:55:26      [回车+等下一个框 203ms]
17:55:26  ---------- 第 737 个文本框 (上一轮共 0.42s) ----------
17:55:26  原文: "无法向“自定义代码项”文件夹中添加URL。"   [取文本 0ms, 焦点 Edit '无法向“自定义代码项”文件夹中添加URL']
17:55:26  translate.py -> need=0  text="无法向“自定义代码项”文件夹中添加URL。"   [python 188ms]
17:55:26  不需要翻译 -> 直接回车
17:55:26      [回车+等下一个框 203ms]
17:55:26  ---------- 第 738 个文本框 (上一轮共 0.39s) ----------
17:55:26  原文: "无法向“自定义代码项”文件夹中添加URL。"   [取文本 0ms, 焦点 Edit '无法向“自定义代码项”文件夹中添加URL']
17:55:26  translate.py -> need=0  text="无法向“自定义代码项”文件夹中添加URL。"   [python 234ms]
17:55:26  不需要翻译 -> 直接回车
17:55:27      [回车+等下一个框 203ms]
17:55:27  ---------- 第 739 个文本框 (上一轮共 0.44s) ----------
17:55:27  原文: "无法向“自定义代码项”文件夹中添加URL。"   [取文本 0ms, 焦点 Edit '无法向“自定义代码项”文件夹中添加URL']
17:55:27  translate.py -> need=0  text="无法向“自定义代码项”文件夹中添加URL。"   [python 235ms]
17:55:27  不需要翻译 -> 直接回车
17:55:27      [回车+等下一个框 218ms]
17:55:27  ---------- 第 740 个文本框 (上一轮共 0.45s) ----------
17:55:27  原文: "无法向“自定义代码项”文件夹中添加URL。"   [取文本 0ms, 焦点 Edit '无法向“自定义代码项”文件夹中添加URL']
17:55:27  translate.py -> need=0  text="无法向“自定义代码项”文件夹中添加URL。"   [python 188ms]
17:55:27  不需要翻译 -> 直接回车
17:55:28      [回车+等下一个框 219ms]
17:55:28  ---------- 第 741 个文本框 (上一轮共 0.42s) ----------
17:55:28  原文: "无法向“自定义代码项”文件夹中添加URL。"   [取文本 0ms, 焦点 Edit '无法向“自定义代码项”文件夹中添加URL']
17:55:28  translate.py -> need=0  text="无法向“自定义代码项”文件夹中添加URL。"   [python 219ms]
17:55:28  不需要翻译 -> 直接回车
17:55:28      [回车+等下一个框 218ms]
17:55:28  ---------- 第 742 个文本框 (上一轮共 0.45s) ----------
17:55:28  原文: "无法向“自定义代码项”文件夹中添加URL。"   [取文本 0ms, 焦点 Edit '无法向“自定义代码项”文件夹中添加URL']
17:55:28  translate.py -> need=0  text="无法向“自定义代码项”文件夹中添加URL。"   [python 219ms]
17:55:28  不需要翻译 -> 直接回车
17:55:28      [回车+等下一个框 203ms]
17:55:28  ---------- 第 743 个文本框 (上一轮共 0.42s) ----------
17:55:28  原文: "无法向“自定义代码项”文件夹中添加URL。"   [取文本 0ms, 焦点 Edit '无法向“自定义代码项”文件夹中添加URL']
17:55:29  translate.py -> need=0  text="无法向“自定义代码项”文件夹中添加URL。"   [python 219ms]
17:55:29  不需要翻译 -> 直接回车
17:55:29      [回车+等下一个框 219ms]
17:55:29  ---------- 第 744 个文本框 (上一轮共 0.44s) ----------
17:55:29  原文: "无法向“自定义代码项”文件夹中添加URL。"   [取文本 0ms, 焦点 Edit '无法向“自定义代码项”文件夹中添加URL']
17:55:29  translate.py -> need=0  text="无法向“自定义代码项”文件夹中添加URL。"   [python 187ms]
17:55:29  不需要翻译 -> 直接回车
17:55:29      [回车+等下一个框 219ms]
17:55:29  ---------- 第 745 个文本框 (上一轮共 0.41s) ----------
17:55:29  原文: "无法向“自定义代码项”文件夹中添加URL。"   [取文本 0ms, 焦点 Edit '无法向“自定义代码项”文件夹中添加URL']
17:55:29  translate.py -> need=0  text="无法向“自定义代码项”文件夹中添加URL。"   [python 187ms]
17:55:29  不需要翻译 -> 直接回车
17:55:30      [回车+等下一个框 219ms]
17:55:30  ---------- 第 746 个文本框 (上一轮共 0.41s) ----------
17:55:30  原文: "无法向“自定义代码项”文件夹中添加URL。"   [取文本 0ms, 焦点 Edit '无法向“自定义代码项”文件夹中添加URL']
17:55:30  translate.py -> need=0  text="无法向“自定义代码项”文件夹中添加URL。"   [python 187ms]
17:55:30  不需要翻译 -> 直接回车
17:55:30      [回车+等下一个框 203ms]
17:55:30  ---------- 第 747 个文本框 (上一轮共 0.39s) ----------
17:55:30  原文: "无法向“自定义代码项”文件夹中添加URL。"   [取文本 0ms, 焦点 Edit '无法向“自定义代码项”文件夹中添加URL']
17:55:30  translate.py -> need=0  text="无法向“自定义代码项”文件夹中添加URL。"   [python 188ms]
17:55:30  不需要翻译 -> 直接回车
17:55:31      [回车+等下一个框 218ms]
17:55:31  ---------- 第 748 个文本框 (上一轮共 0.42s) ----------
17:55:31  原文: "无法向“自定义代码项”文件夹中添加URL。"   [取文本 0ms, 焦点 Edit '无法向“自定义代码项”文件夹中添加URL']
17:55:31  translate.py -> need=0  text="无法向“自定义代码项”文件夹中添加URL。"   [python 219ms]
17:55:31  不需要翻译 -> 直接回车
17:55:31      [回车+等下一个框 203ms]
17:55:31  ---------- 第 749 个文本框 (上一轮共 0.44s) ----------
17:55:31  原文: "无法向“自定义代码项”文件夹中添加URL。"   [取文本 0ms, 焦点 Edit '无法向“自定义代码项”文件夹中添加URL']
17:55:31  translate.py -> need=0  text="无法向“自定义代码项”文件夹中添加URL。"   [python 187ms]
17:55:31  不需要翻译 -> 直接回车
17:55:31      [回车+等下一个框 235ms]
17:55:31  ---------- 第 750 个文本框 (上一轮共 0.42s) ----------
17:55:31  原文: "无法向“自定义代码项”文件夹中添加URL。"   [取文本 0ms, 焦点 Edit '无法向“自定义代码项”文件夹中添加URL']
17:55:32  translate.py -> need=0  text="无法向“自定义代码项”文件夹中添加URL。"   [python 187ms]
17:55:32  不需要翻译 -> 直接回车
17:55:32      [回车+等下一个框 219ms]
17:55:32  ---------- 第 751 个文本框 (上一轮共 0.41s) ----------
17:55:32  原文: "无法向“自定义代码项”文件夹中添加URL。"   [取文本 0ms, 焦点 Edit '无法向“自定义代码项”文件夹中添加URL']
17:55:32  translate.py -> need=0  text="无法向“自定义代码项”文件夹中添加URL。"   [python 187ms]
17:55:32  不需要翻译 -> 直接回车
17:55:32      [回车+等下一个框 204ms]
17:55:32  ---------- 第 752 个文本框 (上一轮共 0.39s) ----------
17:55:32  原文: "无法向“自定义代码项”文件夹中添加URL。"   [取文本 0ms, 焦点 Edit '无法向“自定义代码项”文件夹中添加URL']
17:55:32  translate.py -> need=0  text="无法向“自定义代码项”文件夹中添加URL。"   [python 203ms]
17:55:32  不需要翻译 -> 直接回车
17:55:33      [回车+等下一个框 218ms]
17:55:33  ---------- 第 753 个文本框 (上一轮共 0.44s) ----------
17:55:33  原文: "无法向“自定义代码项”文件夹中添加URL。"   [取文本 0ms, 焦点 Edit '无法向“自定义代码项”文件夹中添加URL']
17:55:33  translate.py -> need=0  text="无法向“自定义代码项”文件夹中添加URL。"   [python 203ms]
17:55:33  不需要翻译 -> 直接回车
17:55:33      [回车+等下一个框 203ms]
17:55:33  ---------- 第 754 个文本框 (上一轮共 0.41s) ----------
17:55:33  原文: "无法向“自定义代码项”文件夹中添加URL。"   [取文本 0ms, 焦点 Edit '无法向“自定义代码项”文件夹中添加URL']
17:55:33  translate.py -> need=0  text="无法向“自定义代码项”文件夹中添加URL。"   [python 203ms]
17:55:33  不需要翻译 -> 直接回车
17:55:33      [回车+等下一个框 219ms]
17:55:33  ---------- 第 755 个文本框 (上一轮共 0.42s) ----------
17:55:33  原文: "无法向“自定义代码项”文件夹中添加URL。"   [取文本 0ms, 焦点 Edit '无法向“自定义代码项”文件夹中添加URL']
17:55:34  translate.py -> need=0  text="无法向“自定义代码项”文件夹中添加URL。"   [python 203ms]
17:55:34  不需要翻译 -> 直接回车
17:55:34      [回车+等下一个框 203ms]
17:55:34  ---------- 第 756 个文本框 (上一轮共 0.42s) ----------
17:55:34  原文: "无法向“自定义代码项”文件夹中添加URL。"   [取文本 0ms, 焦点 Edit '无法向“自定义代码项”文件夹中添加URL']
17:55:34  translate.py -> need=0  text="无法向“自定义代码项”文件夹中添加URL。"   [python 203ms]
17:55:34  不需要翻译 -> 直接回车
17:55:34      [回车+等下一个框 219ms]
17:55:34  ---------- 第 757 个文本框 (上一轮共 0.42s) ----------
17:55:34  原文: "无法向“自定义代码项”文件夹中添加URL。"   [取文本 0ms, 焦点 Edit '无法向“自定义代码项”文件夹中添加URL']
17:55:35  translate.py -> need=0  text="无法向“自定义代码项”文件夹中添加URL。"   [python 219ms]
17:55:35  不需要翻译 -> 直接回车
17:55:35      [回车+等下一个框 203ms]
17:55:35  ---------- 第 758 个文本框 (上一轮共 0.44s) ----------
17:55:35  原文: "无法向“自定义代码项”文件夹中添加URL。"   [取文本 0ms, 焦点 Edit '无法向“自定义代码项”文件夹中添加URL']
17:55:35  translate.py -> need=0  text="无法向“自定义代码项”文件夹中添加URL。"   [python 188ms]
17:55:35  不需要翻译 -> 直接回车
17:55:35      [回车+等下一个框 203ms]
17:55:35  ---------- 第 759 个文本框 (上一轮共 0.39s) ----------
17:55:35  原文: "无法向“自定义代码项”文件夹中添加URL。"   [取文本 0ms, 焦点 Edit '无法向“自定义代码项”文件夹中添加URL']
17:55:35  translate.py -> need=0  text="无法向“自定义代码项”文件夹中添加URL。"   [python 234ms]
17:55:35  不需要翻译 -> 直接回车
17:55:36      [回车+等下一个框 219ms]
17:55:36  ---------- 第 760 个文本框 (上一轮共 0.45s) ----------
17:55:36  原文: "无法向“自定义代码项”文件夹中添加URL。"   [取文本 0ms, 焦点 Edit '无法向“自定义代码项”文件夹中添加URL']
17:55:36  translate.py -> need=0  text="无法向“自定义代码项”文件夹中添加URL。"   [python 203ms]
17:55:36  不需要翻译 -> 直接回车
17:55:36      [回车+等下一个框 219ms]
17:55:36  ---------- 第 761 个文本框 (上一轮共 0.42s) ----------
17:55:36  原文: "无法向“自定义代码项”文件夹中添加URL。"   [取文本 0ms, 焦点 Edit '无法向“自定义代码项”文件夹中添加URL']
17:55:36  translate.py -> need=0  text="无法向“自定义代码项”文件夹中添加URL。"   [python 188ms]
17:55:36  不需要翻译 -> 直接回车
17:55:36      [回车+等下一个框 234ms]
17:55:36  ---------- 第 762 个文本框 (上一轮共 0.42s) ----------
17:55:36  原文: "无法向“自定义代码项”文件夹中添加URL。"   [取文本 0ms, 焦点 Edit '无法向“自定义代码项”文件夹中添加URL']
17:55:37  translate.py -> need=0  text="无法向“自定义代码项”文件夹中添加URL。"   [python 203ms]
17:55:37  不需要翻译 -> 直接回车
17:55:37      [回车+等下一个框 203ms]
17:55:37  ---------- 第 763 个文本框 (上一轮共 0.41s) ----------
17:55:37  原文: "无法向“自定义代码项”文件夹中添加URL。"   [取文本 0ms, 焦点 Edit '无法向“自定义代码项”文件夹中添加URL']
17:55:37  translate.py -> need=0  text="无法向“自定义代码项”文件夹中添加URL。"   [python 187ms]
17:55:37  不需要翻译 -> 直接回车
17:55:37      [回车+等下一个框 203ms]
17:55:37  ---------- 第 764 个文本框 (上一轮共 0.41s) ----------
17:55:37  原文: "无法向“自定义代码项”文件夹中添加URL。"   [取文本 0ms, 焦点 Edit '无法向“自定义代码项”文件夹中添加URL']
17:55:37  translate.py -> need=0  text="无法向“自定义代码项”文件夹中添加URL。"   [python 219ms]
17:55:37  不需要翻译 -> 直接回车
17:55:38      [回车+等下一个框 250ms]
17:55:38  ---------- 第 765 个文本框 (上一轮共 0.47s) ----------
17:55:38  原文: "无法向“自定义代码项”文件夹中添加URL。"   [取文本 0ms, 焦点 Edit '无法向“自定义代码项”文件夹中添加URL']
17:55:38  translate.py -> need=0  text="无法向“自定义代码项”文件夹中添加URL。"   [python 204ms]
17:55:38  不需要翻译 -> 直接回车
17:55:38      [回车+等下一个框 218ms]
17:55:38  ---------- 第 766 个文本框 (上一轮共 0.42s) ----------
17:55:38  原文: "无法向“自定义代码项”文件夹中添加URL。"   [取文本 0ms, 焦点 Edit '无法向“自定义代码项”文件夹中添加URL']
17:55:38  translate.py -> need=0  text="无法向“自定义代码项”文件夹中添加URL。"   [python 203ms]
17:55:38  不需要翻译 -> 直接回车
17:55:39      [回车+等下一个框 204ms]
17:55:39  ---------- 第 767 个文本框 (上一轮共 0.41s) ----------
17:55:39  原文: "无法向“自定义代码项”文件夹中添加URL。"   [取文本 0ms, 焦点 Edit '无法向“自定义代码项”文件夹中添加URL']
17:55:39  translate.py -> need=0  text="无法向“自定义代码项”文件夹中添加URL。"   [python 218ms]
17:55:39  不需要翻译 -> 直接回车
17:55:39      [回车+等下一个框 203ms]
17:55:39  ---------- 第 768 个文本框 (上一轮共 0.42s) ----------
17:55:39  原文: "无法向“自定义代码项”文件夹中添加URL。"   [取文本 0ms, 焦点 Edit '无法向“自定义代码项”文件夹中添加URL']
17:55:39  translate.py -> need=0  text="无法向“自定义代码项”文件夹中添加URL。"   [python 219ms]
17:55:39  不需要翻译 -> 直接回车
17:55:39      [回车+等下一个框 203ms]
17:55:39  ---------- 第 769 个文本框 (上一轮共 0.44s) ----------
17:55:39  原文: "无法向“自定义代码项”文件夹中添加URL。"   [取文本 0ms, 焦点 Edit '无法向“自定义代码项”文件夹中添加URL']
17:55:40  translate.py -> need=0  text="无法向“自定义代码项”文件夹中添加URL。"   [python 203ms]
17:55:40  不需要翻译 -> 直接回车
17:55:40      [回车+等下一个框 203ms]
17:55:40  ---------- 第 770 个文本框 (上一轮共 0.41s) ----------
17:55:40  原文: "无法向“自定义代码项”文件夹中添加URL。"   [取文本 0ms, 焦点 Edit '无法向“自定义代码项”文件夹中添加URL']
17:55:40  translate.py -> need=0  text="无法向“自定义代码项”文件夹中添加URL。"   [python 203ms]
17:55:40  不需要翻译 -> 直接回车
17:55:40      [回车+等下一个框 219ms]
17:55:40  ---------- 第 771 个文本框 (上一轮共 0.44s) ----------
17:55:40  原文: "无法向“自定义代码项”文件夹中添加URL。"   [取文本 0ms, 焦点 Edit '无法向“自定义代码项”文件夹中添加URL']
17:55:40  translate.py -> need=0  text="无法向“自定义代码项”文件夹中添加URL。"   [python 187ms]
17:55:40  不需要翻译 -> 直接回车
17:55:41      [回车+等下一个框 203ms]
17:55:41  ---------- 第 772 个文本框 (上一轮共 0.39s) ----------
17:55:41  原文: "无法向“自定义代码项”文件夹中添加URL。"   [取文本 0ms, 焦点 Edit '无法向“自定义代码项”文件夹中添加URL']
17:55:41  translate.py -> need=0  text="无法向“自定义代码项”文件夹中添加URL。"   [python 250ms]
17:55:41  不需要翻译 -> 直接回车
17:55:41      [回车+等下一个框 203ms]
17:55:41  ---------- 第 773 个文本框 (上一轮共 0.45s) ----------
17:55:41  原文: "无法向“自定义代码项”文件夹中添加URL。"   [取文本 0ms, 焦点 Edit '无法向“自定义代码项”文件夹中添加URL']
17:55:41  translate.py -> need=0  text="无法向“自定义代码项”文件夹中添加URL。"   [python 219ms]
17:55:41  不需要翻译 -> 直接回车
17:55:42      [回车+等下一个框 203ms]
17:55:42  ---------- 第 774 个文本框 (上一轮共 0.44s) ----------
17:55:42  原文: "无法向“自定义代码项”文件夹中添加URL。"   [取文本 0ms, 焦点 Edit '无法向“自定义代码项”文件夹中添加URL']
17:55:42  translate.py -> need=0  text="无法向“自定义代码项”文件夹中添加URL。"   [python 203ms]
17:55:42  不需要翻译 -> 直接回车
17:55:42      [回车+等下一个框 203ms]
17:55:42  ---------- 第 775 个文本框 (上一轮共 0.41s) ----------
17:55:42  原文: "无法向“自定义代码项”文件夹中添加URL。"   [取文本 0ms, 焦点 Edit '无法向“自定义代码项”文件夹中添加URL']
17:55:42  translate.py -> need=0  text="无法向“自定义代码项”文件夹中添加URL。"   [python 219ms]
17:55:42  不需要翻译 -> 直接回车
17:55:42      [回车+等下一个框 203ms]
17:55:42  ---------- 第 776 个文本框 (上一轮共 0.42s) ----------
17:55:42  原文: "无法向“自定义代码项”文件夹中添加URL。"   [取文本 0ms, 焦点 Edit '无法向“自定义代码项”文件夹中添加URL']
17:55:43  translate.py -> need=0  text="无法向“自定义代码项”文件夹中添加URL。"   [python 219ms]
17:55:43  不需要翻译 -> 直接回车
17:55:43      [回车+等下一个框 219ms]
17:55:43  ---------- 第 777 个文本框 (上一轮共 0.44s) ----------
17:55:43  原文: "无法向“自定义代码项”文件夹中添加URL。"   [取文本 0ms, 焦点 Edit '无法向“自定义代码项”文件夹中添加URL']
17:55:43  translate.py -> need=0  text="无法向“自定义代码项”文件夹中添加URL。"   [python 203ms]
17:55:43  不需要翻译 -> 直接回车
17:55:43      [回车+等下一个框 203ms]
17:55:43  ---------- 第 778 个文本框 (上一轮共 0.41s) ----------
17:55:43  原文: "无法向“自定义代码项”文件夹中添加URL。"   [取文本 0ms, 焦点 Edit '无法向“自定义代码项”文件夹中添加URL']
17:55:43  translate.py -> need=0  text="无法向“自定义代码项”文件夹中添加URL。"   [python 250ms]
17:55:43  不需要翻译 -> 直接回车
17:55:44      [回车+等下一个框 203ms]
17:55:44  ---------- 第 779 个文本框 (上一轮共 0.45s) ----------
17:55:44  原文: "无法向“自定义代码项”文件夹中添加URL。"   [取文本 0ms, 焦点 Edit '无法向“自定义代码项”文件夹中添加URL']
17:55:44  translate.py -> need=0  text="无法向“自定义代码项”文件夹中添加URL。"   [python 187ms]
17:55:44  不需要翻译 -> 直接回车
17:55:44      [回车+等下一个框 204ms]
17:55:44  ---------- 第 780 个文本框 (上一轮共 0.39s) ----------
17:55:44  原文: "无法向“自定义代码项”文件夹中添加URL。"   [取文本 0ms, 焦点 Edit '无法向“自定义代码项”文件夹中添加URL']
17:55:44  translate.py -> need=0  text="无法向“自定义代码项”文件夹中添加URL。"   [python 218ms]
17:55:44  不需要翻译 -> 直接回车
17:55:44      [回车+等下一个框 203ms]
17:55:44  ---------- 第 781 个文本框 (上一轮共 0.42s) ----------
17:55:44  原文: "无法向“自定义代码项”文件夹中添加URL。"   [取文本 0ms, 焦点 Edit '无法向“自定义代码项”文件夹中添加URL']
17:55:45  translate.py -> need=0  text="无法向“自定义代码项”文件夹中添加URL。"   [python 204ms]
17:55:45  不需要翻译 -> 直接回车
17:55:45      [回车+等下一个框 203ms]
17:55:45  ---------- 第 782 个文本框 (上一轮共 0.41s) ----------
17:55:45  原文: "无法向“自定义代码项”文件夹中添加URL。"   [取文本 0ms, 焦点 Edit '无法向“自定义代码项”文件夹中添加URL']
17:55:45  translate.py -> need=0  text="无法向“自定义代码项”文件夹中添加URL。"   [python 203ms]
17:55:45  不需要翻译 -> 直接回车
17:55:45      [回车+等下一个框 203ms]
17:55:45  ---------- 第 783 个文本框 (上一轮共 0.41s) ----------
17:55:45  原文: "无法向“自定义代码项”文件夹中添加URL。"   [取文本 0ms, 焦点 Edit '无法向“自定义代码项”文件夹中添加URL']
17:55:46  translate.py -> need=0  text="无法向“自定义代码项”文件夹中添加URL。"   [python 219ms]
17:55:46  不需要翻译 -> 直接回车
17:55:46      [回车+等下一个框 203ms]
17:55:46  ---------- 第 784 个文本框 (上一轮共 0.45s) ----------
17:55:46  原文: "无法向“自定义代码项”文件夹中添加URL。"   [取文本 0ms, 焦点 Edit '无法向“自定义代码项”文件夹中添加URL']
17:55:46  translate.py -> need=0  text="无法向“自定义代码项”文件夹中添加URL。"   [python 234ms]
17:55:46  不需要翻译 -> 直接回车
17:55:46      [回车+等下一个框 219ms]
17:55:46  ---------- 第 785 个文本框 (上一轮共 0.45s) ----------
17:55:46  原文: "无法向“自定义代码项”文件夹中添加URL。"   [取文本 0ms, 焦点 Edit '无法向“自定义代码项”文件夹中添加URL']
17:55:46  translate.py -> need=0  text="无法向“自定义代码项”文件夹中添加URL。"   [python 203ms]
17:55:46  不需要翻译 -> 直接回车
17:55:47      [回车+等下一个框 203ms]
17:55:47  ---------- 第 786 个文本框 (上一轮共 0.41s) ----------
17:55:47  原文: "无法向“自定义代码项”文件夹中添加URL。"   [取文本 16ms, 焦点 Edit '无法向“自定义代码项”文件夹中添加URL']
17:55:47  translate.py -> need=0  text="无法向“自定义代码项”文件夹中添加URL。"   [python 203ms]
17:55:47  不需要翻译 -> 直接回车
17:55:47      [回车+等下一个框 203ms]
17:55:47  ---------- 第 787 个文本框 (上一轮共 0.42s) ----------
17:55:47  原文: "无法向“自定义代码项”文件夹中添加URL。"   [取文本 0ms, 焦点 Edit '无法向“自定义代码项”文件夹中添加URL']
17:55:47  translate.py -> need=0  text="无法向“自定义代码项”文件夹中添加URL。"   [python 172ms]
17:55:47  不需要翻译 -> 直接回车
17:55:47      [回车+等下一个框 203ms]
17:55:47  ---------- 第 788 个文本框 (上一轮共 0.38s) ----------
17:55:47  原文: "无法向“自定义代码项”文件夹中添加URL。"   [取文本 0ms, 焦点 Edit '无法向“自定义代码项”文件夹中添加URL']
17:55:48  translate.py -> need=0  text="无法向“自定义代码项”文件夹中添加URL。"   [python 203ms]
17:55:48  不需要翻译 -> 直接回车
17:55:48      [回车+等下一个框 204ms]
17:55:48  ---------- 第 789 个文本框 (上一轮共 0.41s) ----------
17:55:48  原文: "无法向“自定义代码项”文件夹中添加URL。"   [取文本 0ms, 焦点 Edit '无法向“自定义代码项”文件夹中添加URL']
17:55:48  translate.py -> need=0  text="无法向“自定义代码项”文件夹中添加URL。"   [python 187ms]
17:55:48  不需要翻译 -> 直接回车
17:55:48      [回车+等下一个框 203ms]
17:55:48  ---------- 第 790 个文本框 (上一轮共 0.39s) ----------
17:55:48  原文: "无法向“自定义代码项”文件夹中添加URL。"   [取文本 0ms, 焦点 Edit '无法向“自定义代码项”文件夹中添加URL']
17:55:48  translate.py -> need=0  text="无法向“自定义代码项”文件夹中添加URL。"   [python 188ms]
17:55:48  不需要翻译 -> 直接回车
17:55:49      [回车+等下一个框 218ms]
17:55:49  ---------- 第 791 个文本框 (上一轮共 0.41s) ----------
17:55:49  原文: "无法向“自定义代码项”文件夹中添加URL。"   [取文本 0ms, 焦点 Edit '无法向“自定义代码项”文件夹中添加URL']
17:55:49  translate.py -> need=0  text="无法向“自定义代码项”文件夹中添加URL。"   [python 188ms]
17:55:49  不需要翻译 -> 直接回车
17:55:49      [回车+等下一个框 219ms]
17:55:49  ---------- 第 792 个文本框 (上一轮共 0.41s) ----------
17:55:49  原文: "无法向“自定义代码项”文件夹中添加URL。"   [取文本 0ms, 焦点 Edit '无法向“自定义代码项”文件夹中添加URL']
17:55:49  translate.py -> need=0  text="无法向“自定义代码项”文件夹中添加URL。"   [python 203ms]
17:55:49  不需要翻译 -> 直接回车
17:55:49      [回车+等下一个框 203ms]
17:55:49  ---------- 第 793 个文本框 (上一轮共 0.41s) ----------
17:55:49  原文: "无法向“自定义代码项”文件夹中添加URL。"   [取文本 0ms, 焦点 Edit '无法向“自定义代码项”文件夹中添加URL']
17:55:50  translate.py -> need=0  text="无法向“自定义代码项”文件夹中添加URL。"   [python 203ms]
17:55:50  不需要翻译 -> 直接回车
17:55:50      [回车+等下一个框 219ms]
17:55:50  ---------- 第 794 个文本框 (上一轮共 0.42s) ----------
17:55:50  原文: "无法向“自定义代码项”文件夹中添加URL。"   [取文本 0ms, 焦点 Edit '无法向“自定义代码项”文件夹中添加URL']
17:55:50  translate.py -> need=0  text="无法向“自定义代码项”文件夹中添加URL。"   [python 219ms]
17:55:50  不需要翻译 -> 直接回车
17:55:50      [回车+等下一个框 234ms]
17:55:50  ---------- 第 795 个文本框 (上一轮共 0.45s) ----------
17:55:50  原文: "无法向“自定义代码项”文件夹中添加URL。"   [取文本 0ms, 焦点 Edit '无法向“自定义代码项”文件夹中添加URL']
17:55:50  translate.py -> need=0  text="无法向“自定义代码项”文件夹中添加URL。"   [python 187ms]
17:55:50  不需要翻译 -> 直接回车
17:55:51      [回车+等下一个框 219ms]
17:55:51  ---------- 第 796 个文本框 (上一轮共 0.41s) ----------
17:55:51  原文: "无法向“自定义代码项”文件夹中添加URL。"   [取文本 0ms, 焦点 Edit '无法向“自定义代码项”文件夹中添加URL']
17:55:51  translate.py -> need=0  text="无法向“自定义代码项”文件夹中添加URL。"   [python 250ms]
17:55:51  不需要翻译 -> 直接回车
17:55:51      [回车+等下一个框 203ms]
17:55:51  ---------- 第 797 个文本框 (上一轮共 0.45s) ----------
17:55:51  原文: "无法向“自定义代码项”文件夹中添加URL。"   [取文本 0ms, 焦点 Edit '无法向“自定义代码项”文件夹中添加URL']
17:55:51  translate.py -> need=0  text="无法向“自定义代码项”文件夹中添加URL。"   [python 188ms]
17:55:51  不需要翻译 -> 直接回车
17:55:52      [回车+等下一个框 203ms]
17:55:52  ---------- 第 798 个文本框 (上一轮共 0.39s) ----------
17:55:52  原文: "无法向“自定义代码项”文件夹中添加URL。"   [取文本 0ms, 焦点 Edit '无法向“自定义代码项”文件夹中添加URL']
17:55:52  translate.py -> need=0  text="无法向“自定义代码项”文件夹中添加URL。"   [python 187ms]
17:55:52  不需要翻译 -> 直接回车
17:55:52      [回车+等下一个框 204ms]
17:55:52  ---------- 第 799 个文本框 (上一轮共 0.39s) ----------
17:55:52  原文: "无法向“自定义代码项”文件夹中添加URL。"   [取文本 0ms, 焦点 Edit '无法向“自定义代码项”文件夹中添加URL']
17:55:52  translate.py -> need=0  text="无法向“自定义代码项”文件夹中添加URL。"   [python 188ms]
17:55:52  不需要翻译 -> 直接回车
17:55:52      [回车+等下一个框 218ms]
17:55:52  ---------- 第 800 个文本框 (上一轮共 0.44s) ----------
17:55:52  原文: "无法向“自定义代码项”文件夹中添加URL。"   [取文本 0ms, 焦点 Edit '无法向“自定义代码项”文件夹中添加URL']
17:55:53  translate.py -> need=0  text="无法向“自定义代码项”文件夹中添加URL。"   [python 188ms]
17:55:53  不需要翻译 -> 直接回车
17:55:53      [回车+等下一个框 234ms]
17:55:53  ---------- 第 801 个文本框 (上一轮共 0.42s) ----------
17:55:53  原文: "无法向“自定义代码项”文件夹中添加URL。"   [取文本 0ms, 焦点 Edit '无法向“自定义代码项”文件夹中添加URL']
17:55:53  translate.py -> need=0  text="无法向“自定义代码项”文件夹中添加URL。"   [python 219ms]
17:55:53  不需要翻译 -> 直接回车
17:55:53      [回车+等下一个框 218ms]
17:55:53  ---------- 第 802 个文本框 (上一轮共 0.44s) ----------
17:55:53  原文: "无法向“自定义代码项”文件夹中添加URL。"   [取文本 0ms, 焦点 Edit '无法向“自定义代码项”文件夹中添加URL']
17:55:53  translate.py -> need=0  text="无法向“自定义代码项”文件夹中添加URL。"   [python 219ms]
17:55:53  不需要翻译 -> 直接回车
17:55:54      [回车+等下一个框 219ms]
17:55:54  ---------- 第 803 个文本框 (上一轮共 0.44s) ----------
17:55:54  原文: "无法向“自定义代码项”文件夹中添加URL。"   [取文本 0ms, 焦点 Edit '无法向“自定义代码项”文件夹中添加URL']
17:55:54  translate.py -> need=0  text="无法向“自定义代码项”文件夹中添加URL。"   [python 203ms]
17:55:54  不需要翻译 -> 直接回车
17:55:54      [回车+等下一个框 203ms]
17:55:54  ---------- 第 804 个文本框 (上一轮共 0.41s) ----------
17:55:54  原文: "无法向“自定义代码项”文件夹中添加URL。"   [取文本 0ms, 焦点 Edit '无法向“自定义代码项”文件夹中添加URL']
17:55:54  translate.py -> need=0  text="无法向“自定义代码项”文件夹中添加URL。"   [python 188ms]
17:55:54  不需要翻译 -> 直接回车
17:55:54      [回车+等下一个框 203ms]
17:55:54  ---------- 第 805 个文本框 (上一轮共 0.39s) ----------
17:55:54  原文: "无法向“自定义代码项”文件夹中添加URL。"   [取文本 0ms, 焦点 Edit '无法向“自定义代码项”文件夹中添加URL']
17:55:55  translate.py -> need=0  text="无法向“自定义代码项”文件夹中添加URL。"   [python 187ms]
17:55:55  不需要翻译 -> 直接回车
17:55:55      [回车+等下一个框 219ms]
17:55:55  ---------- 第 806 个文本框 (上一轮共 0.41s) ----------
17:55:55  原文: "无法向“自定义代码项”文件夹中添加URL。"   [取文本 0ms, 焦点 Edit '无法向“自定义代码项”文件夹中添加URL']
17:55:55  translate.py -> need=0  text="无法向“自定义代码项”文件夹中添加URL。"   [python 219ms]
17:55:55  不需要翻译 -> 直接回车
17:55:55      [回车+等下一个框 234ms]
17:55:55  ---------- 第 807 个文本框 (上一轮共 0.45s) ----------
17:55:55  原文: "无法向“自定义代码项”文件夹中添加URL。"   [取文本 0ms, 焦点 Edit '无法向“自定义代码项”文件夹中添加URL']
17:55:56  translate.py -> need=0  text="无法向“自定义代码项”文件夹中添加URL。"   [python 219ms]
17:55:56  不需要翻译 -> 直接回车
17:55:56      [回车+等下一个框 219ms]
17:55:56  ---------- 第 808 个文本框 (上一轮共 0.44s) ----------
17:55:56  原文: "无法向“自定义代码项”文件夹中添加URL。"   [取文本 0ms, 焦点 Edit '无法向“自定义代码项”文件夹中添加URL']
17:55:56  translate.py -> need=0  text="无法向“自定义代码项”文件夹中添加URL。"   [python 234ms]
17:55:56  不需要翻译 -> 直接回车
17:55:56      [回车+等下一个框 219ms]
17:55:56  ---------- 第 809 个文本框 (上一轮共 0.45s) ----------
17:55:56  原文: "无法向“自定义代码项”文件夹中添加URL。"   [取文本 0ms, 焦点 Edit '无法向“自定义代码项”文件夹中添加URL']
17:55:56  translate.py -> need=0  text="无法向“自定义代码项”文件夹中添加URL。"   [python 203ms]
17:55:56  不需要翻译 -> 直接回车
17:55:57      [回车+等下一个框 203ms]
17:55:57  ---------- 第 810 个文本框 (上一轮共 0.41s) ----------
17:55:57  原文: "无法向“自定义代码项”文件夹中添加URL。"   [取文本 0ms, 焦点 Edit '无法向“自定义代码项”文件夹中添加URL']
17:55:57  translate.py -> need=0  text="无法向“自定义代码项”文件夹中添加URL。"   [python 203ms]
17:55:57  不需要翻译 -> 直接回车
17:55:57      [回车+等下一个框 203ms]
17:55:57  ---------- 第 811 个文本框 (上一轮共 0.41s) ----------
17:55:57  原文: "无法向“自定义代码项”文件夹中添加URL。"   [取文本 0ms, 焦点 Edit '无法向“自定义代码项”文件夹中添加URL']
17:55:57  translate.py -> need=0  text="无法向“自定义代码项”文件夹中添加URL。"   [python 188ms]
17:55:57  不需要翻译 -> 直接回车
17:55:57      [回车+等下一个框 219ms]
17:55:57  ---------- 第 812 个文本框 (上一轮共 0.41s) ----------
17:55:57  原文: "无法向“自定义代码项”文件夹中添加URL。"   [取文本 0ms, 焦点 Edit '无法向“自定义代码项”文件夹中添加URL']
17:55:58  translate.py -> need=0  text="无法向“自定义代码项”文件夹中添加URL。"   [python 234ms]
17:55:58  不需要翻译 -> 直接回车
17:55:58      [回车+等下一个框 219ms]
17:55:58  ---------- 第 813 个文本框 (上一轮共 0.45s) ----------
17:55:58  原文: "无法向“自定义代码项”文件夹中添加URL。"   [取文本 0ms, 焦点 Edit '无法向“自定义代码项”文件夹中添加URL']
17:55:58  translate.py -> need=0  text="无法向“自定义代码项”文件夹中添加URL。"   [python 218ms]
17:55:58  不需要翻译 -> 直接回车
17:55:58      [回车+等下一个框 219ms]
17:55:58  ---------- 第 814 个文本框 (上一轮共 0.44s) ----------
17:55:58  原文: "无法向“自定义代码项”文件夹中添加URL。"   [取文本 0ms, 焦点 Edit '无法向“自定义代码项”文件夹中添加URL']
17:55:59  translate.py -> need=0  text="无法向“自定义代码项”文件夹中添加URL。"   [python 219ms]
17:55:59  不需要翻译 -> 直接回车
17:55:59      [回车+等下一个框 203ms]
17:55:59  ---------- 第 815 个文本框 (上一轮共 0.42s) ----------
17:55:59  原文: "无法向“自定义代码项”文件夹中添加URL。"   [取文本 0ms, 焦点 Edit '无法向“自定义代码项”文件夹中添加URL']
17:55:59  translate.py -> need=0  text="无法向“自定义代码项”文件夹中添加URL。"   [python 203ms]
17:55:59  不需要翻译 -> 直接回车
17:55:59      [回车+等下一个框 203ms]
17:55:59  ---------- 第 816 个文本框 (上一轮共 0.41s) ----------
17:55:59  原文: "无法向“自定义代码项”文件夹中添加URL。"   [取文本 0ms, 焦点 Edit '无法向“自定义代码项”文件夹中添加URL']
17:55:59  translate.py -> need=0  text="无法向“自定义代码项”文件夹中添加URL。"   [python 188ms]
17:55:59  不需要翻译 -> 直接回车
17:56:00      [回车+等下一个框 203ms]
17:56:00  ---------- 第 817 个文本框 (上一轮共 0.39s) ----------
17:56:00  原文: "无法向“自定义代码项”文件夹中添加URL。"   [取文本 0ms, 焦点 Edit '无法向“自定义代码项”文件夹中添加URL']
17:56:00  translate.py -> need=0  text="无法向“自定义代码项”文件夹中添加URL。"   [python 187ms]
17:56:00  不需要翻译 -> 直接回车
17:56:00      [回车+等下一个框 219ms]
17:56:00  ---------- 第 818 个文本框 (上一轮共 0.41s) ----------
17:56:00  原文: "无法向“自定义代码项”文件夹中添加URL。"   [取文本 0ms, 焦点 Edit '无法向“自定义代码项”文件夹中添加URL']
17:56:00  translate.py -> need=0  text="无法向“自定义代码项”文件夹中添加URL。"   [python 188ms]
17:56:00  不需要翻译 -> 直接回车
17:56:00      [回车+等下一个框 203ms]
17:56:00  ---------- 第 819 个文本框 (上一轮共 0.39s) ----------
17:56:00  原文: "无法向“自定义代码项”文件夹中添加URL。"   [取文本 0ms, 焦点 Edit '无法向“自定义代码项”文件夹中添加URL']
17:56:01  translate.py -> need=0  text="无法向“自定义代码项”文件夹中添加URL。"   [python 203ms]
17:56:01  不需要翻译 -> 直接回车
17:56:01      [回车+等下一个框 203ms]
17:56:01  ---------- 第 820 个文本框 (上一轮共 0.42s) ----------
17:56:01  原文: "无法向“自定义代码项”文件夹中添加URL。"   [取文本 0ms, 焦点 Edit '无法向“自定义代码项”文件夹中添加URL']
17:56:01  translate.py -> need=0  text="无法向“自定义代码项”文件夹中添加URL。"   [python 203ms]
17:56:01  不需要翻译 -> 直接回车
17:56:01      [回车+等下一个框 203ms]
17:56:01  ---------- 第 821 个文本框 (上一轮共 0.41s) ----------
17:56:01  原文: "无法向“自定义代码项”文件夹中添加URL。"   [取文本 0ms, 焦点 Edit '无法向“自定义代码项”文件夹中添加URL']
17:56:01  translate.py -> need=0  text="无法向“自定义代码项”文件夹中添加URL。"   [python 187ms]
17:56:01  不需要翻译 -> 直接回车
17:56:02      [回车+等下一个框 235ms]
17:56:02  ---------- 第 822 个文本框 (上一轮共 0.42s) ----------
17:56:02  原文: "无法向“自定义代码项”文件夹中添加URL。"   [取文本 0ms, 焦点 Edit '无法向“自定义代码项”文件夹中添加URL']
17:56:02  translate.py -> need=0  text="无法向“自定义代码项”文件夹中添加URL。"   [python 219ms]
17:56:02  不需要翻译 -> 直接回车
17:56:02      [回车+等下一个框 203ms]
17:56:02  ---------- 第 823 个文本框 (上一轮共 0.42s) ----------
17:56:02  原文: "无法向“自定义代码项”文件夹中添加URL。"   [取文本 0ms, 焦点 Edit '无法向“自定义代码项”文件夹中添加URL']
17:56:02  translate.py -> need=0  text="无法向“自定义代码项”文件夹中添加URL。"   [python 187ms]
17:56:02  不需要翻译 -> 直接回车
17:56:02      [回车+等下一个框 203ms]
17:56:02  ---------- 第 824 个文本框 (上一轮共 0.39s) ----------
17:56:02  原文: "无法向“自定义代码项”文件夹中添加URL。"   [取文本 0ms, 焦点 Edit '无法向“自定义代码项”文件夹中添加URL']
17:56:03  translate.py -> need=0  text="无法向“自定义代码项”文件夹中添加URL。"   [python 219ms]
17:56:03  不需要翻译 -> 直接回车
17:56:03      [回车+等下一个框 203ms]
17:56:03  ---------- 第 825 个文本框 (上一轮共 0.42s) ----------
17:56:03  原文: "无法向“自定义代码项”文件夹中添加URL。"   [取文本 0ms, 焦点 Edit '无法向“自定义代码项”文件夹中添加URL']
17:56:03  translate.py -> need=0  text="无法向“自定义代码项”文件夹中添加URL。"   [python 235ms]
17:56:03  不需要翻译 -> 直接回车
17:56:03      [回车+等下一个框 203ms]
17:56:03  ---------- 第 826 个文本框 (上一轮共 0.44s) ----------
17:56:03  原文: "无法向“自定义代码项”文件夹中添加URL。"   [取文本 0ms, 焦点 Edit '无法向“自定义代码项”文件夹中添加URL']
17:56:03  translate.py -> need=0  text="无法向“自定义代码项”文件夹中添加URL。"   [python 218ms]
17:56:03  不需要翻译 -> 直接回车
17:56:04      [回车+等下一个框 204ms]
17:56:04  ---------- 第 827 个文本框 (上一轮共 0.42s) ----------
17:56:04  原文: "无法向“自定义代码项”文件夹中添加URL。"   [取文本 0ms, 焦点 Edit '无法向“自定义代码项”文件夹中添加URL']
17:56:04  translate.py -> need=0  text="无法向“自定义代码项”文件夹中添加URL。"   [python 203ms]
17:56:04  不需要翻译 -> 直接回车
17:56:04      [回车+等下一个框 218ms]
17:56:04  ---------- 第 828 个文本框 (上一轮共 0.42s) ----------
17:56:04  原文: "无法向“自定义代码项”文件夹中添加URL。"   [取文本 0ms, 焦点 Edit '无法向“自定义代码项”文件夹中添加URL']
17:56:04  translate.py -> need=0  text="无法向“自定义代码项”文件夹中添加URL。"   [python 188ms]
17:56:04  不需要翻译 -> 直接回车
17:56:04      [回车+等下一个框 203ms]
17:56:04  ---------- 第 829 个文本框 (上一轮共 0.39s) ----------
17:56:04  原文: "无法向“自定义代码项”文件夹中添加URL。"   [取文本 0ms, 焦点 Edit '无法向“自定义代码项”文件夹中添加URL']
17:56:05  translate.py -> need=0  text="无法向“自定义代码项”文件夹中添加URL。"   [python 219ms]
17:56:05  不需要翻译 -> 直接回车
17:56:05      [回车+等下一个框 219ms]
17:56:05  ---------- 第 830 个文本框 (上一轮共 0.44s) ----------
17:56:05  原文: "无法向“自定义代码项”文件夹中添加URL。"   [取文本 0ms, 焦点 Edit '无法向“自定义代码项”文件夹中添加URL']
17:56:05  translate.py -> need=0  text="无法向“自定义代码项”文件夹中添加URL。"   [python 218ms]
17:56:05  不需要翻译 -> 直接回车
17:56:05      [回车+等下一个框 203ms]
17:56:05  ---------- 第 831 个文本框 (上一轮共 0.42s) ----------
17:56:05  原文: "无法向“自定义代码项”文件夹中添加URL。"   [取文本 0ms, 焦点 Edit '无法向“自定义代码项”文件夹中添加URL']
17:56:06  translate.py -> need=0  text="无法向“自定义代码项”文件夹中添加URL。"   [python 204ms]
17:56:06  不需要翻译 -> 直接回车
17:56:06      [回车+等下一个框 234ms]
17:56:06  ---------- 第 832 个文本框 (上一轮共 0.44s) ----------
17:56:06  原文: "无法向“自定义代码项”文件夹中添加URL。"   [取文本 0ms, 焦点 Edit '无法向“自定义代码项”文件夹中添加URL']
17:56:06  translate.py -> need=0  text="无法向“自定义代码项”文件夹中添加URL。"   [python 219ms]
17:56:06  不需要翻译 -> 直接回车
17:56:06      [回车+等下一个框 218ms]
17:56:06  ---------- 第 833 个文本框 (上一轮共 0.44s) ----------
17:56:06  原文: "无法向“自定义代码项”文件夹中添加URL。"   [取文本 0ms, 焦点 Edit '无法向“自定义代码项”文件夹中添加URL']
17:56:06  translate.py -> need=0  text="无法向“自定义代码项”文件夹中添加URL。"   [python 188ms]
17:56:06  不需要翻译 -> 直接回车
17:56:07      [回车+等下一个框 203ms]
17:56:07  ---------- 第 834 个文本框 (上一轮共 0.39s) ----------
17:56:07  原文: "无法向“自定义代码项”文件夹中添加URL。"   [取文本 0ms, 焦点 Edit '无法向“自定义代码项”文件夹中添加URL']
17:56:07  translate.py -> need=0  text="无法向“自定义代码项”文件夹中添加URL。"   [python 203ms]
17:56:07  不需要翻译 -> 直接回车
17:56:07      [回车+等下一个框 235ms]
17:56:07  ---------- 第 835 个文本框 (上一轮共 0.45s) ----------
17:56:07  原文: "无法向“自定义代码项”文件夹中添加URL。"   [取文本 0ms, 焦点 Edit '无法向“自定义代码项”文件夹中添加URL']
17:56:07  translate.py -> need=0  text="无法向“自定义代码项”文件夹中添加URL。"   [python 188ms]
17:56:07  不需要翻译 -> 直接回车
17:56:07      [回车+等下一个框 234ms]
17:56:07  ---------- 第 836 个文本框 (上一轮共 0.42s) ----------
17:56:07  原文: "无法向“自定义代码项”文件夹中添加URL。"   [取文本 0ms, 焦点 Edit '无法向“自定义代码项”文件夹中添加URL']
17:56:08  translate.py -> need=0  text="无法向“自定义代码项”文件夹中添加URL。"   [python 219ms]
17:56:08  不需要翻译 -> 直接回车
17:56:08      [回车+等下一个框 203ms]
17:56:08  ---------- 第 837 个文本框 (上一轮共 0.42s) ----------
17:56:08  原文: "无法向“自定义代码项”文件夹中添加URL。"   [取文本 0ms, 焦点 Edit '无法向“自定义代码项”文件夹中添加URL']
17:56:08  translate.py -> need=0  text="无法向“自定义代码项”文件夹中添加URL。"   [python 234ms]
17:56:08  不需要翻译 -> 直接回车
17:56:08      [回车+等下一个框 203ms]
17:56:08  ---------- 第 838 个文本框 (上一轮共 0.44s) ----------
17:56:08  原文: "无法向“自定义代码项”文件夹中添加URL。"   [取文本 0ms, 焦点 Edit '无法向“自定义代码项”文件夹中添加URL']
17:56:09  translate.py -> need=0  text="无法向“自定义代码项”文件夹中添加URL。"   [python 204ms]
17:56:09  不需要翻译 -> 直接回车
17:56:09      [回车+等下一个框 203ms]
17:56:09  ---------- 第 839 个文本框 (上一轮共 0.41s) ----------
17:56:09  原文: "无法向“自定义代码项”文件夹中添加URL。"   [取文本 0ms, 焦点 Edit '无法向“自定义代码项”文件夹中添加URL']
17:56:09  translate.py -> need=0  text="无法向“自定义代码项”文件夹中添加URL。"   [python 203ms]
17:56:09  不需要翻译 -> 直接回车
17:56:09      [回车+等下一个框 219ms]
17:56:09  ---------- 第 840 个文本框 (上一轮共 0.42s) ----------
17:56:09  原文: "无法向“自定义代码项”文件夹中添加URL。"   [取文本 0ms, 焦点 Edit '无法向“自定义代码项”文件夹中添加URL']
17:56:09  translate.py -> need=0  text="无法向“自定义代码项”文件夹中添加URL。"   [python 203ms]
17:56:09  不需要翻译 -> 直接回车
17:56:10      [回车+等下一个框 203ms]
17:56:10  ---------- 第 841 个文本框 (上一轮共 0.41s) ----------
17:56:10  原文: "无法向“自定义代码项”文件夹中添加URL。"   [取文本 0ms, 焦点 Edit '无法向“自定义代码项”文件夹中添加URL']
17:56:10  translate.py -> need=0  text="无法向“自定义代码项”文件夹中添加URL。"   [python 203ms]
17:56:10  不需要翻译 -> 直接回车
17:56:10      [回车+等下一个框 203ms]
17:56:10  ---------- 第 842 个文本框 (上一轮共 0.41s) ----------
17:56:10  原文: "无法向“自定义代码项”文件夹中添加URL。"   [取文本 0ms, 焦点 Edit '无法向“自定义代码项”文件夹中添加URL']
17:56:10  translate.py -> need=0  text="无法向“自定义代码项”文件夹中添加URL。"   [python 187ms]
17:56:10  不需要翻译 -> 直接回车
17:56:10      [回车+等下一个框 203ms]
17:56:10  ---------- 第 843 个文本框 (上一轮共 0.41s) ----------
17:56:10  原文: "无法向“自定义代码项”文件夹中添加URL。"   [取文本 0ms, 焦点 Edit '无法向“自定义代码项”文件夹中添加URL']
17:56:11  translate.py -> need=0  text="无法向“自定义代码项”文件夹中添加URL。"   [python 203ms]
17:56:11  不需要翻译 -> 直接回车
17:56:11      [回车+等下一个框 234ms]
17:56:11  ---------- 第 844 个文本框 (上一轮共 0.44s) ----------
17:56:11  原文: "无法向“自定义代码项”文件夹中添加URL。"   [取文本 0ms, 焦点 Edit '无法向“自定义代码项”文件夹中添加URL']
17:56:11  translate.py -> need=0  text="无法向“自定义代码项”文件夹中添加URL。"   [python 188ms]
17:56:11  不需要翻译 -> 直接回车
17:56:11      [回车+等下一个框 203ms]
17:56:11  ---------- 第 845 个文本框 (上一轮共 0.41s) ----------
17:56:11  原文: "无法向“自定义代码项”文件夹中添加URL。"   [取文本 0ms, 焦点 Edit '无法向“自定义代码项”文件夹中添加URL']
17:56:11  translate.py -> need=0  text="无法向“自定义代码项”文件夹中添加URL。"   [python 218ms]
17:56:11  不需要翻译 -> 直接回车
17:56:12      [回车+等下一个框 204ms]
17:56:12  ---------- 第 846 个文本框 (上一轮共 0.42s) ----------
17:56:12  原文: "无法向“自定义代码项”文件夹中添加URL。"   [取文本 0ms, 焦点 Edit '无法向“自定义代码项”文件夹中添加URL']
17:56:12  translate.py -> need=0  text="无法向“自定义代码项”文件夹中添加URL。"   [python 203ms]
17:56:12  不需要翻译 -> 直接回车
17:56:12      [回车+等下一个框 203ms]
17:56:12  ---------- 第 847 个文本框 (上一轮共 0.41s) ----------
17:56:12  原文: "无法向“自定义代码项”文件夹中添加URL。"   [取文本 15ms, 焦点 Edit '无法向“自定义代码项”文件夹中添加URL']
17:56:12  translate.py -> need=0  text="无法向“自定义代码项”文件夹中添加URL。"   [python 204ms]
17:56:12  不需要翻译 -> 直接回车
17:56:13      [回车+等下一个框 203ms]
17:56:13  ---------- 第 848 个文本框 (上一轮共 0.42s) ----------
17:56:13  原文: "无法向“自定义代码项”文件夹中添加URL。"   [取文本 0ms, 焦点 Edit '无法向“自定义代码项”文件夹中添加URL']
17:56:13  translate.py -> need=0  text="无法向“自定义代码项”文件夹中添加URL。"   [python 203ms]
17:56:13  不需要翻译 -> 直接回车
17:56:13      [回车+等下一个框 234ms]
17:56:13  ---------- 第 849 个文本框 (上一轮共 0.44s) ----------
17:56:13  原文: "无法向“自定义代码项”文件夹中添加URL。"   [取文本 0ms, 焦点 Edit '无法向“自定义代码项”文件夹中添加URL']
17:56:13  translate.py -> need=0  text="无法向“自定义代码项”文件夹中添加URL。"   [python 235ms]
17:56:13  不需要翻译 -> 直接回车
17:56:13      [回车+等下一个框 203ms]
17:56:13  ---------- 第 850 个文本框 (上一轮共 0.44s) ----------
17:56:13  原文: "无法向“自定义代码项”文件夹中添加URL。"   [取文本 0ms, 焦点 Edit '无法向“自定义代码项”文件夹中添加URL']
17:56:14  translate.py -> need=0  text="无法向“自定义代码项”文件夹中添加URL。"   [python 250ms]
17:56:14  不需要翻译 -> 直接回车
17:56:14      [回车+等下一个框 203ms]
17:56:14  ---------- 第 851 个文本框 (上一轮共 0.45s) ----------
17:56:14  原文: "无法向“自定义代码项”文件夹中添加URL。"   [取文本 0ms, 焦点 Edit '无法向“自定义代码项”文件夹中添加URL']
17:56:14  translate.py -> need=0  text="无法向“自定义代码项”文件夹中添加URL。"   [python 219ms]
17:56:14  不需要翻译 -> 直接回车
17:56:14      [回车+等下一个框 203ms]
17:56:14  ---------- 第 852 个文本框 (上一轮共 0.42s) ----------
17:56:14  原文: "无法向“自定义代码项”文件夹中添加URL。"   [取文本 0ms, 焦点 Edit '无法向“自定义代码项”文件夹中添加URL']
17:56:14  translate.py -> need=0  text="无法向“自定义代码项”文件夹中添加URL。"   [python 203ms]
17:56:14  不需要翻译 -> 直接回车
17:56:15      [回车+等下一个框 204ms]
17:56:15  ---------- 第 853 个文本框 (上一轮共 0.42s) ----------
17:56:15  原文: "无法向“自定义代码项”文件夹中添加URL。"   [取文本 0ms, 焦点 Edit '无法向“自定义代码项”文件夹中添加URL']
17:56:15  translate.py -> need=0  text="无法向“自定义代码项”文件夹中添加URL。"   [python 218ms]
17:56:15  不需要翻译 -> 直接回车
17:56:15      [回车+等下一个框 203ms]
17:56:15  ---------- 第 854 个文本框 (上一轮共 0.42s) ----------
17:56:15  原文: "无法向“自定义代码项”文件夹中添加URL。"   [取文本 0ms, 焦点 Edit '无法向“自定义代码项”文件夹中添加URL']
17:56:15  translate.py -> need=0  text="无法向“自定义代码项”文件夹中添加URL。"   [python 219ms]
17:56:15  不需要翻译 -> 直接回车
17:56:16      [回车+等下一个框 235ms]
17:56:16  ---------- 第 855 个文本框 (上一轮共 0.45s) ----------
17:56:16  原文: "无法向“自定义代码项”文件夹中添加URL。"   [取文本 0ms, 焦点 Edit '无法向“自定义代码项”文件夹中添加URL']
17:56:16  translate.py -> need=0  text="无法向“自定义代码项”文件夹中添加URL。"   [python 187ms]
17:56:16  不需要翻译 -> 直接回车
17:56:16      [回车+等下一个框 219ms]
17:56:16  ---------- 第 856 个文本框 (上一轮共 0.41s) ----------
17:56:16  原文: "无法向“自定义代码项”文件夹中添加URL。"   [取文本 0ms, 焦点 Edit '无法向“自定义代码项”文件夹中添加URL']
17:56:16  translate.py -> need=0  text="无法向“自定义代码项”文件夹中添加URL。"   [python 203ms]
17:56:16  不需要翻译 -> 直接回车
17:56:16      [回车+等下一个框 203ms]
17:56:16  ---------- 第 857 个文本框 (上一轮共 0.41s) ----------
17:56:16  原文: "无法向“自定义代码项”文件夹中添加URL。"   [取文本 0ms, 焦点 Edit '无法向“自定义代码项”文件夹中添加URL']
17:56:17  translate.py -> need=0  text="无法向“自定义代码项”文件夹中添加URL。"   [python 203ms]
17:56:17  不需要翻译 -> 直接回车
17:56:17      [回车+等下一个框 203ms]
17:56:17  ---------- 第 858 个文本框 (上一轮共 0.41s) ----------
17:56:17  原文: "无法向“自定义代码项”文件夹中添加URL。"   [取文本 0ms, 焦点 Edit '无法向“自定义代码项”文件夹中添加URL']
17:56:17  translate.py -> need=0  text="无法向“自定义代码项”文件夹中添加URL。"   [python 188ms]
17:56:17  不需要翻译 -> 直接回车
17:56:17      [回车+等下一个框 203ms]
17:56:17  ---------- 第 859 个文本框 (上一轮共 0.39s) ----------
17:56:17  原文: "无法向“自定义代码项”文件夹中添加URL。"   [取文本 0ms, 焦点 Edit '无法向“自定义代码项”文件夹中添加URL']
17:56:17  translate.py -> need=0  text="无法向“自定义代码项”文件夹中添加URL。"   [python 187ms]
17:56:17  不需要翻译 -> 直接回车
17:56:18      [回车+等下一个框 204ms]
17:56:18  ---------- 第 860 个文本框 (上一轮共 0.39s) ----------
17:56:18  原文: "无法向“自定义代码项”文件夹中添加URL。"   [取文本 0ms, 焦点 Edit '无法向“自定义代码项”文件夹中添加URL']
17:56:18  translate.py -> need=0  text="无法向“自定义代码项”文件夹中添加URL。"   [python 171ms]
17:56:18  不需要翻译 -> 直接回车
17:56:18      [回车+等下一个框 204ms]
17:56:18  ---------- 第 861 个文本框 (上一轮共 0.38s) ----------
17:56:18  原文: "无法向“自定义代码项”文件夹中添加URL。"   [取文本 0ms, 焦点 Edit '无法向“自定义代码项”文件夹中添加URL']
17:56:18  translate.py -> need=0  text="无法向“自定义代码项”文件夹中添加URL。"   [python 203ms]
17:56:18  不需要翻译 -> 直接回车
17:56:18      [回车+等下一个框 218ms]
17:56:18  ---------- 第 862 个文本框 (上一轮共 0.44s) ----------
17:56:18  原文: "无法向“自定义代码项”文件夹中添加URL。"   [取文本 0ms, 焦点 Edit '无法向“自定义代码项”文件夹中添加URL']
17:56:19  translate.py -> need=0  text="无法向“自定义代码项”文件夹中添加URL。"   [python 219ms]
17:56:19  不需要翻译 -> 直接回车
17:56:19      [回车+等下一个框 234ms]
17:56:19  ---------- 第 863 个文本框 (上一轮共 0.45s) ----------
17:56:19  原文: "无法向“自定义代码项”文件夹中添加URL。"   [取文本 0ms, 焦点 Edit '无法向“自定义代码项”文件夹中添加URL']
17:56:19  translate.py -> need=0  text="无法向“自定义代码项”文件夹中添加URL。"   [python 188ms]
17:56:19  不需要翻译 -> 直接回车
17:56:19      [回车+等下一个框 203ms]
17:56:19  ---------- 第 864 个文本框 (上一轮共 0.42s) ----------
17:56:19  原文: "无法向“自定义代码项”文件夹中添加URL。"   [取文本 0ms, 焦点 Edit '无法向“自定义代码项”文件夹中添加URL']
17:56:19  translate.py -> need=0  text="无法向“自定义代码项”文件夹中添加URL。"   [python 188ms]
17:56:19  不需要翻译 -> 直接回车
17:56:20      [回车+等下一个框 218ms]
17:56:20  ---------- 第 865 个文本框 (上一轮共 0.41s) ----------
17:56:20  原文: "无法向“自定义代码项”文件夹中添加URL。"   [取文本 0ms, 焦点 Edit '无法向“自定义代码项”文件夹中添加URL']
17:56:20  translate.py -> need=0  text="无法向“自定义代码项”文件夹中添加URL。"   [python 219ms]
17:56:20  不需要翻译 -> 直接回车
17:56:20      [回车+等下一个框 219ms]
17:56:20  ---------- 第 866 个文本框 (上一轮共 0.44s) ----------
17:56:20  原文: "无法向“自定义代码项”文件夹中添加URL。"   [取文本 0ms, 焦点 Edit '无法向“自定义代码项”文件夹中添加URL']
17:56:20  translate.py -> need=0  text="无法向“自定义代码项”文件夹中添加URL。"   [python 219ms]
17:56:20  不需要翻译 -> 直接回车
17:56:20      [回车+等下一个框 203ms]
17:56:21  ---------- 第 867 个文本框 (上一轮共 0.42s) ----------
17:56:21  原文: "无法向“自定义代码项”文件夹中添加URL。"   [取文本 0ms, 焦点 Edit '无法向“自定义代码项”文件夹中添加URL']
17:56:21  translate.py -> need=0  text="无法向“自定义代码项”文件夹中添加URL。"   [python 218ms]
17:56:21  不需要翻译 -> 直接回车
17:56:21      [回车+等下一个框 204ms]
17:56:21  ---------- 第 868 个文本框 (上一轮共 0.42s) ----------
17:56:21  原文: "无法向“自定义代码项”文件夹中添加URL。"   [取文本 0ms, 焦点 Edit '无法向“自定义代码项”文件夹中添加URL']
17:56:21  translate.py -> need=0  text="无法向“自定义代码项”文件夹中添加URL。"   [python 234ms]
17:56:21  不需要翻译 -> 直接回车
17:56:21      [回车+等下一个框 203ms]
17:56:21  ---------- 第 869 个文本框 (上一轮共 0.44s) ----------
17:56:21  原文: "无法向“自定义代码项”文件夹中添加URL。"   [取文本 0ms, 焦点 Edit '无法向“自定义代码项”文件夹中添加URL']
17:56:22  translate.py -> need=0  text="无法向“自定义代码项”文件夹中添加URL。"   [python 219ms]
17:56:22  不需要翻译 -> 直接回车
17:56:22      [回车+等下一个框 203ms]
17:56:22  ---------- 第 870 个文本框 (上一轮共 0.44s) ----------
17:56:22  原文: "无法向“自定义代码项”文件夹中添加URL。"   [取文本 0ms, 焦点 Edit '无法向“自定义代码项”文件夹中添加URL']
17:56:22  translate.py -> need=0  text="无法向“自定义代码项”文件夹中添加URL。"   [python 203ms]
17:56:22  不需要翻译 -> 直接回车
17:56:22      [回车+等下一个框 203ms]
17:56:22  ---------- 第 871 个文本框 (上一轮共 0.41s) ----------
17:56:22  原文: "无法向“自定义代码项”文件夹中添加URL。"   [取文本 0ms, 焦点 Edit '无法向“自定义代码项”文件夹中添加URL']
17:56:22  translate.py -> need=0  text="无法向“自定义代码项”文件夹中添加URL。"   [python 219ms]
17:56:22  不需要翻译 -> 直接回车
17:56:23      [回车+等下一个框 203ms]
17:56:23  ---------- 第 872 个文本框 (上一轮共 0.44s) ----------
17:56:23  原文: "无法向“自定义代码项”文件夹中添加URL。"   [取文本 0ms, 焦点 Edit '无法向“自定义代码项”文件夹中添加URL']
17:56:23  translate.py -> need=0  text="无法向“自定义代码项”文件夹中添加URL。"   [python 203ms]
17:56:23  不需要翻译 -> 直接回车
17:56:23      [回车+等下一个框 204ms]
17:56:23  ---------- 第 873 个文本框 (上一轮共 0.41s) ----------
17:56:23  原文: "无法向“自定义代码项”文件夹中添加URL。"   [取文本 0ms, 焦点 Edit '无法向“自定义代码项”文件夹中添加URL']
17:56:23  translate.py -> need=0  text="无法向“自定义代码项”文件夹中添加URL。"   [python 234ms]
17:56:23  不需要翻译 -> 直接回车
17:56:23      [回车+等下一个框 203ms]
17:56:23  ---------- 第 874 个文本框 (上一轮共 0.44s) ----------
17:56:23  原文: "无法向“自定义代码项”文件夹中添加URL。"   [取文本 16ms, 焦点 Edit '无法向“自定义代码项”文件夹中添加URL']
17:56:24  translate.py -> need=0  text="无法向“自定义代码项”文件夹中添加URL。"   [python 218ms]
17:56:24  不需要翻译 -> 直接回车
17:56:24      [回车+等下一个框 204ms]
17:56:24  ---------- 第 875 个文本框 (上一轮共 0.44s) ----------
17:56:24  原文: "无法向“自定义代码项”文件夹中添加URL。"   [取文本 0ms, 焦点 Edit '无法向“自定义代码项”文件夹中添加URL']
17:56:24  translate.py -> need=0  text="无法向“自定义代码项”文件夹中添加URL。"   [python 187ms]
17:56:24  不需要翻译 -> 直接回车
17:56:24      [回车+等下一个框 203ms]
17:56:24  ---------- 第 876 个文本框 (上一轮共 0.41s) ----------
17:56:24  原文: "无法向“自定义代码项”文件夹中添加URL。"   [取文本 0ms, 焦点 Edit '无法向“自定义代码项”文件夹中添加URL']
17:56:25  translate.py -> need=0  text="无法向“自定义代码项”文件夹中添加URL。"   [python 187ms]
17:56:25  不需要翻译 -> 直接回车
17:56:25      [回车+等下一个框 203ms]
17:56:25  ---------- 第 877 个文本框 (上一轮共 0.39s) ----------
17:56:25  原文: "无法向“自定义代码项”文件夹中添加URL。"   [取文本 0ms, 焦点 Edit '无法向“自定义代码项”文件夹中添加URL']
17:56:25  translate.py -> need=0  text="无法向“自定义代码项”文件夹中添加URL。"   [python 204ms]
17:56:25  不需要翻译 -> 直接回车
17:56:25      [回车+等下一个框 203ms]
17:56:25  ---------- 第 878 个文本框 (上一轮共 0.41s) ----------
17:56:25  原文: "无法向“自定义代码项”文件夹中添加URL。"   [取文本 0ms, 焦点 Edit '无法向“自定义代码项”文件夹中添加URL']
17:56:25  translate.py -> need=0  text="无法向“自定义代码项”文件夹中添加URL。"   [python 187ms]
17:56:25  不需要翻译 -> 直接回车
17:56:26      [回车+等下一个框 203ms]
17:56:26  ---------- 第 879 个文本框 (上一轮共 0.41s) ----------
17:56:26  原文: "无法向“自定义代码项”文件夹中添加URL。"   [取文本 0ms, 焦点 Edit '无法向“自定义代码项”文件夹中添加URL']
17:56:26  translate.py -> need=0  text="无法向“自定义代码项”文件夹中添加URL。"   [python 187ms]
17:56:26  不需要翻译 -> 直接回车
17:56:26      [回车+等下一个框 204ms]
17:56:26  ---------- 第 880 个文本框 (上一轮共 0.39s) ----------
17:56:26  原文: "无法向“自定义代码项”文件夹中添加URL。"   [取文本 0ms, 焦点 Edit '无法向“自定义代码项”文件夹中添加URL']
17:56:26  translate.py -> need=0  text="无法向“自定义代码项”文件夹中添加URL。"   [python 218ms]
17:56:26  不需要翻译 -> 直接回车
17:56:26      [回车+等下一个框 219ms]
17:56:26  ---------- 第 881 个文本框 (上一轮共 0.44s) ----------
17:56:26  原文: "无法向“自定义代码项”文件夹中添加URL。"   [取文本 0ms, 焦点 Edit '无法向“自定义代码项”文件夹中添加URL']
17:56:27  translate.py -> need=0  text="无法向“自定义代码项”文件夹中添加URL。"   [python 219ms]
17:56:27  不需要翻译 -> 直接回车
17:56:27      [回车+等下一个框 203ms]
17:56:27  ---------- 第 882 个文本框 (上一轮共 0.42s) ----------
17:56:27  原文: "无法向“自定义代码项”文件夹中添加URL。"   [取文本 0ms, 焦点 Edit '无法向“自定义代码项”文件夹中添加URL']
17:56:27  translate.py -> need=0  text="无法向“自定义代码项”文件夹中添加URL。"   [python 203ms]
17:56:27  不需要翻译 -> 直接回车
17:56:27      [回车+等下一个框 203ms]
17:56:27  ---------- 第 883 个文本框 (上一轮共 0.41s) ----------
17:56:27  原文: "无法向“自定义代码项”文件夹中添加URL。"   [取文本 0ms, 焦点 Edit '无法向“自定义代码项”文件夹中添加URL']
17:56:27  translate.py -> need=0  text="无法向“自定义代码项”文件夹中添加URL。"   [python 219ms]
17:56:27  不需要翻译 -> 直接回车
17:56:28      [回车+等下一个框 219ms]
17:56:28  ---------- 第 884 个文本框 (上一轮共 0.44s) ----------
17:56:28  原文: "无法向“自定义代码项”文件夹中添加URL。"   [取文本 0ms, 焦点 Edit '无法向“自定义代码项”文件夹中添加URL']
17:56:28  translate.py -> need=0  text="无法向“自定义代码项”文件夹中添加URL。"   [python 218ms]
17:56:28  不需要翻译 -> 直接回车
17:56:28      [回车+等下一个框 219ms]
17:56:28  ---------- 第 885 个文本框 (上一轮共 0.44s) ----------
17:56:28  原文: "无法向“自定义代码项”文件夹中添加URL。"   [取文本 0ms, 焦点 Edit '无法向“自定义代码项”文件夹中添加URL']
17:56:28  translate.py -> need=0  text="无法向“自定义代码项”文件夹中添加URL。"   [python 203ms]
17:56:28  不需要翻译 -> 直接回车
17:56:28      [回车+等下一个框 219ms]
17:56:28  ---------- 第 886 个文本框 (上一轮共 0.42s) ----------
17:56:28  原文: "无法向“自定义代码项”文件夹中添加URL。"   [取文本 0ms, 焦点 Edit '无法向“自定义代码项”文件夹中添加URL']
17:56:29  translate.py -> need=0  text="无法向“自定义代码项”文件夹中添加URL。"   [python 219ms]
17:56:29  不需要翻译 -> 直接回车
17:56:29      [回车+等下一个框 219ms]
17:56:29  ---------- 第 887 个文本框 (上一轮共 0.44s) ----------
17:56:29  原文: "无法向“自定义代码项”文件夹中添加URL。"   [取文本 0ms, 焦点 Edit '无法向“自定义代码项”文件夹中添加URL']
17:56:29  translate.py -> need=0  text="无法向“自定义代码项”文件夹中添加URL。"   [python 203ms]
17:56:29  不需要翻译 -> 直接回车
17:56:29      [回车+等下一个框 203ms]
17:56:29  ---------- 第 888 个文本框 (上一轮共 0.41s) ----------
17:56:29  原文: "无法向“自定义代码项”文件夹中添加URL。"   [取文本 0ms, 焦点 Edit '无法向“自定义代码项”文件夹中添加URL']
17:56:30  translate.py -> need=0  text="无法向“自定义代码项”文件夹中添加URL。"   [python 219ms]
17:56:30  不需要翻译 -> 直接回车
17:56:30      [回车+等下一个框 218ms]
17:56:30  ---------- 第 889 个文本框 (上一轮共 0.44s) ----------
17:56:30  原文: "无法向“自定义代码项”文件夹中添加URL。"   [取文本 0ms, 焦点 Edit '无法向“自定义代码项”文件夹中添加URL']
17:56:30  translate.py -> need=0  text="无法向“自定义代码项”文件夹中添加URL。"   [python 235ms]
17:56:30  不需要翻译 -> 直接回车
17:56:30      [回车+等下一个框 218ms]
17:56:30  ---------- 第 890 个文本框 (上一轮共 0.47s) ----------
17:56:30  原文: "无法向“自定义代码项”文件夹中添加URL。"   [取文本 0ms, 焦点 Edit '无法向“自定义代码项”文件夹中添加URL']
17:56:30  translate.py -> need=0  text="无法向“自定义代码项”文件夹中添加URL。"   [python 203ms]
17:56:30  不需要翻译 -> 直接回车
17:56:31      [回车+等下一个框 203ms]
17:56:31  ---------- 第 891 个文本框 (上一轮共 0.41s) ----------
17:56:31  原文: "无法向“自定义代码项”文件夹中添加URL。"   [取文本 0ms, 焦点 Edit '无法向“自定义代码项”文件夹中添加URL']
17:56:31  translate.py -> need=0  text="无法向“自定义代码项”文件夹中添加URL。"   [python 203ms]
17:56:31  不需要翻译 -> 直接回车
17:56:31      [回车+等下一个框 203ms]
17:56:31  ---------- 第 892 个文本框 (上一轮共 0.41s) ----------
17:56:31  原文: "无法向“自定义代码项”文件夹中添加URL。"   [取文本 0ms, 焦点 Edit '无法向“自定义代码项”文件夹中添加URL']
17:56:31  translate.py -> need=0  text="无法向“自定义代码项”文件夹中添加URL。"   [python 203ms]
17:56:31  不需要翻译 -> 直接回车
17:56:31  收到 Esc, 正在停止...
17:56:31      [回车+等下一个框 203ms]
17:56:31  ========== 已停止 (Esc) ==========
18:03:44  ========== 开始 (Ctrl+Alt+S) ==========
18:03:44  ---------- 第 1 个文本框 ----------
18:03:44  原文: "CodeSMART Control Panel"   [取文本 16ms, 焦点 Edit 'CodeSMART Control Pa']
18:03:46  translate.py -> need=0  text="CodeSMART Control Panel"   [python 1093ms]
18:03:46  不需要翻译 -> 直接回车
18:03:46      [回车+等下一个框 204ms]
18:03:46  ---------- 第 2 个文本框 (上一轮共 1.33s) ----------
18:03:46  原文: "Form1"   [取文本 0ms, 焦点 Edit 'Form1']
18:03:46  translate.py -> need=0  text="Form1"   [python 203ms]
18:03:46  不需要翻译 -> 直接回车
18:03:46      [回车+等下一个框 203ms]
18:03:46  ---------- 第 3 个文本框 (上一轮共 0.41s) ----------
18:03:46  原文: " <Search for category>"   [取文本 0ms, 焦点 Edit ' <Search for categor']
18:03:47  translate.py -> need=1  text=" <Search for category>"   [python 922ms]
18:03:47  翻译前基准: " <Search for category>"   [粘贴 141ms, 取基准 0ms]
18:03:48  按翻译热键 (第 1 次, step 模式)   [全选+确认 312ms]
18:03:48      第 1 次轮询看到内容变了
18:03:49  译文已稳定 (轮询 3 次)
18:03:49      [等译文 0.61s, 轮询 3 次]
18:03:49  译文: "<Search for category>"
18:03:49  translateposthtml.py -> "<Search for category>"   [python 157ms]
18:03:49      [粘回译文 140ms]
18:03:49      [回车+等下一个框 203ms]
18:03:49  ---------- 第 4 个文本框 (上一轮共 3.05s) ----------
18:03:49  原文: "Enter here a string to filter the option categories. Completely clear this textbox in order to have all option categories displayed in the tree."   [取文本 16ms, 焦点 Edit 'Enter here a string ']
18:03:50  translate.py -> need=0  text="Enter here a string to filter the option categories. Completely clear this textbox in order to have all option categories displayed in the tree."   [python 1078ms]
18:03:50  不需要翻译 -> 直接回车
18:03:51      [回车+等下一个框 203ms]
18:03:51  ---------- 第 5 个文本框 (上一轮共 1.30s) ----------
18:03:51  原文: "Hint:"   [取文本 0ms, 焦点 Edit 'Hint:']
18:03:52  translate.py -> need=1  text="Hint:"   [python 938ms]
18:03:52  翻译前基准: "Hint:"   [粘贴 140ms, 取基准 0ms]
18:03:52  按翻译热键 (第 1 次, step 模式)   [全选+确认 297ms]
18:03:53      第 1 次轮询看到内容变了
18:03:53  译文已稳定 (轮询 2 次)
18:03:53      [等译文 0.45s, 轮询 2 次]
18:03:53  译文: "提示："
18:03:53  translateposthtml.py -> "提示："   [python 109ms]
18:03:53      [粘回译文 141ms]
18:03:53      [回车+等下一个框 250ms]
18:03:53  ---------- 第 6 个文本框 (上一轮共 2.89s) ----------
18:03:53  原文: "General - Identification"   [取文本 0ms, 焦点 Edit 'General - Identifica']
18:03:54  translate.py -> need=1  text="General - Identification"   [python 797ms]
18:03:54  翻译前基准: "General - Identification"   [粘贴 140ms, 取基准 0ms]
18:03:55  按翻译热键 (第 1 次, step 模式)   [全选+确认 297ms]
18:03:56      第 1 次轮询看到内容变了
18:03:56  译文已稳定 (轮询 2 次)
18:03:56      [等译文 0.45s, 轮询 2 次]
18:03:56  译文: "概述-标识"
18:03:56  translateposthtml.py -> "概述-标识"   [python 110ms]
18:03:56      [粘回译文 156ms]
18:03:56      [回车+等下一个框 203ms]
18:03:56  ---------- 第 7 个文本框 (上一轮共 2.70s) ----------
18:03:56  原文: "Please select a more specific category"   [取文本 0ms, 焦点 Edit 'Please select a more']
18:03:57  translate.py -> need=1  text="Please select a more specific category"   [python 969ms]
18:03:57  翻译前基准: "Please select a more specific category"   [粘贴 156ms, 取基准 0ms]
18:03:58  按翻译热键 (第 1 次, step 模式)   [全选+确认 297ms]
18:03:58      第 1 次轮询看到内容变了
18:03:59  译文已稳定 (轮询 2 次)
18:03:59      [等译文 0.47s, 轮询 2 次]
18:03:59  译文: "请选择更具体的类别"
18:03:59  translateposthtml.py -> "请选择更具体的类别"   [python 125ms]
18:03:59      [粘回译文 156ms]
18:03:59      [回车+等下一个框 219ms]
18:03:59  ---------- 第 8 个文本框 (上一轮共 2.95s) ----------
18:03:59  原文: "&OK"   [取文本 16ms, 焦点 Edit '&OK']
18:03:59  translate.py -> need=1  text="OK"   [python 187ms]
18:03:59  翻译前基准: "OK"   [粘贴 156ms, 取基准 0ms]
18:04:00  按翻译热键 (第 1 次, step 模式)   [全选+确认 297ms]
18:04:01      第 1 次轮询看到内容变了
18:04:01  译文已稳定 (轮询 2 次)
18:04:01      [等译文 0.45s, 轮询 2 次]
18:04:01  译文: "好"
18:04:01  translateposthtml.py -> "好"   [python 109ms]
18:04:01      [粘回译文 141ms]
18:04:01      [回车+等下一个框 203ms]
18:04:01  ---------- 第 9 个文本框 (上一轮共 2.16s) ----------
18:04:01  原文: "&Cancel"   [取文本 0ms, 焦点 Edit '&Cancel']
18:04:01  translate.py -> need=1  text="Cancel"   [python 203ms]
18:04:02  翻译前基准: "Cancel"   [粘贴 141ms, 取基准 0ms]
18:04:02  按翻译热键 (第 1 次, step 模式)   [全选+确认 313ms]
18:04:03      第 1 次轮询看到内容变了
18:04:03  译文已稳定 (轮询 2 次)
18:04:03      [等译文 0.45s, 轮询 2 次]
18:04:03  译文: "取消"
18:04:03  translateposthtml.py -> "取消"   [python 63ms]
18:04:03      [粘回译文 141ms]
18:04:03      [回车+等下一个框 234ms]
18:04:03  ---------- 第 10 个文本框 (上一轮共 2.14s) ----------
18:04:03  原文: "&Help"   [取文本 0ms, 焦点 Edit '&Help']
18:04:04  translate.py -> need=1  text="Help"   [python 219ms]
18:04:04  翻译前基准: "Help"   [粘贴 140ms, 取基准 0ms]
18:04:04  按翻译热键 (第 1 次, step 模式)   [全选+确认 313ms]
18:04:05      第 1 次轮询看到内容变了
18:04:05  译文已稳定 (轮询 2 次)
18:04:05      [等译文 0.47s, 轮询 2 次]
18:04:05  译文: "帮助"
18:04:05  translateposthtml.py -> "帮助"   [python 125ms]
18:04:05      [粘回译文 157ms]
18:04:06      [回车+等下一个框 203ms]
18:04:06  ---------- 第 11 个文本框 (上一轮共 2.17s) ----------
18:04:06  原文: "You must restart CodeSMART for some settings to take effect."   [取文本 0ms, 焦点 Edit 'You must restart Cod']
18:04:06  translate.py -> need=1  text="You must restart CodeSMART for some settings to take effect."   [python 906ms]
18:04:07  翻译前基准: "You must restart CodeSMART for some settings to take effect."   [粘贴 156ms, 取基准 0ms]
18:04:07  按翻译热键 (第 1 次, step 模式)   [全选+确认 313ms]
18:04:08      第 1 次轮询看到内容变了
18:04:08  译文已稳定 (轮询 3 次)
18:04:08      [等译文 0.61s, 轮询 3 次]
18:04:08  译文: "您必须重新启动CodeSMART才能使某些设置生效。"
18:04:08  translateposthtml.py -> "您必须重新启动CodeSMART才能使某些设置生效。"   [python 109ms]
18:04:08      [粘回译文 141ms]
18:04:09      [回车+等下一个框 203ms]
18:04:09  ---------- 第 12 个文本框 (上一轮共 3.00s) ----------
18:04:09  原文: "Code View Assistant - by CodeSMART"   [取文本 0ms, 焦点 Edit 'Code View Assistant ']
18:04:09  translate.py -> need=1  text="Code View Assistant - by CodeSMART"   [python 828ms]
18:04:10  翻译前基准: "Code View Assistant - by CodeSMART"   [粘贴 141ms, 取基准 0ms]
18:04:10  按翻译热键 (第 1 次, step 模式)   [全选+确认 312ms]
18:04:11      第 1 次轮询看到内容变了
18:04:11  译文已稳定 (轮询 2 次)
18:04:11      [等译文 0.49s, 轮询 2 次]
18:04:11  译文: "代码查看助手-通过CodeSMART"
18:04:11  translateposthtml.py -> "代码查看助手-通过CodeSMART"   [python 109ms]
18:04:11      [粘回译文 141ms]
18:04:11      [回车+等下一个框 203ms]
18:04:11  ---------- 第 13 个文本框 (上一轮共 2.81s) ----------
18:04:11  原文: "Form1"   [取文本 0ms, 焦点 Edit 'Form1']
18:04:12  translate.py -> need=0  text="Form1"   [python 250ms]
18:04:12  不需要翻译 -> 直接回车
18:04:12      [回车+等下一个框 219ms]
18:04:12  ---------- 第 14 个文本框 (上一轮共 0.47s) ----------
18:04:12  原文: "The Code View Assistant brings visual enhancements to the VB code editor: branch lines, end-of-line details, hotspots etc, all configurable below."   [取文本 16ms, 焦点 Edit 'The Code View Assist']
18:04:13  translate.py -> need=1  text="The Code View Assistant brings visual enhancements to the VB code editor: branch lines, end-of-line details, hotspots etc, all configurable below."   [python 890ms]
18:04:13  翻译前基准: "The Code View Assistant brings visual enhancements to the VB code editor: branch lines, end-of-line details, hotspots etc, all configurable below."   [粘贴 141ms, 取基准 0ms]
18:04:13  按翻译热键 (第 1 次, step 模式)   [全选+确认 297ms]
18:04:14      第 1 次轮询看到内容变了
18:04:15  译文已稳定 (轮询 4 次)
18:04:15      [等译文 0.77s, 轮询 4 次]
18:04:15  译文: "代码视图助手为VB代码编辑器带来了视觉上的增强：分支行、行尾细节、热点等，所有这些都可以在下面配置。"
18:04:15  translateposthtml.py -> "代码视图助手为VB代码编辑器带来了视觉上的增强：分支行、行尾细节、热点等，所有这些都可以在下面配置。"   [python 110ms]
18:04:15      [粘回译文 156ms]
18:04:15      [回车+等下一个框 203ms]
18:04:15  ---------- 第 15 个文本框 (上一轮共 3.13s) ----------
18:04:15  原文: "Hint:"   [取文本 0ms, 焦点 Edit 'Hint:']
18:04:16  translate.py -> need=1  text="Hint:"   [python 1047ms]
18:04:16  翻译前基准: "Hint:"   [粘贴 141ms, 取基准 0ms]
18:04:16  按翻译热键 (第 1 次, step 模式)   [全选+确认 296ms]
18:04:17      第 1 次轮询看到内容变了
18:04:17  译文已稳定 (轮询 2 次)
18:04:17      [等译文 0.47s, 轮询 2 次]
18:04:17  译文: "提示："
18:04:18  translateposthtml.py -> "提示："   [python 125ms]
18:04:18      [粘回译文 141ms]
18:04:18      [回车+等下一个框 203ms]
18:04:18  ---------- 第 16 个文本框 (上一轮共 2.97s) ----------
18:04:18  原文: "If you have a slow machine, check this box and then enter the method line count limit over which the Code View Assistant will get disabled (for that method)."   [取文本 0ms, 焦点 Edit 'If you have a slow m']
18:04:19  translate.py -> need=1  text="If you have a slow machine, check this box and then enter the method line count limit over which the Code View Assistant will get disabled (for that method)."   [python 875ms]
18:04:19  翻译前基准: "If you have a slow machine, check this box and then enter the method line count limit over which the Code View Assistant will get disabled (for that method)."   [粘贴 156ms, 取基准 0ms]
18:04:19  按翻译热键 (第 1 次, step 模式)   [全选+确认 297ms]
18:04:20      第 1 次轮询看到内容变了
18:04:21  译文已稳定 (轮询 4 次)
18:04:21      [等译文 0.77s, 轮询 4 次]
18:04:21  译文: "如果您的计算机运行缓慢，请选中此框，然后输入方法行数限制，超过此限制，代码查看助手将被禁用（对于该方法）。"
18:04:21  translateposthtml.py -> "如果您的计算机运行缓慢，请选中此框，然后输入方法行数限制，超过此限制，代码查看助手将被禁用（对于该方法）。"   [python 94ms]
18:04:21      [粘回译文 156ms]
18:04:21      [回车+等下一个框 234ms]
18:04:21  ---------- 第 17 个文本框 (上一轮共 3.14s) ----------
18:04:21  原文: "&Help"   [取文本 0ms, 焦点 Edit '&Help']
18:04:21  translate.py -> need=1  text="Help"   [python 235ms]
18:04:22  翻译前基准: "Help"   [粘贴 187ms, 取基准 0ms]
18:04:22  按翻译热键 (第 1 次, step 模式)   [全选+确认 313ms]
18:04:23      第 1 次轮询看到内容变了
18:04:23  译文已稳定 (轮询 2 次)
18:04:23      [等译文 0.45s, 轮询 2 次]
18:04:23  译文: "帮助"
18:04:23  translateposthtml.py -> "帮助"   [python 94ms]
18:04:23      [粘回译文 188ms]
18:04:23      [回车+等下一个框 203ms]
18:04:23  ---------- 第 18 个文本框 (上一轮共 2.24s) ----------
18:04:23  原文: "&Cancel"   [取文本 0ms, 焦点 Edit '&Cancel']
18:04:24  translate.py -> need=1  text="Cancel"   [python 203ms]
18:04:24  翻译前基准: "Cancel"   [粘贴 156ms, 取基准 0ms]
18:04:24  按翻译热键 (第 1 次, step 模式)   [全选+确认 297ms]
18:04:25      第 1 次轮询看到内容变了
18:04:25  译文已稳定 (轮询 2 次)
18:04:25      [等译文 0.47s, 轮询 2 次]
18:04:25  译文: "取消"
18:04:25  translateposthtml.py -> "取消"   [python 110ms]
18:04:25      [粘回译文 140ms]
18:04:25      [回车+等下一个框 203ms]
18:04:25  ---------- 第 19 个文本框 (上一轮共 2.14s) ----------
18:04:25  原文: "&OK"   [取文本 0ms, 焦点 Edit '&OK']
18:04:26  translate.py -> need=1  text="OK"   [python 204ms]
18:04:26  翻译前基准: "OK"   [粘贴 156ms, 取基准 0ms]
18:04:26  按翻译热键 (第 1 次, step 模式)   [全选+确认 297ms]
18:04:27      第 1 次轮询看到内容变了
18:04:27  译文已稳定 (轮询 2 次)
18:04:27      [等译文 0.47s, 轮询 2 次]
18:04:27  译文: "好"
18:04:27  translateposthtml.py -> "好"   [python 156ms]
18:04:27      [粘回译文 141ms]
18:04:28      [回车+等下一个框 203ms]
18:04:28  ---------- 第 20 个文本框 (上一轮共 2.19s) ----------
18:04:28  原文: "CodeSMART Databases"   [取文本 0ms, 焦点 Edit 'CodeSMART Databases']
18:04:28  translate.py -> need=0  text="CodeSMART Databases"   [python 828ms]
18:04:28  不需要翻译 -> 直接回车
18:04:29      [回车+等下一个框 203ms]
18:04:29  ---------- 第 21 个文本框 (上一轮共 1.03s) ----------
18:04:29  原文: "Form2"   [取文本 0ms, 焦点 Edit 'Form2']
18:04:29  translate.py -> need=0  text="Form2"   [python 188ms]
18:04:29  不需要翻译 -> 直接回车
18:04:29      [回车+等下一个框 234ms]
18:04:29  ---------- 第 22 个文本框 (上一轮共 0.42s) ----------
18:04:29  原文: "<Previously used locations will be listed here>"   [取文本 0ms, 焦点 Edit '<Previously used loc']
18:04:30  translate.py -> need=1  text="<Previously used locations will be listed here>"   [python 766ms]
18:04:30  这个文本匹配 SKIP_TRANS_PATTERN (翻译器会原样返回) -> 跳过翻译, 直接回车
18:04:30      [回车+等下一个框 203ms]
18:04:30  ---------- 第 23 个文本框 (上一轮共 0.97s) ----------
18:04:30  原文: "&Cancel"   [取文本 0ms, 焦点 Edit '&Cancel']
18:04:30  translate.py -> need=1  text="Cancel"   [python 203ms]
18:04:30  翻译前基准: "Cancel"   [粘贴 141ms, 取基准 31ms]
18:04:31  按翻译热键 (第 1 次, step 模式)   [全选+确认 297ms]
18:04:32      第 1 次轮询看到内容变了
18:04:32  译文已稳定 (轮询 2 次)
18:04:32      [等译文 0.45s, 轮询 2 次]
18:04:32  译文: "取消"
18:04:32  translateposthtml.py -> "取消"   [python 156ms]
18:04:32      [粘回译文 172ms]
18:04:32      [回车+等下一个框 203ms]
18:04:32  ---------- 第 24 个文本框 (上一轮共 2.30s) ----------
18:04:32  原文: "The location '%s' doesn't seem to be valid. \r\nPlease select one of the last used file locations, browse for an existing one or create a blank database at a specified location."   [取文本 0ms, 焦点 Edit 'The location '%s' do']
18:04:33  translate.py -> need=1  text="The location '%s' doesn't seem to be valid. \nPlease select one of the last used file locations, browse for an existing one or create a blank database at a specified location."   [python 843ms]
18:04:33  翻译前基准: "The location '%s' doesn't seem to be valid. \r\nPlease select one of the last used file locations, browse for an existing one or create a blank database at a specified location."   [粘贴 172ms, 取基准 0ms]
18:04:34  按翻译热键 (第 1 次, step 模式)   [全选+确认 297ms]
18:04:35      第 1 次轮询看到内容变了
18:04:35  译文已稳定 (轮询 4 次)
18:04:35      [等译文 0.77s, 轮询 4 次]
18:04:35  译文: "请选择最后使用的文件位置之一，浏览现有位置或在指定位置创建空白数据库。"
18:04:35  translateposthtml.py -> "请选择最后使用的文件位置之一，浏览现有位置或在指定位置创建空白数据库。"   [python 47ms]
18:04:35      [粘回译文 156ms]
18:04:35      [回车+等下一个框 204ms]
18:04:35  ---------- 第 25 个文本框 (上一轮共 3.06s) ----------
18:04:35  原文: "Create &New..."   [取文本 0ms, 焦点 Edit 'Create &New...']
18:04:36  translate.py -> need=1  text="Create New..."   [python 172ms]
18:04:36  翻译前基准: "Create New..."   [粘贴 141ms, 取基准 0ms]
18:04:36  按翻译热键 (第 1 次, step 模式)   [全选+确认 297ms]
18:04:37      第 1 次轮询看到内容变了
18:04:37  译文已稳定 (轮询 2 次)
18:04:37      [等译文 0.45s, 轮询 2 次]
18:04:37  译文: "新建..."
18:04:37  translateposthtml.py -> "新建..."   [python 109ms]
18:04:37      [粘回译文 141ms]
18:04:38      [回车+等下一个框 218ms]
18:04:38  ---------- 第 26 个文本框 (上一轮共 2.08s) ----------
18:04:38  原文: "&Browse..."   [取文本 0ms, 焦点 Edit '&Browse...']
18:04:38  translate.py -> need=1  text="Browse..."   [python 172ms]
18:04:38  翻译前基准: "Browse..."   [粘贴 156ms, 取基准 0ms]
18:04:38  按翻译热键 (第 1 次, step 模式)   [全选+确认 297ms]
18:04:39      第 1 次轮询看到内容变了
18:04:39  译文已稳定 (轮询 2 次)
18:04:39      [等译文 0.47s, 轮询 2 次]
18:04:39  译文: "浏览..."
18:04:39  translateposthtml.py -> "浏览..."   [python 62ms]
18:04:39      [粘回译文 141ms]
18:04:40      [回车+等下一个框 203ms]
18:04:40  ---------- 第 27 个文本框 (上一轮共 2.06s) ----------
18:04:40  原文: "&Select"   [取文本 0ms, 焦点 Edit '&Select']
18:04:40  translate.py -> need=1  text="Select"   [python 172ms]
18:04:40  翻译前基准: "Select"   [粘贴 157ms, 取基准 0ms]
18:04:40  按翻译热键 (第 1 次, step 模式)   [全选+确认 296ms]
18:04:41      第 1 次轮询看到内容变了
18:04:41  译文已稳定 (轮询 2 次)
18:04:41      [等译文 0.47s, 轮询 2 次]
18:04:41  译文: "选择"
18:04:41  translateposthtml.py -> "选择"   [python 109ms]
18:04:41      [粘回译文 141ms]
18:04:42      [回车+等下一个框 203ms]
18:04:42  ---------- 第 28 个文本框 (上一轮共 2.14s) ----------
18:04:42  原文: "<Currently selected item's full location will be displayed here>"   [取文本 0ms, 焦点 Edit '<Currently selected ']
18:04:43  translate.py -> need=1  text="<Currently selected item's full location will be displayed here>"   [python 1250ms]
18:04:43  这个文本匹配 SKIP_TRANS_PATTERN (翻译器会原样返回) -> 跳过翻译, 直接回车
18:04:43      [回车+等下一个框 204ms]
18:04:43  ---------- 第 29 个文本框 (上一轮共 1.45s) ----------
18:04:43  原文: "8"   [取文本 0ms, 焦点 Edit '8']
18:04:43  translate.py -> need=0  text="8"   [python 171ms]
18:04:43  不需要翻译 -> 直接回车
18:04:44      [回车+等下一个框 204ms]
18:04:44  ---------- 第 30 个文本框 (上一轮共 0.38s) ----------
18:04:44  原文: "9"   [取文本 0ms, 焦点 Edit '9']
18:04:44  translate.py -> need=0  text="9"   [python 203ms]
18:04:44  不需要翻译 -> 直接回车
18:04:44      [回车+等下一个框 218ms]
18:04:44  ---------- 第 31 个文本框 (上一轮共 0.42s) ----------
18:04:44  原文: "10"   [取文本 0ms, 焦点 Edit '10']
18:04:44  translate.py -> need=0  text="10"   [python 235ms]
18:04:44  不需要翻译 -> 直接回车
18:04:44      [回车+等下一个框 234ms]
18:04:44  ---------- 第 32 个文本框 (上一轮共 0.47s) ----------
18:04:44  原文: "12"   [取文本 0ms, 焦点 Edit '12']
18:04:45  translate.py -> need=0  text="12"   [python 219ms]
18:04:45  不需要翻译 -> 直接回车
18:04:45      [回车+等下一个框 219ms]
18:04:45  ---------- 第 33 个文本框 (上一轮共 0.44s) ----------
18:04:45  原文: "0"   [取文本 0ms, 焦点 Edit '0']
18:04:45  translate.py -> need=0  text="0"   [python 203ms]
18:04:45  不需要翻译 -> 直接回车
18:04:45      [回车+等下一个框 203ms]
18:04:45  ---------- 第 34 个文本框 (上一轮共 0.41s) ----------
18:04:45  原文: "0"   [取文本 0ms, 焦点 Edit '0']
18:04:45  translate.py -> need=0  text="0"   [python 187ms]
18:04:45  不需要翻译 -> 直接回车
18:04:46      [回车+等下一个框 204ms]
18:04:46  ---------- 第 35 个文本框 (上一轮共 0.39s) ----------
18:04:46  原文: "0"   [取文本 0ms, 焦点 Edit '0']
18:04:46  translate.py -> need=0  text="0"   [python 187ms]
18:04:46  不需要翻译 -> 直接回车
18:04:46      [回车+等下一个框 203ms]
18:04:46  ---------- 第 36 个文本框 (上一轮共 0.39s) ----------
18:04:46  原文: "0"   [取文本 0ms, 焦点 Edit '0']
18:04:46  translate.py -> need=0  text="0"   [python 203ms]
18:04:46  不需要翻译 -> 直接回车
18:04:46      [回车+等下一个框 203ms]
18:04:46  ---------- 第 37 个文本框 (上一轮共 0.41s) ----------
18:04:46  原文: "Disabled"   [取文本 0ms, 焦点 Edit 'Disabled']
18:04:47  translate.py -> need=0  text="Disabled"   [python 204ms]
18:04:47  不需要翻译 -> 直接回车
18:04:47      [回车+等下一个框 203ms]
18:04:47  ---------- 第 38 个文本框 (上一轮共 0.41s) ----------
18:04:47  原文: "Unlimited"   [取文本 0ms, 焦点 Edit 'Unlimited']
18:04:47  translate.py -> need=0  text="Unlimited"   [python 218ms]
18:04:47  不需要翻译 -> 直接回车
18:04:47      [回车+等下一个框 204ms]
18:04:47  ---------- 第 39 个文本框 (上一轮共 0.42s) ----------
18:04:47  原文: "   MsgBox "Form loaded" , vbOkOnly"   [取文本 0ms, 焦点 Edit '   MsgBox "Form load']
18:04:48  translate.py -> need=1  text="   MsgBox "Form loaded" , vbOkOnly"   [python 859ms]
18:04:48  翻译前基准: "   MsgBox "Form loaded" , vbOkOnly"   [粘贴 156ms, 取基准 0ms]
18:04:49  按翻译热键 (第 1 次, step 模式)   [全选+确认 297ms]
18:04:49      第 1 次轮询看到内容变了
18:04:50  译文已稳定 (轮询 3 次)
18:04:50      [等译文 0.63s, 轮询 3 次]
18:04:50  译文: "MsgBox“Form loaded”，vbOkOnly"
18:04:50  translateposthtml.py -> "MsgBox“Form loaded”，vbOkOnly"   [python 125ms]
18:04:50      [粘回译文 141ms]
18:04:50      [回车+等下一个框 203ms]
18:04:50  ---------- 第 40 个文本框 (上一轮共 2.97s) ----------
18:04:50  原文: "?"   [取文本 0ms, 焦点 Edit '?']
18:04:50  translate.py -> need=0  text="?"   [python 219ms]
18:04:50  不需要翻译 -> 直接回车
18:04:51      [回车+等下一个框 203ms]
18:04:51  ---------- 第 41 个文本框 (上一轮共 0.42s) ----------
18:04:51  原文: "If Len(Text) > 0"   [取文本 0ms, 焦点 Edit 'If Len(Text) > 0']
18:04:52  translate.py -> need=1  text="If Len(Text) > 0"   [python 906ms]
18:04:52  翻译前基准: "If Len(Text) > 0"   [粘贴 188ms, 取基准 0ms]
18:04:52  按翻译热键 (第 1 次, step 模式)   [全选+确认 312ms]
18:04:53      第 1 次轮询看到内容变了
18:04:53  译文已稳定 (轮询 2 次)
18:04:53      [等译文 0.45s, 轮询 2 次]
18:04:53  译文: "如果Len（文本）> 0"
18:04:53  translateposthtml.py -> "如果Len（文本）> 0"   [python 109ms]
18:04:53      [粘回译文 141ms]
18:04:54      [回车+等下一个框 203ms]
18:04:54  ---------- 第 42 个文本框 (上一轮共 2.88s) ----------
18:04:54  原文: "End If"   [取文本 0ms, 焦点 Edit 'End If']
18:04:54  translate.py -> need=0  text="End If"   [python 860ms]
18:04:54  不需要翻译 -> 直接回车
18:04:55      [回车+等下一个框 203ms]
18:04:55  ---------- 第 43 个文本框 (上一轮共 1.06s) ----------
18:04:55  原文: "Sample:"   [取文本 0ms, 焦点 Edit 'Sample:']
18:04:55  translate.py -> need=1  text="Sample:"   [python 875ms]
18:04:56  翻译前基准: "Sample:"   [粘贴 156ms, 取基准 0ms]
18:04:56  按翻译热键 (第 1 次, step 模式)   [全选+确认 297ms]
18:04:57      第 1 次轮询看到内容变了
18:04:57  译文已稳定 (轮询 2 次)
18:04:57      [等译文 0.45s, 轮询 2 次]
18:04:57  译文: "样品名称："
18:04:57  translateposthtml.py -> "样品名称："   [python 94ms]
18:04:57      [粘回译文 172ms]
18:04:57      [回车+等下一个框 203ms]
18:04:57  ---------- 第 44 个文本框 (上一轮共 2.84s) ----------
18:04:57  原文: "&Default"   [取文本 0ms, 焦点 Edit '&Default']
18:04:58  translate.py -> need=1  text="Default"   [python 219ms]
18:04:58  翻译前基准: "Default"   [粘贴 141ms, 取基准 0ms]
18:04:58  按翻译热键 (第 1 次, step 模式)   [全选+确认 312ms]
18:04:59      第 1 次轮询看到内容变了
18:04:59  译文已稳定 (轮询 2 次)
18:04:59      [等译文 0.45s, 轮询 2 次]
18:04:59  译文: "默认"
18:04:59  translateposthtml.py -> "默认"   [python 109ms]
18:04:59      [粘回译文 156ms]
18:05:00      [回车+等下一个框 203ms]
18:05:00  ---------- 第 45 个文本框 (上一轮共 2.17s) ----------
18:05:00  原文: "Format:"   [取文本 0ms, 焦点 Edit 'Format:']
18:05:00  translate.py -> need=0  text="Format:"   [python 844ms]
18:05:00  不需要翻译 -> 直接回车
18:05:01      [回车+等下一个框 203ms]
18:05:01  ---------- 第 46 个文本框 (上一轮共 1.05s) ----------
18:05:01  原文: "Standard Parameter:"   [取文本 0ms, 焦点 Edit 'Standard Parameter:']
18:05:02  translate.py -> need=1  text="Standard Parameter:"   [python 906ms]
18:05:02  翻译前基准: "Standard Parameter:"   [粘贴 172ms, 取基准 0ms]
18:05:02  按翻译热键 (第 1 次, step 模式)   [全选+确认 297ms]
18:05:03      第 1 次轮询看到内容变了
18:05:03  译文已稳定 (轮询 2 次)
18:05:03      [等译文 0.45s, 轮询 2 次]
18:05:03  译文: "标准参数："
18:05:03  translateposthtml.py -> "标准参数："   [python 94ms]
18:05:03      [粘回译文 140ms]
18:05:04      [回车+等下一个框 203ms]
18:05:04  ---------- 第 47 个文本框 (上一轮共 2.83s) ----------
18:05:04  原文: "Microsoft Visual SourceSafe"   [取文本 0ms, 焦点 Edit 'Microsoft Visual Sou']
18:05:04  translate.py -> need=0  text="Microsoft Visual SourceSafe"   [python 813ms]
18:05:04  不需要翻译 -> 直接回车
18:05:05      [回车+等下一个框 203ms]
18:05:05  ---------- 第 48 个文本框 (上一轮共 1.02s) ----------
18:05:05  原文: "Perforce P4"   [取文本 0ms, 焦点 Edit 'Perforce P4']
18:05:05  translate.py -> need=0  text="Perforce P4"   [python 906ms]
18:05:05  不需要翻译 -> 直接回车
18:05:06      [回车+等下一个框 203ms]
18:05:06  ---------- 第 49 个文本框 (上一轮共 1.11s) ----------
18:05:06  原文: "SourceGear Vault"   [取文本 0ms, 焦点 Edit 'SourceGear Vault']
18:05:06  translate.py -> need=0  text="SourceGear Vault"   [python 844ms]
18:05:06  不需要翻译 -> 直接回车
18:05:07      [回车+等下一个框 203ms]
18:05:07  ---------- 第 50 个文本框 (上一轮共 1.06s) ----------
18:05:07  原文: "Rational ClearCase"   [取文本 0ms, 焦点 Edit 'Rational ClearCase']
18:05:08  translate.py -> need=1  text="Rational ClearCase"   [python 890ms]
18:05:08  翻译前基准: "Rational ClearCase"   [粘贴 141ms, 取基准 0ms]
18:05:08  按翻译热键 (第 1 次, step 模式)   [全选+确认 297ms]
18:05:11  等译文超时(2500ms), 轮询了 17 次, 内容一次都没变 -> 判定 STranslate 没反应
18:05:11  !! 文本框没有任何变化, 判定这次没翻译成功   [等了 2.83s, 轮询 17 次]
18:05:12  按翻译热键 (第 2 次, step 模式)   [全选+确认 297ms]
18:05:15  等译文超时(2500ms), 轮询了 17 次, 内容一次都没变 -> 判定 STranslate 没反应
18:05:15  !! 文本框没有任何变化, 判定这次没翻译成功   [等了 2.84s, 轮询 17 次]
18:05:15  !! 重试 1 次仍无译文, 这次按原文继续 (可能 STranslate 没响应热键)   [本会话累计连续失败 1 次]
18:05:15  译文: "Rational ClearCase"
18:05:15  translateposthtml.py -> "Rational ClearCase"   [python 94ms]
18:05:15      [粘回译文 172ms]
18:05:16      [回车+等下一个框 203ms]
18:05:16  ---------- 第 51 个文本框 (上一轮共 8.86s) ----------
18:05:16  原文: "QSC Team Coherence"   [取文本 0ms, 焦点 Edit 'QSC Team Coherence']
18:05:16  translate.py -> need=0  text="QSC Team Coherence"   [python 813ms]
18:05:16  不需要翻译 -> 直接回车
18:05:17      [回车+等下一个框 218ms]
18:05:17  ---------- 第 52 个文本框 (上一轮共 1.03s) ----------
18:05:17  原文: "<custom>"   [取文本 0ms, 焦点 Edit '<custom>']
18:05:17  translate.py -> need=0  text="<custom>"   [python 204ms]
18:05:17  不需要翻译 -> 直接回车
18:05:17      [回车+等下一个框 203ms]
18:05:17  ---------- 第 53 个文本框 (上一轮共 0.41s) ----------
18:05:17  原文: "0"   [取文本 0ms, 焦点 Edit '0']
18:05:17  translate.py -> need=0  text="0"   [python 218ms]
18:05:17  不需要翻译 -> 直接回车
18:05:17      [回车+等下一个框 204ms]
18:05:17  ---------- 第 54 个文本框 (上一轮共 0.42s) ----------
18:05:17  原文: "0"   [取文本 0ms, 焦点 Edit '0']
18:05:18  translate.py -> need=0  text="0"   [python 250ms]
18:05:18  不需要翻译 -> 直接回车
18:05:18      [回车+等下一个框 203ms]
18:05:18  ---------- 第 55 个文本框 (上一轮共 0.47s) ----------
18:05:18  原文: "0"   [取文本 0ms, 焦点 Edit '0']
18:05:18  translate.py -> need=0  text="0"   [python 188ms]
18:05:18  不需要翻译 -> 直接回车
18:05:18      [回车+等下一个框 219ms]
18:05:18  ---------- 第 56 个文本框 (上一轮共 0.41s) ----------
18:05:18  原文: "0"   [取文本 0ms, 焦点 Edit '0']
18:05:19  translate.py -> need=0  text="0"   [python 203ms]
18:05:19  不需要翻译 -> 直接回车
18:05:19      [回车+等下一个框 203ms]
18:05:19  ---------- 第 57 个文本框 (上一轮共 0.41s) ----------
18:05:19  原文: "0"   [取文本 0ms, 焦点 Edit '0']
18:05:19  translate.py -> need=0  text="0"   [python 203ms]
18:05:19  不需要翻译 -> 直接回车
18:05:19      [回车+等下一个框 203ms]
18:05:19  ---------- 第 58 个文本框 (上一轮共 0.42s) ----------
18:05:19  原文: "0"   [取文本 0ms, 焦点 Edit '0']
18:05:19  translate.py -> need=0  text="0"   [python 218ms]
18:05:19  不需要翻译 -> 直接回车
18:05:20      [回车+等下一个框 219ms]
18:05:20  ---------- 第 59 个文本框 (上一轮共 0.44s) ----------
18:05:20  原文: "English"   [取文本 0ms, 焦点 Edit 'English']
18:05:20  translate.py -> need=0  text="English"   [python 203ms]
18:05:20  不需要翻译 -> 直接回车
18:05:20      [回车+等下一个框 219ms]
18:05:20  ---------- 第 60 个文本框 (上一轮共 0.44s) ----------
18:05:20  原文: "German"   [取文本 0ms, 焦点 Edit 'German']
18:05:20  translate.py -> need=0  text="German"   [python 234ms]
18:05:20  不需要翻译 -> 直接回车
18:05:20      [回车+等下一个框 203ms]
18:05:20  ---------- 第 61 个文本框 (上一轮共 0.44s) ----------
18:05:20  原文: "<custom>"   [取文本 0ms, 焦点 Edit '<custom>']
18:05:21  translate.py -> need=0  text="<custom>"   [python 188ms]
18:05:21  不需要翻译 -> 直接回车
18:05:21      [回车+等下一个框 203ms]
18:05:21  ---------- 第 62 个文本框 (上一轮共 0.41s) ----------
18:05:21  原文: "0"   [取文本 0ms, 焦点 Edit '0']
18:05:21  translate.py -> need=0  text="0"   [python 172ms]
18:05:21  不需要翻译 -> 直接回车
18:05:21      [回车+等下一个框 203ms]
18:05:21  ---------- 第 63 个文本框 (上一轮共 0.38s) ----------
18:05:21  原文: "0"   [取文本 0ms, 焦点 Edit '0']
18:05:21  translate.py -> need=0  text="0"   [python 172ms]
18:05:21  不需要翻译 -> 直接回车
18:05:22      [回车+等下一个框 203ms]
18:05:22  ---------- 第 64 个文本框 (上一轮共 0.38s) ----------
18:05:22  原文: "0"   [取文本 0ms, 焦点 Edit '0']
18:05:22  translate.py -> need=0  text="0"   [python 219ms]
18:05:22  不需要翻译 -> 直接回车
18:05:22      [回车+等下一个框 203ms]
18:05:22  ---------- 第 65 个文本框 (上一轮共 0.42s) ----------
18:05:22  原文: "Xx"   [取文本 0ms, 焦点 Edit 'Xx']
18:05:22  translate.py -> need=0  text="Xx"   [python 188ms]
18:05:22  不需要翻译 -> 直接回车
18:05:22      [回车+等下一个框 203ms]
18:05:22  ---------- 第 66 个文本框 (上一轮共 0.39s) ----------
18:05:22  原文: "The folder contains the required database files."   [取文本 0ms, 焦点 Edit 'The folder contains ']
18:05:23  translate.py -> need=1  text="The folder contains the required database files."   [python 859ms]
18:05:23  翻译前基准: "The folder contains the required database files."   [粘贴 157ms, 取基准 0ms]
18:05:24  按翻译热键 (第 1 次, step 模式)   [全选+确认 296ms]
18:05:25      第 1 次轮询看到内容变了
18:05:25  译文已稳定 (轮询 2 次)
18:05:25      [等译文 0.47s, 轮询 2 次]
18:05:25  译文: "该文件夹包含所需的数据库文件。"
18:05:25  translateposthtml.py -> "该文件夹包含所需的数据库文件。"   [python 110ms]
18:05:25      [粘回译文 140ms]
18:05:25      [回车+等下一个框 203ms]
18:05:25  ---------- 第 67 个文本框 (上一轮共 2.81s) ----------
18:05:25  原文: "No Modifier"   [取文本 0ms, 焦点 Edit 'No Modifier']
18:05:26  translate.py -> need=1  text="No Modifier"   [python 891ms]
18:05:26  翻译前基准: "No Modifier"   [粘贴 172ms, 取基准 0ms]
18:05:27  按翻译热键 (第 1 次, step 模式)   [全选+确认 297ms]
18:05:27      第 1 次轮询看到内容变了
18:05:28  译文已稳定 (轮询 2 次)
18:05:28      [等译文 0.45s, 轮询 2 次]
18:05:28  译文: "无修改器"
18:05:28  translateposthtml.py -> "无修改器"   [python 110ms]
18:05:28      [粘回译文 140ms]
18:05:28      [回车+等下一个框 204ms]
18:05:28  ---------- 第 68 个文本框 (上一轮共 2.83s) ----------
18:05:28  原文: "Ctrl"   [取文本 0ms, 焦点 Edit 'Ctrl']
18:05:28  translate.py -> need=0  text="Ctrl"   [python 187ms]
18:05:28  不需要翻译 -> 直接回车
18:05:28      [回车+等下一个框 219ms]
18:05:28  ---------- 第 69 个文本框 (上一轮共 0.41s) ----------
18:05:28  原文: "Shift"   [取文本 0ms, 焦点 Edit 'Shift']
18:05:29  translate.py -> need=0  text="Shift"   [python 203ms]
18:05:29  不需要翻译 -> 直接回车
18:05:29      [回车+等下一个框 219ms]
18:05:29  ---------- 第 70 个文本框 (上一轮共 0.42s) ----------
18:05:29  原文: "0"   [取文本 0ms, 焦点 Edit '0']
18:05:29  translate.py -> need=0  text="0"   [python 187ms]
18:05:29  不需要翻译 -> 直接回车
18:05:29      [回车+等下一个框 219ms]
18:05:29  ---------- 第 71 个文本框 (上一轮共 0.42s) ----------
18:05:29  原文: "0"   [取文本 0ms, 焦点 Edit '0']
18:05:29  translate.py -> need=0  text="0"   [python 187ms]
18:05:29  不需要翻译 -> 直接回车
18:05:30      [回车+等下一个框 203ms]
18:05:30  ---------- 第 72 个文本框 (上一轮共 0.39s) ----------
18:05:30  原文: "0"   [取文本 0ms, 焦点 Edit '0']
18:05:30  translate.py -> need=0  text="0"   [python 235ms]
18:05:30  不需要翻译 -> 直接回车
18:05:30      [回车+等下一个框 218ms]
18:05:30  ---------- 第 73 个文本框 (上一轮共 0.45s) ----------
18:05:30  原文: "No Modifier"   [取文本 0ms, 焦点 Edit 'No Modifier']
18:05:31  translate.py -> need=1  text="No Modifier"   [python 860ms]
18:05:31  翻译前基准: "No Modifier"   [粘贴 156ms, 取基准 0ms]
18:05:31  按翻译热键 (第 1 次, step 模式)   [全选+确认 297ms]
18:05:32      第 1 次轮询看到内容变了
18:05:32  译文已稳定 (轮询 2 次)
18:05:32      [等译文 0.49s, 轮询 2 次]
18:05:32  译文: "无修改器"
18:05:33  translateposthtml.py -> "无修改器"   [python 109ms]
18:05:33      [粘回译文 156ms]
18:05:33      [回车+等下一个框 219ms]
18:05:33  ---------- 第 74 个文本框 (上一轮共 2.84s) ----------
18:05:33  原文: "Ctrl"   [取文本 0ms, 焦点 Edit 'Ctrl']
18:05:33  translate.py -> need=0  text="Ctrl"   [python 203ms]
18:05:33  不需要翻译 -> 直接回车
18:05:33      [回车+等下一个框 203ms]
18:05:33  ---------- 第 75 个文本框 (上一轮共 0.41s) ----------
18:05:33  原文: "Shift"   [取文本 0ms, 焦点 Edit 'Shift']
18:05:34  translate.py -> need=0  text="Shift"   [python 188ms]
18:05:34  不需要翻译 -> 直接回车
18:05:34      [回车+等下一个框 203ms]
18:05:34  ---------- 第 76 个文本框 (上一轮共 0.39s) ----------
18:05:34  原文: "0"   [取文本 0ms, 焦点 Edit '0']
18:05:34  translate.py -> need=0  text="0"   [python 203ms]
18:05:34  不需要翻译 -> 直接回车
18:05:34      [回车+等下一个框 219ms]
18:05:34  ---------- 第 77 个文本框 (上一轮共 0.42s) ----------
18:05:34  原文: "0"   [取文本 0ms, 焦点 Edit '0']
18:05:34  translate.py -> need=0  text="0"   [python 187ms]
18:05:34  不需要翻译 -> 直接回车
18:05:35      [回车+等下一个框 235ms]
18:05:35  ---------- 第 78 个文本框 (上一轮共 0.42s) ----------
18:05:35  原文: "0"   [取文本 0ms, 焦点 Edit '0']
18:05:35  translate.py -> need=0  text="0"   [python 218ms]
18:05:35  不需要翻译 -> 直接回车
18:05:35      [回车+等下一个框 219ms]
18:05:35  ---------- 第 79 个文本框 (上一轮共 0.44s) ----------
18:05:35  原文: "English (U.S.)"   [取文本 0ms, 焦点 Edit 'English (U.S.)']
18:05:36  translate.py -> need=1  text="English (U.S.)"   [python 891ms]
18:05:36  翻译前基准: "English (U.S.)"   [粘贴 156ms, 取基准 0ms]
18:05:36  按翻译热键 (第 1 次, step 模式)   [全选+确认 297ms]
18:05:37      第 1 次轮询看到内容变了
18:05:37  译文已稳定 (轮询 2 次)
18:05:37      [等译文 0.45s, 轮询 2 次]
18:05:37  译文: "中文（简体）"
18:05:38  translateposthtml.py -> "中文（简体）"   [python 94ms]
18:05:38      [粘回译文 141ms]
18:05:38      [回车+等下一个框 235ms]
18:05:38  ---------- 第 80 个文本框 (上一轮共 2.86s) ----------
18:05:38  原文: "English (U.K.)"   [取文本 0ms, 焦点 Edit 'English (U.K.)']
18:05:39  translate.py -> need=1  text="English (U.K.)"   [python 781ms]
18:05:39  翻译前基准: "English (U.K.)"   [粘贴 172ms, 取基准 0ms]
18:05:39  按翻译热键 (第 1 次, step 模式)   [全选+确认 297ms]
18:05:40      第 1 次轮询看到内容变了
18:05:40  译文已稳定 (轮询 2 次)
18:05:40      [等译文 0.47s, 轮询 2 次]
18:05:40  译文: "中文（简体）"
18:05:40  translateposthtml.py -> "中文（简体）"   [python 125ms]
18:05:40      [粘回译文 156ms]
18:05:41      [回车+等下一个框 219ms]
18:05:41  ---------- 第 81 个文本框 (上一轮共 2.80s) ----------
18:05:41  原文: "Czech"   [取文本 0ms, 焦点 Edit 'Czech']
18:05:41  translate.py -> need=0  text="Czech"   [python 204ms]
18:05:41  不需要翻译 -> 直接回车
18:05:41      [回车+等下一个框 218ms]
18:05:41  ---------- 第 82 个文本框 (上一轮共 0.42s) ----------
18:05:41  原文: "Danish"   [取文本 0ms, 焦点 Edit 'Danish']
18:05:41  translate.py -> need=0  text="Danish"   [python 188ms]
18:05:41  不需要翻译 -> 直接回车
18:05:42      [回车+等下一个框 203ms]
18:05:42  ---------- 第 83 个文本框 (上一轮共 0.39s) ----------
18:05:42  原文: "Dutch"   [取文本 0ms, 焦点 Edit 'Dutch']
18:05:42  translate.py -> need=0  text="Dutch"   [python 187ms]
18:05:42  不需要翻译 -> 直接回车
18:05:42      [回车+等下一个框 219ms]
18:05:42  ---------- 第 84 个文本框 (上一轮共 0.42s) ----------
18:05:42  原文: "French"   [取文本 0ms, 焦点 Edit 'French']
18:05:42  translate.py -> need=0  text="French"   [python 203ms]
18:05:42  不需要翻译 -> 直接回车
18:05:42      [回车+等下一个框 203ms]
18:05:42  ---------- 第 85 个文本框 (上一轮共 0.41s) ----------
18:05:42  原文: "German"   [取文本 0ms, 焦点 Edit 'German']
18:05:43  translate.py -> need=0  text="German"   [python 219ms]
18:05:43  不需要翻译 -> 直接回车
18:05:43      [回车+等下一个框 203ms]
18:05:43  ---------- 第 86 个文本框 (上一轮共 0.42s) ----------
18:05:43  原文: "Italian"   [取文本 0ms, 焦点 Edit 'Italian']
18:05:43  translate.py -> need=0  text="Italian"   [python 219ms]
18:05:43  不需要翻译 -> 直接回车
18:05:43      [回车+等下一个框 203ms]
18:05:43  ---------- 第 87 个文本框 (上一轮共 0.42s) ----------
18:05:43  原文: "Polish"   [取文本 0ms, 焦点 Edit 'Polish']
18:05:43  translate.py -> need=0  text="Polish"   [python 203ms]
18:05:43  不需要翻译 -> 直接回车
18:05:44      [回车+等下一个框 219ms]
18:05:44  ---------- 第 88 个文本框 (上一轮共 0.42s) ----------
18:05:44  原文: "Spanish"   [取文本 0ms, 焦点 Edit 'Spanish']
18:05:44  translate.py -> need=0  text="Spanish"   [python 218ms]
18:05:44  不需要翻译 -> 直接回车
18:05:44      [回车+等下一个框 204ms]
18:05:44  ---------- 第 89 个文本框 (上一轮共 0.44s) ----------
18:05:44  原文: "Swedish"   [取文本 0ms, 焦点 Edit 'Swedish']
18:05:44  translate.py -> need=0  text="Swedish"   [python 188ms]
18:05:44  不需要翻译 -> 直接回车
18:05:44      [回车+等下一个框 218ms]
18:05:44  ---------- 第 90 个文本框 (上一轮共 0.41s) ----------
18:05:44  原文: "0"   [取文本 0ms, 焦点 Edit '0']
18:05:45  translate.py -> need=0  text="0"   [python 204ms]
18:05:45  不需要翻译 -> 直接回车
18:05:45      [回车+等下一个框 234ms]
18:05:45  ---------- 第 91 个文本框 (上一轮共 0.44s) ----------
18:05:45  原文: "0"   [取文本 0ms, 焦点 Edit '0']
18:05:45  translate.py -> need=0  text="0"   [python 172ms]
18:05:45  不需要翻译 -> 直接回车
18:05:45      [回车+等下一个框 203ms]
18:05:45  ---------- 第 92 个文本框 (上一轮共 0.38s) ----------
18:05:45  原文: "0"   [取文本 0ms, 焦点 Edit '0']
18:05:45  translate.py -> need=0  text="0"   [python 187ms]
18:05:45  不需要翻译 -> 直接回车
18:05:46      [回车+等下一个框 219ms]
18:05:46  ---------- 第 93 个文本框 (上一轮共 0.41s) ----------
18:05:46  原文: "0"   [取文本 0ms, 焦点 Edit '0']
18:05:46  translate.py -> need=0  text="0"   [python 188ms]
18:05:46  不需要翻译 -> 直接回车
18:05:46      [回车+等下一个框 203ms]
18:05:46  ---------- 第 94 个文本框 (上一轮共 0.41s) ----------
18:05:46  原文: "0"   [取文本 0ms, 焦点 Edit '0']
18:05:46  translate.py -> need=0  text="0"   [python 204ms]
18:05:46  不需要翻译 -> 直接回车
18:05:47      [回车+等下一个框 203ms]
18:05:47  ---------- 第 95 个文本框 (上一轮共 0.41s) ----------
18:05:47  原文: "0"   [取文本 0ms, 焦点 Edit '0']
18:05:47  translate.py -> need=0  text="0"   [python 187ms]
18:05:47  不需要翻译 -> 直接回车
18:05:47      [回车+等下一个框 235ms]
18:05:47  ---------- 第 96 个文本框 (上一轮共 0.42s) ----------
18:05:47  原文: "0"   [取文本 0ms, 焦点 Edit '0']
18:05:47  translate.py -> need=0  text="0"   [python 234ms]
18:05:47  不需要翻译 -> 直接回车
18:05:47      [回车+等下一个框 203ms]
18:05:47  ---------- 第 97 个文本框 (上一轮共 0.44s) ----------
18:05:47  原文: "0"   [取文本 0ms, 焦点 Edit '0']
18:05:48  translate.py -> need=0  text="0"   [python 172ms]
18:05:48  不需要翻译 -> 直接回车
18:05:48      [回车+等下一个框 218ms]
18:05:48  ---------- 第 98 个文本框 (上一轮共 0.41s) ----------
18:05:48  原文: "0"   [取文本 0ms, 焦点 Edit '0']
18:05:48  translate.py -> need=0  text="0"   [python 219ms]
18:05:48  不需要翻译 -> 直接回车
18:05:48      [回车+等下一个框 219ms]
18:05:48  ---------- 第 99 个文本框 (上一轮共 0.44s) ----------
18:05:48  原文: "0"   [取文本 0ms, 焦点 Edit '0']
18:05:48  translate.py -> need=0  text="0"   [python 203ms]
18:05:48  不需要翻译 -> 直接回车
18:05:49      [回车+等下一个框 203ms]
18:05:49  ---------- 第 100 个文本框 (上一轮共 0.42s) ----------
18:05:49  原文: "0"   [取文本 0ms, 焦点 Edit '0']
18:05:49  translate.py -> need=0  text="0"   [python 203ms]
18:05:49  不需要翻译 -> 直接回车
18:05:49      [回车+等下一个框 203ms]
18:05:49  ---------- 第 101 个文本框 (上一轮共 0.41s) ----------
18:05:49  原文: "Xx"   [取文本 0ms, 焦点 Edit 'Xx']
18:05:49  translate.py -> need=0  text="Xx"   [python 203ms]
18:05:49  不需要翻译 -> 直接回车
18:05:49      [回车+等下一个框 219ms]
18:05:49  ---------- 第 102 个文本框 (上一轮共 0.42s) ----------
18:05:49  原文: "Xx"   [取文本 0ms, 焦点 Edit 'Xx']
18:05:50  translate.py -> need=0  text="Xx"   [python 203ms]
18:05:50  不需要翻译 -> 直接回车
18:05:50      [回车+等下一个框 203ms]
18:05:50  ---------- 第 103 个文本框 (上一轮共 0.41s) ----------
18:05:50  原文: "Move &Down"   [取文本 0ms, 焦点 Edit 'Move &Down']
18:05:50  translate.py -> need=1  text="Move Down"   [python 219ms]
18:05:50  翻译前基准: "Move Down"   [粘贴 140ms, 取基准 0ms]
18:05:51  按翻译热键 (第 1 次, step 模式)   [全选+确认 297ms]
18:05:51      第 1 次轮询看到内容变了
18:05:52  译文已稳定 (轮询 2 次)
18:05:52      [等译文 0.49s, 轮询 2 次]
18:05:52  译文: "下移"
18:05:52  translateposthtml.py -> "下移"   [python 94ms]
18:05:52      [粘回译文 171ms]
18:05:52      [回车+等下一个框 204ms]
18:05:52  ---------- 第 104 个文本框 (上一轮共 2.20s) ----------
18:05:52  原文: "Move &Up"   [取文本 0ms, 焦点 Edit 'Move &Up']
18:05:52  translate.py -> need=1  text="Move Up"   [python 219ms]
18:05:52  翻译前基准: "Move Up"   [粘贴 156ms, 取基准 0ms]
18:05:53  按翻译热键 (第 1 次, step 模式)   [全选+确认 297ms]
18:05:54      第 1 次轮询看到内容变了
18:05:54  译文已稳定 (轮询 2 次)
18:05:54      [等译文 0.47s, 轮询 2 次]
18:05:54  译文: "上移"
18:05:54  translateposthtml.py -> "上移"   [python 62ms]
18:05:54      [粘回译文 141ms]
18:05:54      [回车+等下一个框 203ms]
18:05:54  ---------- 第 105 个文本框 (上一轮共 2.14s) ----------
18:05:54  原文: "Move &Up"   [取文本 0ms, 焦点 Edit 'Move &Up']
18:05:54  translate.py -> need=1  text="Move Up"   [python 203ms]
18:05:55  翻译前基准: "Move Up"   [粘贴 141ms, 取基准 0ms]
18:05:55  按翻译热键 (第 1 次, step 模式)   [全选+确认 296ms]
18:05:56      第 1 次轮询看到内容变了
18:05:56  译文已稳定 (轮询 2 次)
18:05:56      [等译文 0.45s, 轮询 2 次]
18:05:56  译文: "上移"
18:05:56  translateposthtml.py -> "上移"   [python 94ms]
18:05:56      [粘回译文 172ms]
18:05:56      [回车+等下一个框 203ms]
18:05:56  ---------- 第 106 个文本框 (上一轮共 2.13s) ----------
18:05:56  原文: "Move &Down"   [取文本 0ms, 焦点 Edit 'Move &Down']
18:05:57  translate.py -> need=1  text="Move Down"   [python 187ms]
18:05:57  翻译前基准: "Move Down"   [粘贴 157ms, 取基准 0ms]
18:05:57  按翻译热键 (第 1 次, step 模式)   [全选+确认 296ms]
18:05:58      第 1 次轮询看到内容变了
18:05:58  译文已稳定 (轮询 2 次)
18:05:58      [等译文 0.45s, 轮询 2 次]
18:05:58  译文: "下移"
18:05:58  translateposthtml.py -> "下移"   [python 93ms]
18:05:58      [粘回译文 157ms]
18:05:58      [回车+等下一个框 203ms]
18:05:58  ---------- 第 107 个文本框 (上一轮共 2.13s) ----------
18:05:58  原文: "Ch&ange"   [取文本 0ms, 焦点 Edit 'Ch&ange']
18:05:59  translate.py -> need=1  text="Change"   [python 187ms]
18:05:59  翻译前基准: "Change"   [粘贴 157ms, 取基准 0ms]
18:05:59  按翻译热键 (第 1 次, step 模式)   [全选+确认 296ms]
18:06:00      第 1 次轮询看到内容变了
18:06:00  译文已稳定 (轮询 2 次)
18:06:00      [等译文 0.45s, 轮询 2 次]
18:06:00  译文: "变化"
18:06:00  translateposthtml.py -> "变化"   [python 109ms]
18:06:00      [粘回译文 141ms]
18:06:01      [回车+等下一个框 203ms]
18:06:01  ---------- 第 108 个文本框 (上一轮共 2.13s) ----------
18:06:01  原文: "C&lear"   [取文本 0ms, 焦点 Edit 'C&lear']
18:06:01  translate.py -> need=1  text="Clear"   [python 187ms]
18:06:01  翻译前基准: "Clear"   [粘贴 157ms, 取基准 0ms]
18:06:01  按翻译热键 (第 1 次, step 模式)   [全选+确认 312ms]
18:06:02      第 1 次轮询看到内容变了
18:06:02  译文已稳定 (轮询 2 次)
18:06:02      [等译文 0.45s, 轮询 2 次]
18:06:02  译文: "明确"
18:06:02  translateposthtml.py -> "明确"   [python 93ms]
18:06:02      [粘回译文 141ms]
18:06:03      [回车+等下一个框 203ms]
18:06:03  ---------- 第 109 个文本框 (上一轮共 2.11s) ----------
18:06:03  原文: "Afara"   [取文本 0ms, 焦点 Edit 'Afara']
18:06:03  translate.py -> need=0  text="Afara"   [python 172ms]
18:06:03  不需要翻译 -> 直接回车
18:06:03      [回车+等下一个框 219ms]
18:06:03  ---------- 第 110 个文本框 (上一轮共 0.39s) ----------
18:06:03  原文: "&Register"   [取文本 0ms, 焦点 Edit '&Register']
18:06:03  translate.py -> need=1  text="Register"   [python 219ms]
18:06:03  翻译前基准: "Register"   [粘贴 171ms, 取基准 0ms]
18:06:04  按翻译热键 (第 1 次, step 模式)   [全选+确认 297ms]
18:06:05      第 1 次轮询看到内容变了
18:06:05  译文已稳定 (轮询 2 次)
18:06:05      [等译文 0.45s, 轮询 2 次]
18:06:05  译文: "寄存器"
18:06:05  translateposthtml.py -> "寄存器"   [python 109ms]
18:06:05      [粘回译文 140ms]
18:06:05      [回车+等下一个框 219ms]
18:06:05  ---------- 第 111 个文本框 (上一轮共 2.20s) ----------
18:06:05  原文: "Revision level: FixPack 5"   [取文本 0ms, 焦点 Edit 'Revision level: FixP']
18:06:06  translate.py -> need=0  text="Revision level: FixPack 5"   [python 859ms]
18:06:06  不需要翻译 -> 直接回车
18:06:06      [回车+等下一个框 203ms]
18:06:06  ---------- 第 112 个文本框 (上一轮共 1.06s) ----------
18:06:06  原文: "AxTools CodeSMART 2013 for VB6"   [取文本 0ms, 焦点 Edit 'AxTools CodeSMART 20']
18:06:07  translate.py -> need=0  text="AxTools CodeSMART 2013 for VB6"   [python 954ms]
18:06:07  不需要翻译 -> 直接回车
18:06:07      [回车+等下一个框 203ms]
18:06:08  ---------- 第 113 个文本框 (上一轮共 1.16s) ----------
18:06:08  原文: "Copyright (c) 1997-2013 AxTools"   [取文本 0ms, 焦点 Edit 'Copyright (c) 1997-2']
18:06:08  translate.py -> need=1  text="Copyright (c) 1997-2013 AxTools"   [python 922ms]
18:06:09  翻译前基准: "Copyright (c) 1997-2013 AxTools"   [粘贴 171ms, 取基准 0ms]
18:06:09  按翻译热键 (第 1 次, step 模式)   [全选+确认 297ms]
18:06:10      第 1 次轮询看到内容变了
18:06:10  译文已稳定 (轮询 2 次)
18:06:10      [等译文 0.47s, 轮询 2 次]
18:06:10  译文: "版权所有（c）1997-2013 AxTools"
18:06:10  translateposthtml.py -> "版权所有（c）1997-2013 AxTools"   [python 93ms]
18:06:10      [粘回译文 172ms]
18:06:10      [回车+等下一个框 219ms]
18:06:10  ---------- 第 114 个文本框 (上一轮共 2.91s) ----------
18:06:10  原文: "This product is licensed to:"   [取文本 0ms, 焦点 Edit 'This product is lice']
18:06:11  translate.py -> need=1  text="This product is licensed to:"   [python 1016ms]
18:06:12  翻译前基准: "This product is licensed to:"   [粘贴 140ms, 取基准 0ms]
18:06:12  按翻译热键 (第 1 次, step 模式)   [全选+确认 313ms]
18:06:13      第 1 次轮询看到内容变了
18:06:13  译文已稳定 (轮询 2 次)
18:06:13      [等译文 0.47s, 轮询 2 次]
18:06:13  译文: "本产品授权给："
18:06:13  translateposthtml.py -> "本产品授权给："   [python 94ms]
18:06:13      [粘回译文 156ms]
18:06:13      [回车+等下一个框 219ms]
18:06:13  ---------- 第 115 个文本框 (上一轮共 2.97s) ----------
18:06:13  原文: "Warning: This computer program is protected by copyright law and international treaties. Unauthorized reproduction or distribution may result in severe civil and criminal penalties, and will be prosecuted to the maximum extent possible under the law."   [取文本 0ms, 焦点 Edit 'Warning: This comput']
18:06:14  translate.py -> need=1  text="Warning: This computer program is protected by copyright law and international treaties. Unauthorized reproduction or distribution may result in severe civil and criminal penalties, and will be prosecuted to the maximum extent possible under the law."   [python 906ms]
18:06:14  翻译前基准: "Warning: This computer program is protected by copyright law and international treaties. Unauthorized reproduction or distribution may result in severe civil and criminal penalties, and will be prosecuted to the maximum extent possible under the law."   [粘贴 141ms, 取基准 0ms]
18:06:15  按翻译热键 (第 1 次, step 模式)   [全选+确认 296ms]
18:06:16      第 1 次轮询看到内容变了
18:06:16  译文已稳定 (轮询 5 次)
18:06:16      [等译文 1.08s, 轮询 5 次]
18:06:16  译文: "警告：本计算机程序受版权法和国际条约保护。未经授权的复制或分发可能会导致严重的民事和刑事处罚，并将在法律允许的最大范围内受到起诉。"
18:06:16  translateposthtml.py -> "警告：本计算机程序受版权法和国际条约保护。未经授权的复制或分发可能会导致严重的民事和刑事处罚，并将在法律允许的最大范围内受到起诉。"   [python 94ms]
18:06:17      [粘回译文 141ms]
18:06:17      [回车+等下一个框 234ms]
18:06:17  ---------- 第 116 个文本框 (上一轮共 3.48s) ----------
18:06:17  原文: "License type:"   [取文本 0ms, 焦点 Edit 'License type:']
18:06:18  translate.py -> need=1  text="License type:"   [python 828ms]
18:06:18  翻译前基准: "License type:"   [粘贴 141ms, 取基准 0ms]
18:06:18  按翻译热键 (第 1 次, step 模式)   [全选+确认 312ms]
18:06:19      第 1 次轮询看到内容变了
18:06:19  译文已稳定 (轮询 2 次)
18:06:19      [等译文 0.45s, 轮询 2 次]
18:06:19  译文: "许可证类型："
18:06:19  translateposthtml.py -> "许可证类型："   [python 110ms]
18:06:19      [粘回译文 156ms]
18:06:20      [回车+等下一个框 203ms]
18:06:20  ---------- 第 117 个文本框 (上一轮共 2.80s) ----------
18:06:20  原文: "FULL VERSION"   [取文本 0ms, 焦点 Edit 'FULL VERSION']
18:06:21  translate.py -> need=1  text="FULL VERSION"   [python 875ms]
18:06:21  翻译前基准: "FULL VERSION"   [粘贴 141ms, 取基准 0ms]
18:06:21  按翻译热键 (第 1 次, step 模式)   [全选+确认 296ms]
18:06:22      第 1 次轮询看到内容变了
18:06:22  译文已稳定 (轮询 2 次)
18:06:22      [等译文 0.45s, 轮询 2 次]
18:06:22  译文: "完整版本"
18:06:22  translateposthtml.py -> "完整版本"   [python 140ms]
18:06:22      [粘回译文 157ms]
18:06:23      [回车+等下一个框 203ms]
18:06:23  ---------- 第 118 个文本框 (上一轮共 2.84s) ----------
18:06:23  原文: "Web:"   [取文本 0ms, 焦点 Edit 'Web:']
18:06:23  translate.py -> need=0  text="Web:"   [python 172ms]
18:06:23  不需要翻译 -> 直接回车
18:06:23      [回车+等下一个框 218ms]
18:06:23  ---------- 第 119 个文本框 (上一轮共 0.39s) ----------
18:06:23  原文: "&Add"   [取文本 0ms, 焦点 Edit '&Add']
18:06:23  translate.py -> need=1  text="Add"   [python 235ms]
18:06:23  翻译前基准: "Add"   [粘贴 172ms, 取基准 0ms]
18:06:24  按翻译热键 (第 1 次, step 模式)   [全选+确认 296ms]
18:06:24      第 1 次轮询看到内容变了
18:06:25  译文已稳定 (轮询 2 次)
18:06:25      [等译文 0.45s, 轮询 2 次]
18:06:25  译文: "添加"
18:06:25  translateposthtml.py -> "添加"   [python 109ms]
18:06:25      [粘回译文 141ms]
18:06:25      [回车+等下一个框 203ms]
18:06:25  ---------- 第 120 个文本框 (上一轮共 2.20s) ----------
18:06:25  原文: "&Remove"   [取文本 0ms, 焦点 Edit '&Remove']
18:06:25  translate.py -> need=1  text="Remove"   [python 172ms]
18:06:25  翻译前基准: "Remove"   [粘贴 157ms, 取基准 0ms]
18:06:26  按翻译热键 (第 1 次, step 模式)   [全选+确认 296ms]
18:06:27      第 1 次轮询看到内容变了
18:06:27  译文已稳定 (轮询 2 次)
18:06:27      [等译文 0.45s, 轮询 2 次]
18:06:27  译文: "去除"
18:06:27  translateposthtml.py -> "去除"   [python 62ms]
18:06:27      [粘回译文 141ms]
18:06:27      [回车+等下一个框 219ms]
18:06:27  ---------- 第 121 个文本框 (上一轮共 2.08s) ----------
18:06:27  原文: "Xx"   [取文本 0ms, 焦点 Edit 'Xx']
18:06:27  translate.py -> need=0  text="Xx"   [python 187ms]
18:06:27  不需要翻译 -> 直接回车
18:06:28      [回车+等下一个框 219ms]
18:06:28  ---------- 第 122 个文本框 (上一轮共 0.41s) ----------
18:06:28  原文: "seconds, add it to the history."   [取文本 0ms, 焦点 Edit 'seconds, add it to t']
18:06:28  translate.py -> need=1  text="seconds, add it to the history."   [python 844ms]
18:06:29  翻译前基准: "seconds, add it to the history."   [粘贴 156ms, 取基准 0ms]
18:06:29  按翻译热键 (第 1 次, step 模式)   [全选+确认 312ms]
18:06:30      第 1 次轮询看到内容变了
18:06:30  译文已稳定 (轮询 2 次)
18:06:30      [等译文 0.45s, 轮询 2 次]
18:06:30  译文: "秒，将其添加到历史记录中。"
18:06:30  translateposthtml.py -> "秒，将其添加到历史记录中。"   [python 125ms]
18:06:30      [粘回译文 171ms]
18:06:30      [回车+等下一个框 204ms]
18:06:30  ---------- 第 123 个文本框 (上一轮共 2.84s) ----------
18:06:30  原文: "minute(s)"   [取文本 0ms, 焦点 Edit 'minute(s)']
18:06:31  translate.py -> need=0  text="minute(s)"   [python 218ms]
18:06:31  不需要翻译 -> 直接回车
18:06:31      [回车+等下一个框 203ms]
18:06:31  ---------- 第 124 个文本框 (上一轮共 0.42s) ----------
18:06:31  原文: "Frame1"   [取文本 0ms, 焦点 Edit 'Frame1']
18:06:31  translate.py -> need=0  text="Frame1"   [python 188ms]
18:06:31  不需要翻译 -> 直接回车
18:06:31      [回车+等下一个框 203ms]
18:06:31  ---------- 第 125 个文本框 (上一轮共 0.39s) ----------
18:06:31  原文: "Developer name:"   [取文本 0ms, 焦点 Edit 'Developer name:']
18:06:32  translate.py -> need=1  text="Developer name:"   [python 844ms]
18:06:32  翻译前基准: "Developer name:"   [粘贴 140ms, 取基准 0ms]
18:06:33  按翻译热键 (第 1 次, step 模式)   [全选+确认 297ms]
18:06:33      第 1 次轮询看到内容变了
18:06:34  译文已稳定 (轮询 2 次)
18:06:34      [等译文 0.45s, 轮询 2 次]
18:06:34  译文: "开发商名称："
18:06:34  translateposthtml.py -> "开发商名称："   [python 93ms]
18:06:34      [粘回译文 172ms]
18:06:34      [回车+等下一个框 219ms]
18:06:34  ---------- 第 126 个文本框 (上一轮共 2.80s) ----------
18:06:34  原文: "Computer name:"   [取文本 0ms, 焦点 Edit 'Computer name:']
18:06:35  translate.py -> need=1  text="Computer name:"   [python 937ms]
18:06:35  翻译前基准: "Computer name:"   [粘贴 141ms, 取基准 0ms]
18:06:35  按翻译热键 (第 1 次, step 模式)   [全选+确认 328ms]
18:06:36      第 1 次轮询看到内容变了
18:06:36  译文已稳定 (轮询 2 次)
18:06:36      [等译文 0.47s, 轮询 2 次]
18:06:36  译文: "计算机名称："
18:06:37  translateposthtml.py -> "计算机名称："   [python 109ms]
18:06:37      [粘回译文 141ms]
18:06:37      [回车+等下一个框 203ms]
18:06:37  ---------- 第 127 个文本框 (上一轮共 2.91s) ----------
18:06:37  原文: "Xx"   [取文本 0ms, 焦点 Edit 'Xx']
18:06:37  translate.py -> need=0  text="Xx"   [python 219ms]
18:06:37  不需要翻译 -> 直接回车
18:06:37      [回车+等下一个框 219ms]
18:06:37  ---------- 第 128 个文本框 (上一轮共 0.44s) ----------
18:06:37  原文: "Xx"   [取文本 0ms, 焦点 Edit 'Xx']
18:06:38  translate.py -> need=0  text="Xx"   [python 234ms]
18:06:38  不需要翻译 -> 直接回车
18:06:38      [回车+等下一个框 219ms]
18:06:38  ---------- 第 129 个文本框 (上一轮共 0.45s) ----------
18:06:38  原文: "This folder does not contain a 'Personal.mdb' file."   [取文本 0ms, 焦点 Edit 'This folder does not']
18:06:39  translate.py -> need=1  text="This folder does not contain a 'Personal.mdb' file."   [python 969ms]
18:06:39  翻译前基准: "This folder does not contain a 'Personal.mdb' file."   [粘贴 156ms, 取基准 0ms]
18:06:39  按翻译热键 (第 1 次, step 模式)   [全选+确认 297ms]
18:06:40      第 1 次轮询看到内容变了
18:06:40  译文已稳定 (轮询 2 次)
18:06:40      [等译文 0.45s, 轮询 2 次]
18:06:40  译文: "此文件夹不包含“Personal.mdb”文件。"
18:06:40  translateposthtml.py -> "此文件夹不包含“Personal.mdb”文件。"   [python 94ms]
18:06:41      [粘回译文 156ms]
18:06:41      [回车+等下一个框 203ms]
18:06:41  ---------- 第 130 个文本框 (上一轮共 2.89s) ----------
18:06:41  原文: "This folder does not contain a 'Personal.mdb' file."   [取文本 0ms, 焦点 Edit 'This folder does not']
18:06:42  translate.py -> need=1  text="This folder does not contain a 'Personal.mdb' file."   [python 1141ms]
18:06:42  翻译前基准: "This folder does not contain a 'Personal.mdb' file."   [粘贴 172ms, 取基准 0ms]
18:06:42  按翻译热键 (第 1 次, step 模式)   [全选+确认 297ms]
18:06:43      第 1 次轮询看到内容变了
18:06:43  译文已稳定 (轮询 2 次)
18:06:43      [等译文 0.45s, 轮询 2 次]
18:06:43  译文: "此文件夹不包含“Personal.mdb”文件。"
18:06:43  translateposthtml.py -> "此文件夹不包含“Personal.mdb”文件。"   [python 94ms]
18:06:44      [粘回译文 140ms]
18:06:44      [回车+等下一个框 203ms]
18:06:44  ---------- 第 131 个文本框 (上一轮共 3.05s) ----------
18:06:44  原文: "ImageList1"   [取文本 0ms, 焦点 Edit 'ImageList1']
18:06:44  translate.py -> need=0  text="ImageList1"   [python 219ms]
18:06:44  不需要翻译 -> 直接回车
18:06:44      [回车+等下一个框 203ms]
18:06:44  ---------- 第 132 个文本框 (上一轮共 0.42s) ----------
18:06:44  原文: "\bDo \b&not use a \bPrivDBEngine object"   [取文本 0ms, 焦点 Edit '\bDo \b&not use a \b']
18:06:44  translate.py -> need=1  text="<strong>Do</strong> <strong>not</strong> use a <strong>PrivDBEngine</strong> object"   [python 219ms]
18:06:45  翻译前基准: "<strong>Do</strong> <strong>not</strong> use a <strong>PrivDBEngine</strong> object"   [粘贴 156ms, 取基准 0ms]
18:06:45  按翻译热键 (第 1 次, step 模式)   [全选+确认 297ms]
18:06:46      第 1 次轮询看到内容变了
18:06:46  译文已稳定 (轮询 5 次)
18:06:46      [等译文 0.92s, 轮询 5 次]
18:06:46  译文: "<strong></strong><strong>不要</strong>使用<strong>PrivDBEngine</strong>对象"
18:06:46  translateposthtml.py -> "\b不要 使用\bPrivDBEngine 对象"   [python 110ms]
18:06:47      [粘回译文 172ms]
18:06:47      [回车+等下一个框 203ms]
18:06:47  ---------- 第 133 个文本框 (上一轮共 2.66s) ----------
18:06:47  原文: "[Change]"   [取文本 0ms, 焦点 Edit '[Change]']
18:06:47  translate.py -> need=0  text="[Change]"   [python 204ms]
18:06:47  不需要翻译 -> 直接回车
18:06:47      [回车+等下一个框 218ms]
18:06:47  ---------- 第 134 个文本框 (上一轮共 0.42s) ----------
18:06:47  原文: "[Change]"   [取文本 0ms, 焦点 Edit '[Change]']
18:06:47  translate.py -> need=0  text="[Change]"   [python 187ms]
18:06:47  不需要翻译 -> 直接回车
18:06:48      [回车+等下一个框 219ms]
18:06:48  ---------- 第 135 个文本框 (上一轮共 0.44s) ----------
18:06:48  原文: "\bLocation of the \bTeam.mdb database:"   [取文本 0ms, 焦点 Edit '\bLocation of the \b']
18:06:49  translate.py -> need=1  text="<strong>Location</strong> of the <strong>Team</strong>.mdb database:"   [python 1031ms]
18:06:49  翻译前基准: "<strong>Location</strong> of the <strong>Team</strong>.mdb database:"   [粘贴 156ms, 取基准 0ms]
18:06:49  按翻译热键 (第 1 次, step 模式)   [全选+确认 297ms]
18:06:50      第 1 次轮询看到内容变了
18:06:51  译文已稳定 (轮询 4 次)
18:06:51      [等译文 0.78s, 轮询 4 次]
18:06:51  译文: "<strong>Team.mdb</strong>数据库的<strong>位置</strong>："
18:06:51  translateposthtml.py -> "\bTeam.mdb 数据库的\b位置 ："   [python 94ms]
18:06:51      [粘回译文 140ms]
18:06:51      [回车+等下一个框 219ms]
18:06:51  ---------- 第 136 个文本框 (上一轮共 3.30s) ----------
18:06:51  原文: "\bLocation of the \bPersonal.mdb database:"   [取文本 0ms, 焦点 Edit '\bLocation of the \b']
18:06:52  translate.py -> need=1  text="<strong>Location</strong> of the <strong>Personal</strong>.mdb database:"   [python 890ms]
18:06:52  翻译前基准: "<strong>Location</strong> of the <strong>Personal</strong>.mdb database:"   [粘贴 157ms, 取基准 0ms]
18:06:52  按翻译热键 (第 1 次, step 模式)   [全选+确认 296ms]
18:06:53      第 1 次轮询看到内容变了
18:06:54  译文已稳定 (轮询 3 次)
18:06:54      [等译文 0.61s, 轮询 3 次]
18:06:54  译文: "<strong>Personal</strong>.mdb数据库的<strong>位置</strong>："
18:06:54  translateposthtml.py -> "\bPersonal .mdb数据库的\b位置 ："   [python 94ms]
18:06:54      [粘回译文 141ms]
18:06:54      [回车+等下一个框 203ms]
18:06:54  ---------- 第 137 个文本框 (上一轮共 2.95s) ----------
18:06:54  原文: "\b&Lock the CodeSMART \btoolbar \bpositions"   [取文本 0ms, 焦点 Edit '\b&Lock the CodeSMAR']
18:06:54  translate.py -> need=1  text="<strong>Lock</strong> the CodeSMART <strong>toolbar</strong> <strong>positions</strong>"   [python 203ms]
18:06:54  翻译前基准: "<strong>Lock</strong> the CodeSMART <strong>toolbar</strong> <strong>positions</strong>"   [粘贴 172ms, 取基准 0ms]
18:06:55  按翻译热键 (第 1 次, step 模式)   [全选+确认 297ms]
18:06:55      第 1 次轮询看到内容变了
18:06:56  译文已稳定 (轮询 3 次)
18:06:56      [等译文 0.61s, 轮询 3 次]
18:06:56  译文: "<strong>锁定</strong>CodeSMART<strong>工具栏</strong><strong>位置</strong>"
18:06:56  translateposthtml.py -> "\b锁定 CodeSMART\b工具栏 \b位置 "   [python 94ms]
18:06:56      [粘回译文 156ms]
18:06:56      [回车+等下一个框 219ms]
18:06:56  ---------- 第 138 个文本框 (上一轮共 2.30s) ----------
18:06:56  原文: "&Use a \bseparate \bpopup for all the CodeSMART menu entries that appear in the \bcode \bwindow \bcontext menu"   [取文本 0ms, 焦点 Edit '&Use a \bseparate \b']
18:06:56  translate.py -> need=1  text="Use a <strong>separate</strong> <strong>popup</strong> for all the CodeSMART menu entries that appear in the <strong>code</strong> <strong>window</strong> <strong>context</strong> menu"   [python 203ms]
18:06:57  翻译前基准: "Use a <strong>separate</strong> <strong>popup</strong> for all the CodeSMART menu entries that appear in the <strong>code</strong> <strong>window</strong> <strong>context</strong> menu"   [粘贴 156ms, 取基准 0ms]
18:06:57  按翻译热键 (第 1 次, step 模式)   [全选+确认 297ms]
18:06:58      第 1 次轮询看到内容变了
18:06:59  译文已稳定 (轮询 8 次)
18:06:59      [等译文 1.42s, 轮询 8 次]
18:06:59  译文: "对<strong>代码</strong><strong>窗口</strong><strong>上下文</strong>菜单中出现的所有CodeSMART菜单项使用<strong>单独</strong>的<strong>弹出窗口</strong>"
18:06:59  translateposthtml.py -> "对\b代码 \b窗口 \b上下文 菜单中出现的所有CodeSMART菜单项使用\b单独 的\b弹出窗口 "   [python 109ms]
18:06:59      [粘回译文 172ms]
18:06:59      [回车+等下一个框 203ms]
18:06:59  ---------- 第 139 个文本框 (上一轮共 3.14s) ----------
18:06:59  原文: "\b&Visible \btoolbars (bolded items) and \btoolbar \bbuttons:"   [取文本 0ms, 焦点 Edit '\b&Visible \btoolbar']
18:07:00  translate.py -> need=1  text="<strong>Visible</strong> <strong>toolbars</strong> (bolded items) and <strong>toolbar</strong> <strong>buttons</strong>:"   [python 219ms]
18:07:00  翻译前基准: "<strong>Visible</strong> <strong>toolbars</strong> (bolded items) and <strong>toolbar</strong> <strong>buttons</strong>:"   [粘贴 141ms, 取基准 0ms]
18:07:00  按翻译热键 (第 1 次, step 模式)   [全选+确认 297ms]
18:07:01      第 1 次轮询看到内容变了
18:07:02  译文已稳定 (轮询 5 次)
18:07:02      [等译文 0.92s, 轮询 5 次]
18:07:02  译文: "<strong>可见</strong><strong>按钮</strong>（粗体项目）和<strong>工具栏</strong><strong>按钮</strong>："
18:07:02  translateposthtml.py -> "\b可见 \b按钮 （粗体项目）和\b工具栏 \b按钮 ："   [python 94ms]
18:07:02      [粘回译文 156ms]
18:07:02      [回车+等下一个框 219ms]
18:07:02  ---------- 第 140 个文本框 (上一轮共 2.61s) ----------
18:07:02  原文: "\bCustom: \eMIKE"   [取文本 0ms, 焦点 Edit '\bCustom: \eMIKE']
18:07:03  translate.py -> need=0  text="\bCustom: \eMIKE"   [python 906ms]
18:07:03  不需要翻译 -> 直接回车
18:07:03      [回车+等下一个框 219ms]
18:07:03  ---------- 第 141 个文本框 (上一轮共 1.13s) ----------
18:07:03  原文: "\bSystem computer name:"   [取文本 0ms, 焦点 Edit '\bSystem computer na']
18:07:04  translate.py -> need=1  text="<strong>System</strong> computer name:"   [python 797ms]
18:07:04  翻译前基准: "<strong>System</strong> computer name:"   [粘贴 171ms, 取基准 0ms]
18:07:04  按翻译热键 (第 1 次, step 模式)   [全选+确认 313ms]
18:07:05      第 1 次轮询看到内容变了
18:07:05  译文已稳定 (轮询 2 次)
18:07:05      [等译文 0.45s, 轮询 2 次]
18:07:05  译文: "<strong>系统</strong>计算机名称："
18:07:06  translateposthtml.py -> "\b系统 计算机名称："   [python 109ms]
18:07:06      [粘回译文 172ms]
18:07:06      [回车+等下一个框 203ms]
18:07:06  ---------- 第 142 个文本框 (上一轮共 2.80s) ----------
18:07:06  原文: "\bSystem user name:"   [取文本 0ms, 焦点 Edit '\bSystem user name:']
18:07:07  translate.py -> need=1  text="<strong>System</strong> user name:"   [python 828ms]
18:07:07  翻译前基准: "<strong>System</strong> user name:"   [粘贴 140ms, 取基准 0ms]
18:07:07  按翻译热键 (第 1 次, step 模式)   [全选+确认 313ms]
18:07:08      第 1 次轮询看到内容变了
18:07:08  译文已稳定 (轮询 2 次)
18:07:08      [等译文 0.47s, 轮询 2 次]
18:07:08  译文: "<strong>系统</strong>用户名："
18:07:08  translateposthtml.py -> "\b系统 用户名："   [python 94ms]
18:07:08      [粘回译文 172ms]
18:07:09      [回车+等下一个框 203ms]
18:07:09  ---------- 第 143 个文本框 (上一轮共 2.80s) ----------
18:07:09  原文: "\bCustom: \eProject \eAdministrator"   [取文本 0ms, 焦点 Edit '\bCustom: \eProject ']
18:07:10  translate.py -> need=0  text="\bCustom: \eProject \eAdministrator"   [python 938ms]
18:07:10  不需要翻译 -> 直接回车
18:07:10      [回车+等下一个框 234ms]
18:07:10  ---------- 第 144 个文本框 (上一轮共 1.17s) ----------
18:07:10  原文: "The \bcomputer \bname setting is used to replace the \b{ComputerName} standard parameter."   [取文本 0ms, 焦点 Edit 'The \bcomputer \bnam']
18:07:11  translate.py -> need=1  text="The <strong>computer</strong> <strong>name</strong> setting is used to replace the <strong>{ComputerName}</strong> standard parameter."   [python 891ms]
18:07:11  翻译前基准: "The <strong>computer</strong> <strong>name</strong> setting is used to replace the <strong>{ComputerName}</strong> standard parameter."   [粘贴 141ms, 取基准 0ms]
18:07:11  按翻译热键 (第 1 次, step 模式)   [全选+确认 312ms]
18:07:12      第 1 次轮询看到内容变了
18:07:13  译文已稳定 (轮询 5 次)
18:07:13      [等译文 0.92s, 轮询 5 次]
18:07:13  译文: "<strong>计算机</strong><strong>名称</strong>设置用于替换<strong>{ComputerName}</strong>标准参数。"
18:07:13  translateposthtml.py -> "\b计算机 \b名称 设置用于替换\b{ComputerName} 标准参数。"   [python 110ms]
18:07:13      [粘回译文 156ms]
18:07:13      [回车+等下一个框 219ms]
18:07:13  ---------- 第 145 个文本框 (上一轮共 3.31s) ----------
18:07:13  原文: "The \bdeveloper \bname setting is used to replace the \b{UserName} standard parameter. It is also used by the \btask \blist \bmanager."   [取文本 0ms, 焦点 Edit 'The \bdeveloper \bna']
18:07:14  translate.py -> need=1  text="The <strong>developer</strong> <strong>name</strong> setting is used to replace the <strong>{UserName}</strong> standard parameter. It is also used by the <strong>task</strong> <strong>list</strong> <strong>manager</strong>."   [python 922ms]
18:07:14  翻译前基准: "The <strong>developer</strong> <strong>name</strong> setting is used to replace the <strong>{UserName}</strong> standard parameter. It is also used by the <strong>task</strong> <strong>list</strong> <strong>manager</strong>."   [粘贴 156ms, 取基准 0ms]
18:07:15  按翻译热键 (第 1 次, step 模式)   [全选+确认 312ms]
18:07:15      第 1 次轮询看到内容变了
18:07:17  译文已稳定 (轮询 8 次)
18:07:17      [等译文 1.39s, 轮询 8 次]
18:07:17  译文: "<strong>开发人员</strong><strong>名称</strong>设置用于替换<strong>{用户名}</strong>标准参数。它也被<strong>任务</strong><strong>列表</strong><strong>管理器</strong>使用。"
18:07:17  translateposthtml.py -> "\b开发人员 \b名称 设置用于替换\b{用户名} 标准参数。它也被\b任务 \b列表 \b管理器 使用。"   [python 94ms]
18:07:17      [粘回译文 141ms]
18:07:17      [回车+等下一个框 218ms]
18:07:17  ---------- 第 146 个文本框 (上一轮共 3.81s) ----------
18:07:17  原文: "&Show operation splash messages"   [取文本 0ms, 焦点 Edit '&Show operation spla']
18:07:17  translate.py -> need=1  text="Show operation splash messages"   [python 203ms]
18:07:17  翻译前基准: "Show operation splash messages"   [粘贴 141ms, 取基准 0ms]
18:07:18  按翻译热键 (第 1 次, step 模式)   [全选+确认 297ms]
18:07:19      第 1 次轮询看到内容变了
18:07:19  译文已稳定 (轮询 2 次)
18:07:19      [等译文 0.45s, 轮询 2 次]
18:07:19  译文: "显示操作启动消息"
18:07:19  translateposthtml.py -> "显示操作启动消息"   [python 46ms]
18:07:19      [粘回译文 141ms]
18:07:19      [回车+等下一个框 234ms]
18:07:19  ---------- 第 147 个文本框 (上一轮共 2.08s) ----------
18:07:19  原文: "B&y using the \bassociated \bapplication (if any)"   [取文本 16ms, 焦点 Edit 'B&y using the \basso']
18:07:19  translate.py -> need=1  text="By using the <strong>associated</strong> <strong>application</strong> (if any)"   [python 219ms]
18:07:19  翻译前基准: "By using the <strong>associated</strong> <strong>application</strong> (if any)"   [粘贴 140ms, 取基准 0ms]
18:07:20  按翻译热键 (第 1 次, step 模式)   [全选+确认 297ms]
18:07:21      第 1 次轮询看到内容变了
18:07:21  译文已稳定 (轮询 3 次)
18:07:21      [等译文 0.61s, 轮询 3 次]
18:07:21  译文: "通过使用<strong>相关</strong><strong>应用程序</strong>（如果有）"
18:07:21  translateposthtml.py -> "通过使用\b相关 \b应用程序 （如果有）"   [python 125ms]
18:07:21      [粘回译文 141ms]
18:07:21      [回车+等下一个框 203ms]
18:07:21  ---------- 第 148 个文本框 (上一轮共 2.31s) ----------
18:07:21  原文: "By using the \bVB6 \b&Resource \bEditor add-in (if loaded)"   [取文本 0ms, 焦点 Edit 'By using the \bVB6 \']
18:07:22  translate.py -> need=1  text="By using the <strong>VB6</strong> <strong>Resource</strong> <strong>Editor</strong> add-in (if loaded)"   [python 219ms]
18:07:22  翻译前基准: "By using the <strong>VB6</strong> <strong>Resource</strong> <strong>Editor</strong> add-in (if loaded)"   [粘贴 187ms, 取基准 0ms]
18:07:22  按翻译热键 (第 1 次, step 模式)   [全选+确认 297ms]
18:07:23      第 1 次轮询看到内容变了
18:07:23  译文已稳定 (轮询 4 次)
18:07:23      [等译文 0.78s, 轮询 4 次]
18:07:23  译文: "通过使用<strong>VB6</strong><strong>资源</strong><strong>编辑器</strong>外接程序（如果已加载）"
18:07:24  translateposthtml.py -> "通过使用\bVB6 \b资源 \b编辑器 外接程序（如果已加载）"   [python 110ms]
18:07:24      [粘回译文 140ms]
18:07:24      [回车+等下一个框 219ms]
18:07:24  ---------- 第 149 个文本框 (上一轮共 2.53s) ----------
18:07:24  原文: "&Assume that \bthe \b*_* \bpattern identifies an \bevent \bprocedure"   [取文本 0ms, 焦点 Edit '&Assume that \bthe \']
18:07:24  translate.py -> need=1  text="Assume that <strong>the</strong> <strong>*_*</strong> <strong>pattern</strong> identifies an <strong>event</strong> <strong>procedure</strong>"   [python 219ms]
18:07:24  翻译前基准: "Assume that <strong>the</strong> <strong>*_*</strong> <strong>pattern</strong> identifies an <strong>event</strong> <strong>procedure</strong>"   [粘贴 141ms, 取基准 0ms]
18:07:25  按翻译热键 (第 1 次, step 模式)   [全选+确认 296ms]
18:07:25      第 1 次轮询看到内容变了
18:07:26  译文已稳定 (轮询 6 次)
18:07:26      [等译文 1.08s, 轮询 6 次]
18:07:26  译文: "假设<strong>*_*</strong><strong>模式</strong>标识一个<strong>事件</strong><strong>过程</strong><strong></strong>"
18:07:26  translateposthtml.py -> "假设\b*_* \b模式 标识一个\b事件 \b过程 "   [python 94ms]
18:07:26      [粘回译文 172ms]
18:07:27      [回车+等下一个框 203ms]
18:07:27  ---------- 第 150 个文本框 (上一轮共 2.77s) ----------
18:07:27  原文: "\b&Save event triggers \bcomponent \brefresh (strongly recommended to be \bon)"   [取文本 0ms, 焦点 Edit '\b&Save event trigge']
18:07:27  translate.py -> need=1  text="<strong>Save</strong> event triggers <strong>component</strong> <strong>refresh</strong> (strongly recommended to be <strong>on</strong>)"   [python 187ms]
18:07:27  翻译前基准: "<strong>Save</strong> event triggers <strong>component</strong> <strong>refresh</strong> (strongly recommended to be <strong>on</strong>)"   [粘贴 157ms, 取基准 0ms]
18:07:27  按翻译热键 (第 1 次, step 模式)   [全选+确认 296ms]
18:07:28      第 1 次轮询看到内容变了
18:07:29  译文已稳定 (轮询 6 次)
18:07:29      [等译文 1.08s, 轮询 6 次]
18:07:29  译文: "<strong>保存</strong>事件触发器<strong>组件</strong><strong>刷新</strong>（强烈建议<strong>打开</strong>）"
18:07:29  translateposthtml.py -> "\b保存 事件触发器\b组件 \b刷新 （强烈建议\b打开 ）"   [python 110ms]
18:07:29      [粘回译文 172ms]
18:07:29      [回车+等下一个框 203ms]
18:07:29  ---------- 第 151 个文本框 (上一轮共 2.75s) ----------
18:07:29  原文: "&Use \bautomatic \brefresh when \badding/renaming \broutines"   [取文本 0ms, 焦点 Edit '&Use \bautomatic \br']
18:07:30  translate.py -> need=1  text="Use <strong>automatic</strong> <strong>refresh</strong> when <strong>adding</strong>/renaming <strong>routines</strong>"   [python 203ms]
18:07:30  翻译前基准: "Use <strong>automatic</strong> <strong>refresh</strong> when <strong>adding</strong>/renaming <strong>routines</strong>"   [粘贴 156ms, 取基准 0ms]
18:07:30  按翻译热键 (第 1 次, step 模式)   [全选+确认 297ms]
18:07:31      第 1 次轮询看到内容变了
18:07:32  译文已稳定 (轮询 5 次)
18:07:32      [等译文 0.94s, 轮询 5 次]
18:07:32  译文: "在<strong>添加</strong>/重命名<strong>例程</strong>时使用<strong>自动</strong><strong>刷新</strong>"
18:07:32  translateposthtml.py -> "在\b添加 /重命名\b例程 时使用\b自动 \b刷新 "   [python 110ms]
18:07:32      [粘回译文 187ms]
18:07:32      [回车+等下一个框 203ms]
18:07:32  ---------- 第 152 个文本框 (上一轮共 2.64s) ----------
18:07:32  原文: "\b&Double-clicking a node always opens the component's \bcode \bwindow"   [取文本 0ms, 焦点 Edit '\b&Double-clicking a']
18:07:32  translate.py -> need=1  text="<strong>Double</strong>-clicking a node always opens the component's <strong>code</strong> <strong>window</strong>"   [python 204ms]
18:07:32  翻译前基准: "<strong>Double</strong>-clicking a node always opens the component's <strong>code</strong> <strong>window</strong>"   [粘贴 187ms, 取基准 0ms]
18:07:33  按翻译热键 (第 1 次, step 模式)   [全选+确认 297ms]
18:07:34      第 1 次轮询看到内容变了
18:07:34  译文已稳定 (轮询 4 次)
18:07:34      [等译文 0.77s, 轮询 4 次]
18:07:34  译文: "<strong>双击</strong>节点总是打开组件的<strong>代码</strong><strong>窗口</strong>"
18:07:34  translateposthtml.py -> "\b双击 节点总是打开组件的\b代码 \b窗口 "   [python 109ms]
18:07:34      [粘回译文 156ms]
18:07:35      [回车+等下一个框 219ms]
18:07:35  ---------- 第 153 个文本框 (上一轮共 2.52s) ----------
18:07:35  原文: "Us&e \bbold text for nodes corresponding to \bpublic \bclasses"   [取文本 0ms, 焦点 Edit 'Us&e \bbold text for']
18:07:35  translate.py -> need=1  text="Use <strong>bold</strong> text for nodes corresponding to <strong>public</strong> <strong>classes</strong>"   [python 203ms]
18:07:35  翻译前基准: "Use <strong>bold</strong> text for nodes corresponding to <strong>public</strong> <strong>classes</strong>"   [粘贴 156ms, 取基准 0ms]
18:07:35  按翻译热键 (第 1 次, step 模式)   [全选+确认 297ms]
18:07:36      第 1 次轮询看到内容变了
18:07:37  译文已稳定 (轮询 4 次)
18:07:37      [等译文 0.78s, 轮询 4 次]
18:07:37  译文: "对<strong>公共</strong><strong>类</strong>对应的节点使用<strong>粗体</strong>"
18:07:37  translateposthtml.py -> "对\b公共 \b类 对应的节点使用\b粗体 "   [python 110ms]
18:07:37      [粘回译文 156ms]
18:07:37      [回车+等下一个框 219ms]
18:07:37  ---------- 第 154 个文本框 (上一轮共 2.47s) ----------
18:07:37  原文: "Us&e \bbold text for nodes corresponding to \bpublic \bmembers"   [取文本 0ms, 焦点 Edit 'Us&e \bbold text for']
18:07:37  translate.py -> need=1  text="Use <strong>bold</strong> text for nodes corresponding to <strong>public</strong> <strong>members</strong>"   [python 187ms]
18:07:37  翻译前基准: "Use <strong>bold</strong> text for nodes corresponding to <strong>public</strong> <strong>members</strong>"   [粘贴 157ms, 取基准 0ms]
18:07:38  按翻译热键 (第 1 次, step 模式)   [全选+确认 296ms]
18:07:39      第 1 次轮询看到内容变了
18:07:39  译文已稳定 (轮询 4 次)
18:07:39      [等译文 0.78s, 轮询 4 次]
18:07:39  译文: "对<strong>公共</strong><strong>成员</strong>对应的节点使用<strong>粗体</strong>"
18:07:39  translateposthtml.py -> "对\b公共 \b成员 对应的节点使用\b粗体 "   [python 93ms]
18:07:39      [粘回译文 172ms]
18:07:40      [回车+等下一个框 203ms]
18:07:40  ---------- 第 155 个文本框 (上一轮共 2.45s) ----------
18:07:40  原文: "\bResource \bfiles (*.RES) should be \bopened \bfor \bediting in the following manner:"   [取文本 0ms, 焦点 Edit '\bResource \bfiles (']
18:07:40  translate.py -> need=1  text="<strong>Resource</strong> <strong>files</strong> (*.RES) should be <strong>opened</strong> <strong>for</strong> <strong>editing</strong> in the following manner:"   [python 812ms]
18:07:41  翻译前基准: "<strong>Resource</strong> <strong>files</strong> (*.RES) should be <strong>opened</strong> <strong>for</strong> <strong>editing</strong> in the following manner:"   [粘贴 157ms, 取基准 0ms]
18:07:41  按翻译热键 (第 1 次, step 模式)   [全选+确认 297ms]
18:07:42      第 1 次轮询看到内容变了
18:07:43  译文已稳定 (轮询 7 次)
18:07:43      [等译文 1.25s, 轮询 7 次]
18:07:43  译文: "应按以下方式<strong>打开</strong><strong>资源</strong><strong>文件</strong>（*.RES）<strong>进行</strong><strong>编辑</strong>"
18:07:43  translateposthtml.py -> "应按以下方式\b打开 \b资源 \b文件 （*.RES）\b进行 \b编辑 "   [python 125ms]
18:07:43      [粘回译文 172ms]
18:07:43      [回车+等下一个框 203ms]
18:07:43  ---------- 第 156 个文本框 (上一轮共 3.58s) ----------
18:07:43  原文: "\b&Project \nnodes have \bplus/minus symbols"   [取文本 0ms, 焦点 Edit '\b&Project \nnodes h']
18:07:43  translate.py -> need=1  text="<strong>Project</strong> \nnodes have <strong>plus</strong>/minus symbols"   [python 234ms]
18:07:44  翻译前基准: "<strong>Project</strong> \nnodes have <strong>plus</strong>/minus symbols"   [粘贴 157ms, 取基准 0ms]
18:07:44  按翻译热键 (第 1 次, step 模式)   [全选+确认 297ms]
18:07:45      第 1 次轮询看到内容变了
18:07:45  译文已稳定 (轮询 3 次)
18:07:45      [等译文 0.61s, 轮询 3 次]
18:07:45  译文: "<strong>项目</strong>节点\n具有<strong>加号</strong>/减号"
18:07:45  translateposthtml.py -> "\b项目 节点\n具有\b加号 /减号"   [python 110ms]
18:07:45      [粘回译文 140ms]
18:07:45      [回车+等下一个框 250ms]
18:07:45  ---------- 第 157 个文本框 (上一轮共 2.36s) ----------
18:07:45  原文: "The Project Explorer \btoolbar \bis \b&visible"   [取文本 0ms, 焦点 Edit 'The Project Explorer']
18:07:46  translate.py -> need=1  text="The Project Explorer <strong>toolbar</strong> <strong>is</strong> <strong>visible</strong>"   [python 188ms]
18:07:46  翻译前基准: "The Project Explorer <strong>toolbar</strong> <strong>is</strong> <strong>visible</strong>"   [粘贴 172ms, 取基准 0ms]
18:07:46  按翻译热键 (第 1 次, step 模式)   [全选+确认 297ms]
18:07:47      第 1 次轮询看到内容变了
18:07:47  译文已稳定 (轮询 4 次)
18:07:47      [等译文 0.77s, 轮询 4 次]
18:07:47  译文: "项目资源管理器<strong>工具</strong><strong>栏</strong><strong>可见</strong>"
18:07:48  translateposthtml.py -> "项目资源管理器\b工具 \b栏 \b可见 "   [python 110ms]
18:07:48      [粘回译文 140ms]
18:07:48      [回车+等下一个框 204ms]
18:07:48  ---------- 第 158 个文本框 (上一轮共 2.47s) ----------
18:07:48  原文: "&Below you can configure which main \btoolbar \bbuttons should be \bvisible:"   [取文本 0ms, 焦点 Edit '&Below you can confi']
18:07:48  translate.py -> need=1  text="Below you can configure which main <strong>toolbar</strong> <strong>buttons</strong> should be <strong>visible</strong>:"   [python 219ms]
18:07:48  翻译前基准: "Below you can configure which main <strong>toolbar</strong> <strong>buttons</strong> should be <strong>visible</strong>:"   [粘贴 141ms, 取基准 0ms]
18:07:49  按翻译热键 (第 1 次, step 模式)   [全选+确认 296ms]
18:07:49      第 1 次轮询看到内容变了
18:07:50  译文已稳定 (轮询 4 次)
18:07:50      [等译文 0.78s, 轮询 4 次]
18:07:50  译文: "下面您可以配置哪些主<strong>工具栏</strong><strong>按钮</strong>应该是<strong>可见</strong>的："
18:07:50  translateposthtml.py -> "下面您可以配置哪些主\b工具栏 \b按钮 应该是\b可见 的："   [python 110ms]
18:07:50      [粘回译文 140ms]
18:07:50      [回车+等下一个框 219ms]
18:07:50  ---------- 第 159 个文本框 (上一轮共 2.47s) ----------
18:07:50  原文: "\bAlways \b&ask when performing operations on the \bentire \bproject"   [取文本 0ms, 焦点 Edit '\bAlways \b&ask when']
18:07:51  translate.py -> need=1  text="<strong>Always</strong> <strong>ask</strong> when performing operations on the <strong>entire</strong> <strong>project</strong>"   [python 203ms]
18:07:51  翻译前基准: "<strong>Always</strong> <strong>ask</strong> when performing operations on the <strong>entire</strong> <strong>project</strong>"   [粘贴 141ms, 取基准 0ms]
18:07:51  按翻译热键 (第 1 次, step 模式)   [全选+确认 297ms]
18:07:52      第 1 次轮询看到内容变了
18:07:53  译文已稳定 (轮询 6 次)
18:07:53      [等译文 1.11s, 轮询 6 次]
18:07:53  译文: "在对<strong>整个</strong><strong>项目</strong>执行操作时<strong>始终</strong><strong>询问</strong>"
18:07:53  translateposthtml.py -> "在对\b整个 \b项目 执行操作时\b始终 \b询问 "   [python 94ms]
18:07:53      [粘回译文 172ms]
18:07:53      [回车+等下一个框 250ms]
18:07:53  ---------- 第 160 个文本框 (上一轮共 2.84s) ----------
18:07:53  原文: "&Put all SourceSafe related commandbars on a \bseparate \bpopup"   [取文本 0ms, 焦点 Edit '&Put all SourceSafe ']
18:07:53  translate.py -> need=1  text="Put all SourceSafe related commandbars on a <strong>separate</strong> <strong>popup</strong>"   [python 187ms]
18:07:54  翻译前基准: "Put all SourceSafe related commandbars on a <strong>separate</strong> <strong>popup</strong>"   [粘贴 156ms, 取基准 0ms]
18:07:54  按翻译热键 (第 1 次, step 模式)   [全选+确认 297ms]
18:07:55      第 1 次轮询看到内容变了
18:07:55  译文已稳定 (轮询 4 次)
18:07:55      [等译文 0.77s, 轮询 4 次]
18:07:55  译文: "将所有与SourceSafe相关的命令栏放在<strong>单独</strong>的<strong>弹出窗口</strong>"
18:07:55  translateposthtml.py -> "将所有与SourceSafe相关的命令栏放在\b单独 的\b弹出窗口 "   [python 109ms]
18:07:55      [粘回译文 156ms]
18:07:56      [回车+等下一个框 204ms]
18:07:56  ---------- 第 161 个文本框 (上一轮共 2.42s) ----------
18:07:56  原文: "&Show \b"... \bEntire \bProject" commands \bonly \bon \bproject \bnodes context menu"   [取文本 0ms, 焦点 Edit '&Show \b"... \bEntir']
18:07:56  translate.py -> need=1  text="Show <strong>"...</strong> <strong>Entire</strong> <strong>Project</strong>" commands <strong>only</strong> <strong>on</strong> <strong>project</strong> <strong>nodes</strong> context menu"   [python 187ms]
18:07:56  翻译前基准: "Show <strong>"...</strong> <strong>Entire</strong> <strong>Project</strong>" commands <strong>only</strong> <strong>on</strong> <strong>project</strong> <strong>nodes</strong> context menu"   [粘贴 188ms, 取基准 0ms]
18:07:56  按翻译热键 (第 1 次, step 模式)   [全选+确认 296ms]
18:07:57      第 1 次轮询看到内容变了
18:07:58  译文已稳定 (轮询 8 次)
18:07:58      [等译文 1.41s, 轮询 8 次]
18:07:58  译文: "表演<strong>“... </strong><strong>整个</strong><strong>项目</strong>“命令<strong>仅</strong><strong>在</strong><strong>项目</strong><strong>节点</strong>上下文菜单"
18:07:58  translateposthtml.py -> "表演\b“... \b整个 \b项目 “命令\b仅 \b在 \b项目 \b节点 上下文菜单"   [python 140ms]
18:07:59      [粘回译文 141ms]
18:07:59      [回车+等下一个框 219ms]
18:07:59  ---------- 第 162 个文本框 (上一轮共 3.13s) ----------
18:07:59  原文: "\b&Bypass if the physical file is \bnot \bread-only"   [取文本 0ms, 焦点 Edit '\b&Bypass if the phy']
18:07:59  translate.py -> need=1  text="<strong>Bypass</strong> if the physical file is <strong>not</strong> <strong>read</strong>-only"   [python 203ms]
18:07:59  翻译前基准: "<strong>Bypass</strong> if the physical file is <strong>not</strong> <strong>read</strong>-only"   [粘贴 156ms, 取基准 0ms]
18:07:59  按翻译热键 (第 1 次, step 模式)   [全选+确认 297ms]
18:08:00      第 1 次轮询看到内容变了
18:08:01  译文已稳定 (轮询 4 次)
18:08:01      [等译文 0.77s, 轮询 4 次]
18:08:01  译文: "如果物理文件<strong>不是</strong><strong>只读</strong>的，<strong>则跳过</strong>"
18:08:01  translateposthtml.py -> "如果物理文件\b不是 \b只读 的，\b则跳过 "   [python 94ms]
18:08:01      [粘回译文 141ms]
18:08:01      [回车+等下一个框 203ms]
18:08:01  ---------- 第 163 个文本框 (上一轮共 2.41s) ----------
18:08:01  原文: "&Use \bautomatic \bcheck-out "   [取文本 0ms, 焦点 Edit '&Use \bautomatic \bc']
18:08:01  translate.py -> need=1  text="Use <strong>automatic</strong> <strong>check</strong>-out "   [python 203ms]
18:08:02  翻译前基准: "Use <strong>automatic</strong> <strong>check</strong>-out "   [粘贴 141ms, 取基准 0ms]
18:08:02  按翻译热键 (第 1 次, step 模式)   [全选+确认 296ms]
18:08:03      第 1 次轮询看到内容变了
18:08:03  译文已稳定 (轮询 2 次)
18:08:03      [等译文 0.47s, 轮询 2 次]
18:08:03  译文: "使用<strong>自动</strong><strong>签</strong>出"
18:08:03  translateposthtml.py -> "使用\b自动 \b签 出"   [python 109ms]
18:08:03      [粘回译文 172ms]
18:08:03      [回车+等下一个框 203ms]
18:08:03  ---------- 第 164 个文本框 (上一轮共 2.16s) ----------
18:08:03  原文: "\bDo \b&not \baccept SCC actions \bwithout comments"   [取文本 0ms, 焦点 Edit '\bDo \b&not \baccept']
18:08:04  translate.py -> need=1  text="<strong>Do</strong> <strong>not</strong> <strong>accept</strong> SCC actions <strong>without</strong> comments"   [python 203ms]
18:08:04  翻译前基准: "<strong>Do</strong> <strong>not</strong> <strong>accept</strong> SCC actions <strong>without</strong> comments"   [粘贴 172ms, 取基准 0ms]
18:08:04  按翻译热键 (第 1 次, step 模式)   [全选+确认 313ms]
18:08:05      第 1 次轮询看到内容变了
18:08:05  译文已稳定 (轮询 4 次)
18:08:05      [等译文 0.78s, 轮询 4 次]
18:08:05  译文: "<strong></strong><strong>不</strong><strong>接受</strong>SCC<strong>无</strong>评论的"
18:08:06  translateposthtml.py -> "\b不 \b接受 SCC\b无 评论的"   [python 109ms]
18:08:06      [粘回译文 187ms]
18:08:06      [回车+等下一个框 204ms]
18:08:06  ---------- 第 165 个文本框 (上一轮共 2.58s) ----------
18:08:06  原文: "Prompt for comments \bonly \bin \bcheck-in &actions"   [取文本 0ms, 焦点 Edit 'Prompt for comments ']
18:08:06  translate.py -> need=1  text="Prompt for comments <strong>only</strong> <strong>in</strong> <strong>check</strong>-in actions"   [python 188ms]
18:08:06  翻译前基准: "Prompt for comments <strong>only</strong> <strong>in</strong> <strong>check</strong>-in actions"   [粘贴 140ms, 取基准 0ms]
18:08:07  按翻译热键 (第 1 次, step 模式)   [全选+确认 297ms]
18:08:07      第 1 次轮询看到内容变了
18:08:08  译文已稳定 (轮询 3 次)
18:08:08      [等译文 0.64s, 轮询 3 次]
18:08:08  译文: "<strong>仅</strong><strong>在</strong><strong>签</strong>入操作中提示注释"
18:08:08  translateposthtml.py -> "\b仅 \b在 \b签 入操作中提示注释"   [python 93ms]
18:08:08      [粘回译文 141ms]
18:08:08      [回车+等下一个框 203ms]
18:08:08  ---------- 第 166 个文本框 (上一轮共 2.31s) ----------
18:08:08  原文: "\b&Prompt for \bcomments in SCC actions"   [取文本 0ms, 焦点 Edit '\b&Prompt for \bcomm']
18:08:08  translate.py -> need=1  text="<strong>Prompt</strong> for <strong>comments</strong> in SCC actions"   [python 203ms]
18:08:09  翻译前基准: "<strong>Prompt</strong> for <strong>comments</strong> in SCC actions"   [粘贴 172ms, 取基准 0ms]
18:08:09  按翻译热键 (第 1 次, step 模式)   [全选+确认 297ms]
18:08:10      第 1 次轮询看到内容变了
18:08:10  译文已稳定 (轮询 3 次)
18:08:10      [等译文 0.61s, 轮询 3 次]
18:08:10  译文: "<strong></strong>在SCC操作中提示<strong>注释</strong>"
18:08:10  translateposthtml.py -> "在SCC操作中提示\b注释 "   [python 94ms]
18:08:10      [粘回译文 156ms]
18:08:11      [回车+等下一个框 219ms]
18:08:11  ---------- 第 167 个文本框 (上一轮共 2.31s) ----------
18:08:11  原文: "&Ask for \bconfirmation before every automatic save operation"   [取文本 16ms, 焦点 Edit '&Ask for \bconfirmat']
18:08:11  translate.py -> need=1  text="Ask for <strong>confirmation</strong> before every automatic save operation"   [python 203ms]
18:08:11  翻译前基准: "Ask for <strong>confirmation</strong> before every automatic save operation"   [粘贴 141ms, 取基准 0ms]
18:08:11  按翻译热键 (第 1 次, step 模式)   [全选+确认 296ms]
18:08:12      第 1 次轮询看到内容变了
18:08:12  译文已稳定 (轮询 2 次)
18:08:12      [等译文 0.45s, 轮询 2 次]
18:08:12  译文: "在每次自动保存操作之前请求<strong>确认</strong>"
18:08:12  translateposthtml.py -> "在每次自动保存操作之前请求\b确认 "   [python 94ms]
18:08:13      [粘回译文 156ms]
18:08:13      [回车+等下一个框 219ms]
18:08:13  ---------- 第 168 个文本框 (上一轮共 2.19s) ----------
18:08:13  原文: "\b&Enable the AutoSave feature"   [取文本 0ms, 焦点 Edit '\b&Enable the AutoSa']
18:08:13  translate.py -> need=1  text="<strong>Enable</strong> the AutoSave feature"   [python 203ms]
18:08:13  翻译前基准: "<strong>Enable</strong> the AutoSave feature"   [粘贴 156ms, 取基准 0ms]
18:08:13  按翻译热键 (第 1 次, step 模式)   [全选+确认 297ms]
18:08:14      第 1 次轮询看到内容变了
18:08:14  译文已稳定 (轮询 2 次)
18:08:14      [等译文 0.45s, 轮询 2 次]
18:08:14  译文: "<strong>启用</strong>自动保存功能"
18:08:15  translateposthtml.py -> "\b启用 自动保存功能"   [python 94ms]
18:08:15      [粘回译文 140ms]
18:08:15      [回车+等下一个框 203ms]
18:08:15  ---------- 第 169 个文本框 (上一轮共 2.17s) ----------
18:08:15  原文: "You should enable the \bAutoSave feature if you want to \bautomatically \bsave your work after a \bspecified \btime \binterval."   [取文本 0ms, 焦点 Edit 'You should enable th']
18:08:16  translate.py -> need=1  text="You should enable the <strong>AutoSave</strong> feature if you want to <strong>automatically</strong> <strong>save</strong> your work after a <strong>specified</strong> <strong>time</strong> <strong>interval</strong>."   [python 812ms]
18:08:16  翻译前基准: "You should enable the <strong>AutoSave</strong> feature if you want to <strong>automatically</strong> <strong>save</strong> your work after a <strong>specified</strong> <strong>time</strong> <strong>interval</strong>."   [粘贴 141ms, 取基准 0ms]
18:08:16  按翻译热键 (第 1 次, step 模式)   [全选+确认 297ms]
18:08:17      第 1 次轮询看到内容变了
18:08:18  译文已稳定 (轮询 6 次)
18:08:18      [等译文 1.08s, 轮询 6 次]
18:08:18  译文: "如果要在<strong>指定</strong>的<strong>时间</strong><strong>间隔</strong>后<strong>自动</strong><strong>保存</strong>工作，则应启用<strong>自动保存</strong>功能。"
18:08:18  translateposthtml.py -> "如果要在\b指定 的\b时间 \b间隔 后\b自动 \b保存 工作，则应启用\b自动保存 功能。"   [python 94ms]
18:08:18      [粘回译文 171ms]
18:08:18      [回车+等下一个框 219ms]
18:08:18  ---------- 第 170 个文本框 (上一轮共 3.39s) ----------
18:08:18  原文: "AutoSave \b&interval:"   [取文本 0ms, 焦点 Edit 'AutoSave \b&interval']
18:08:19  translate.py -> need=1  text="AutoSave <strong>interval</strong>:"   [python 219ms]
18:08:19  翻译前基准: "AutoSave <strong>interval</strong>:"   [粘贴 172ms, 取基准 0ms]
18:08:19  按翻译热键 (第 1 次, step 模式)   [全选+确认 297ms]
18:08:20      第 1 次轮询看到内容变了
18:08:20  译文已稳定 (轮询 3 次)
18:08:20      [等译文 0.61s, 轮询 3 次]
18:08:20  译文: "自动保存<strong>间隔</strong>："
18:08:20  translateposthtml.py -> "自动保存\b间隔 ："   [python 172ms]
18:08:21      [粘回译文 140ms]
18:08:21      [回车+等下一个框 203ms]
18:08:21  ---------- 第 171 个文本框 (上一轮共 2.41s) ----------
18:08:21  原文: "After \bviewing a procedure \b&more \bthan"   [取文本 0ms, 焦点 Edit 'After \bviewing a pr']
18:08:21  translate.py -> need=1  text="After <strong>viewing</strong> a procedure <strong>more</strong> <strong>than</strong>"   [python 188ms]
18:08:21  翻译前基准: "After <strong>viewing</strong> a procedure <strong>more</strong> <strong>than</strong>"   [粘贴 156ms, 取基准 0ms]
18:08:21  按翻译热键 (第 1 次, step 模式)   [全选+确认 297ms]
18:08:22      第 1 次轮询看到内容变了
18:08:23  译文已稳定 (轮询 5 次)
18:08:23      [等译文 0.94s, 轮询 5 次]
18:08:23  译文: "在<strong>查看</strong>一个程序<strong>超过</strong><strong></strong>"
18:08:23  translateposthtml.py -> "在\b查看 一个程序\b超过 "   [python 110ms]
18:08:23      [粘回译文 156ms]
18:08:23      [回车+等下一个框 203ms]
18:08:23  ---------- 第 172 个文本框 (上一轮共 2.59s) ----------
18:08:23  原文: "\aClick \ahere to \bclear the edit/view history list."   [取文本 0ms, 焦点 Edit '\aClick \ahere to \b']
18:08:24  translate.py -> need=0  text="\aClick \ahere to \bclear the edit/view history list."   [python 203ms]
18:08:24  不需要翻译 -> 直接回车
18:08:24      [回车+等下一个框 203ms]
18:08:24  ---------- 第 173 个文本框 (上一轮共 0.41s) ----------
18:08:24  原文: "\bIgnore occurrences within \bco&mments"   [取文本 0ms, 焦点 Edit '\bIgnore occurrences']
18:08:24  translate.py -> need=1  text="<strong>Ignore</strong> occurrences within <strong>comments</strong>"   [python 204ms]
18:08:24  翻译前基准: "<strong>Ignore</strong> occurrences within <strong>comments</strong>"   [粘贴 156ms, 取基准 0ms]
18:08:24  按翻译热键 (第 1 次, step 模式)   [全选+确认 297ms]
18:08:25      第 1 次轮询看到内容变了
18:08:26  译文已稳定 (轮询 3 次)
18:08:26      [等译文 0.63s, 轮询 3 次]
18:08:26  译文: "<strong>忽略</strong><strong>注释</strong>中出现的内容"
18:08:26  translateposthtml.py -> "\b忽略 \b注释 中出现的内容"   [python 110ms]
18:08:26      [粘回译文 140ms]
18:08:26      [回车+等下一个框 219ms]
18:08:26  ---------- 第 174 个文本框 (上一轮共 2.38s) ----------
18:08:26  原文: "\bIgnore occurrences within \bs&trings"   [取文本 0ms, 焦点 Edit '\bIgnore occurrences']
18:08:26  translate.py -> need=1  text="<strong>Ignore</strong> occurrences within <strong>strings</strong>"   [python 204ms]
18:08:26  翻译前基准: "<strong>Ignore</strong> occurrences within <strong>strings</strong>"   [粘贴 156ms, 取基准 0ms]
18:08:27  按翻译热键 (第 1 次, step 模式)   [全选+确认 297ms]
18:08:28      第 1 次轮询看到内容变了
18:08:28  译文已稳定 (轮询 2 次)
18:08:28      [等译文 0.47s, 轮询 2 次]
18:08:28  译文: "<strong>忽略</strong><strong>字符串</strong>内的匹配项"
18:08:28  translateposthtml.py -> "\b忽略 \b字符串 内的匹配项"   [python 94ms]
18:08:28      [粘回译文 141ms]
18:08:28      [回车+等下一个框 218ms]
18:08:28  ---------- 第 175 个文本框 (上一轮共 2.13s) ----------
18:08:28  原文: "&Ask for \bconfirmation before replace operation"   [取文本 0ms, 焦点 Edit '&Ask for \bconfirmat']
18:08:28  translate.py -> need=1  text="Ask for <strong>confirmation</strong> before replace operation"   [python 204ms]
18:08:29  翻译前基准: "Ask for <strong>confirmation</strong> before replace operation"   [粘贴 140ms, 取基准 0ms]
18:08:29  按翻译热键 (第 1 次, step 模式)   [全选+确认 313ms]
18:08:30      第 1 次轮询看到内容变了
18:08:30  译文已稳定 (轮询 2 次)
18:08:30      [等译文 0.47s, 轮询 2 次]
18:08:30  译文: "更换操作前请<strong>确认</strong>"
18:08:30  translateposthtml.py -> "更换操作前请\b确认 "   [python 141ms]
18:08:30      [粘回译文 156ms]
18:08:30      [回车+等下一个框 203ms]
18:08:30  ---------- 第 176 个文本框 (上一轮共 2.17s) ----------
18:08:30  原文: "\b&Spy \bcontrol \brename operations (this is done with the \bpurpose of automatic control name \breplacing \bin \bcode)"   [取文本 0ms, 焦点 Edit '\b&Spy \bcontrol \br']
18:08:31  translate.py -> need=1  text="<strong>Spy</strong> <strong>control</strong> <strong>rename</strong> operations (this is done with the <strong>purpose</strong> of automatic control name <strong>replacing</strong> <strong>in</strong> <strong>code</strong>)"   [python 203ms]
18:08:31  翻译前基准: "<strong>Spy</strong> <strong>control</strong> <strong>rename</strong> operations (this is done with the <strong>purpose</strong> of automatic control name <strong>replacing</strong> <strong>in</strong> <strong>code</strong>)"   [粘贴 157ms, 取基准 0ms]
18:08:31  按翻译热键 (第 1 次, step 模式)   [全选+确认 297ms]
18:08:32      第 1 次轮询看到内容变了
18:08:33  译文已稳定 (轮询 7 次)
18:08:33      [等译文 1.25s, 轮询 7 次]
18:08:33  译文: "<strong>间谍</strong><strong>控件</strong><strong>重命名</strong>操作（这是<strong>为了</strong><strong>在</strong><strong>代码</strong>中自动<strong>替换</strong>控件名称）"
18:08:33  translateposthtml.py -> "\b间谍 \b控件 \b重命名 操作（这是\b为了 \b在 \b代码 中自动\b替换 控件名称）"   [python 109ms]
18:08:33      [粘回译文 172ms]
18:08:33      [回车+等下一个框 203ms]
18:08:33  ---------- 第 177 个文本框 (上一轮共 2.95s) ----------
18:08:33  原文: "\bBefore the member's \bdefinition \bline"   [取文本 0ms, 焦点 Edit '\bBefore the member'']
18:08:34  translate.py -> need=1  text="<strong>Before</strong> the member's <strong>definition</strong> <strong>line</strong>"   [python 1047ms]
18:08:35  翻译前基准: "<strong>Before</strong> the member's <strong>definition</strong> <strong>line</strong>"   [粘贴 141ms, 取基准 0ms]
18:08:35  按翻译热键 (第 1 次, step 模式)   [全选+确认 312ms]
18:08:36      第 1 次轮询看到内容变了
18:08:36  译文已稳定 (轮询 3 次)
18:08:36      [等译文 0.63s, 轮询 3 次]
18:08:36  译文: "在成员的<strong>定义</strong><strong>行</strong><strong>之前</strong>"
18:08:36  translateposthtml.py -> "在成员的\b定义 \b行 \b之前 "   [python 109ms]
18:08:36      [粘回译文 141ms]
18:08:37      [回车+等下一个框 203ms]
18:08:37  ---------- 第 178 个文本框 (上一轮共 3.14s) ----------
18:08:37  原文: "\b&Enable auto-insert (if set to \bon, CodeSMART will \bautomatically insert a \bdescriptive \bheader whenever a \bnew \broutine is added)"   [取文本 0ms, 焦点 Edit '\b&Enable auto-inser']
18:08:37  translate.py -> need=1  text="<strong>Enable</strong> auto-insert (if set to <strong>on</strong>, CodeSMART will <strong>automatically</strong> insert a <strong>descriptive</strong> <strong>header</strong> whenever a <strong>new</strong> <strong>routine</strong> is added)"   [python 218ms]
18:08:37  翻译前基准: "<strong>Enable</strong> auto-insert (if set to <strong>on</strong>, CodeSMART will <strong>automatically</strong> insert a <strong>descriptive</strong> <strong>header</strong> whenever a <strong>new</strong> <strong>routine</strong> is added)"   [粘贴 157ms, 取基准 0ms]
18:08:37  按翻译热键 (第 1 次, step 模式)   [全选+确认 297ms]
18:08:38      第 1 次轮询看到内容变了
18:08:39  译文已稳定 (轮询 9 次)
18:08:39      [等译文 1.55s, 轮询 9 次]
18:08:39  译文: "<strong>启用</strong>自动插入（如果设置为<strong>on</strong>，CodeSMART将在添加<strong>新</strong><strong>例程</strong>时<strong>自动</strong>插入<strong>描述性</strong><strong>标题</strong>"
18:08:39  translateposthtml.py -> "\b启用 自动插入（如果设置为\bon ，CodeSMART将在添加\b新 \b例程 时\b自动 插入\b描述性 \b标题 "   [python 93ms]
18:08:40      [粘回译文 141ms]
18:08:40      [回车+等下一个框 203ms]
18:08:40  ---------- 第 179 个文本框 (上一轮共 3.23s) ----------
18:08:40  原文: "\bAfter the member's \bdefinition \bline"   [取文本 0ms, 焦点 Edit '\bAfter the member's']
18:08:41  translate.py -> need=1  text="<strong>After</strong> the member's <strong>definition</strong> <strong>line</strong>"   [python 875ms]
18:08:41  翻译前基准: "<strong>After</strong> the member's <strong>definition</strong> <strong>line</strong>"   [粘贴 172ms, 取基准 0ms]
18:08:41  按翻译热键 (第 1 次, step 模式)   [全选+确认 297ms]
18:08:42      第 1 次轮询看到内容变了
18:08:42  译文已稳定 (轮询 3 次)
18:08:42      [等译文 0.64s, 轮询 3 次]
18:08:42  译文: "在成员的<strong>定义</strong><strong>行</strong><strong>之后</strong>"
18:08:42  translateposthtml.py -> "在成员的\b定义 \b行 \b之后 "   [python 93ms]
18:08:43      [粘回译文 157ms]
18:08:43      [回车+等下一个框 218ms]
18:08:43  ---------- 第 180 个文本框 (上一轮共 3.03s) ----------
18:08:43  原文: "Procedure descriptive header \binsertion \bpoint:"   [取文本 0ms, 焦点 Edit 'Procedure descriptiv']
18:08:44  translate.py -> need=1  text="Procedure descriptive header <strong>insertion</strong> <strong>point</strong>:"   [python 797ms]
18:08:44  翻译前基准: "Procedure descriptive header <strong>insertion</strong> <strong>point</strong>:"   [粘贴 141ms, 取基准 0ms]
18:08:44  按翻译热键 (第 1 次, step 模式)   [全选+确认 297ms]
18:08:45      第 1 次轮询看到内容变了
18:08:45  译文已稳定 (轮询 3 次)
18:08:45      [等译文 0.63s, 轮询 3 次]
18:08:45  译文: "程序描述性标题<strong>插入</strong><strong>点</strong>："
18:08:45  translateposthtml.py -> "程序描述性标题\b插入 \b点 ："   [python 110ms]
18:08:45      [粘回译文 140ms]
18:08:46      [回车+等下一个框 203ms]
18:08:46  ---------- 第 181 个文本框 (上一轮共 2.88s) ----------
18:08:46  原文: "\bNote: This setting \brequires the "Use automatic refresh when adding/renaming routines" setting to be "on" (see Project Explorer/Behaviour)."   [取文本 0ms, 焦点 Edit '\bNote: This setting']
18:08:46  translate.py -> need=1  text="<strong>Note</strong>: This setting <strong>requires</strong> the "Use automatic refresh when adding/renaming routines" setting to be "on" (see Project Explorer/Behaviour)."   [python 844ms]
18:08:47  翻译前基准: "<strong>Note</strong>: This setting <strong>requires</strong> the "Use automatic refresh when adding/renaming routines" setting to be "on" (see Project Explorer/Behaviour)."   [粘贴 172ms, 取基准 0ms]
18:08:47  按翻译热键 (第 1 次, step 模式)   [全选+确认 297ms]
18:08:48      第 1 次轮询看到内容变了
18:08:49  译文已稳定 (轮询 6 次)
18:08:49      [等译文 1.09s, 轮询 6 次]
18:08:49  译文: "<strong>注意</strong>：此设置<strong>要求</strong>“在添加/重命名例程时使用自动刷新”设置为“on”（请参阅Project Explorer/Behaviour）。"
18:08:49  translateposthtml.py -> "\b注意 ：此设置\b要求 “在添加/重命名例程时使用自动刷新”设置为“on”（请参阅Project Explorer/Behaviour）。"   [python 94ms]
18:08:49      [粘回译文 172ms]
18:08:49      [回车+等下一个框 234ms]
18:08:49  ---------- 第 182 个文本框 (上一轮共 3.47s) ----------
18:08:49  原文: "\bLimit log file &size to \bmaximum: \e512 KB"   [取文本 0ms, 焦点 Edit '\bLimit log file &si']
18:08:49  translate.py -> need=0  text="\bLimit log file &size to \bmaximum: \e512 KB"   [python 188ms]
18:08:49  不需要翻译 -> 直接回车
18:08:49      [回车+等下一个框 203ms]
18:08:49  ---------- 第 183 个文本框 (上一轮共 0.39s) ----------
18:08:49  原文: "\b&Log errors and other events to \bErrorLog.txt"   [取文本 0ms, 焦点 Edit '\b&Log errors and ot']
18:08:50  translate.py -> need=1  text="<strong>Log</strong> errors and other events to <strong>ErrorLog</strong>.txt"   [python 187ms]
18:08:50  翻译前基准: "<strong>Log</strong> errors and other events to <strong>ErrorLog</strong>.txt"   [粘贴 172ms, 取基准 0ms]
18:08:50  按翻译热键 (第 1 次, step 模式)   [全选+确认 297ms]
18:08:51      第 1 次轮询看到内容变了
18:08:51  译文已稳定 (轮询 4 次)
18:08:51      [等译文 0.77s, 轮询 4 次]
18:08:51  译文: "<strong>将</strong>错误和其他事件记录到ErrorLog.txt<strong></strong>"
18:08:52  translateposthtml.py -> "\b将 错误和其他事件记录到ErrorLog.txt"   [python 78ms]
18:08:52      [粘回译文 156ms]
18:08:52      [回车+等下一个框 219ms]
18:08:52  ---------- 第 184 个文本框 (上一轮共 2.44s) ----------
18:08:52  原文: "\b&Report all errors \bimmediately through a custom error dialog box"   [取文本 0ms, 焦点 Edit '\b&Report all errors']
18:08:52  translate.py -> need=1  text="<strong>Report</strong> all errors <strong>immediately</strong> through a custom error dialog box"   [python 203ms]
18:08:52  翻译前基准: "<strong>Report</strong> all errors <strong>immediately</strong> through a custom error dialog box"   [粘贴 141ms, 取基准 0ms]
18:08:53  按翻译热键 (第 1 次, step 模式)   [全选+确认 297ms]
18:08:53      第 1 次轮询看到内容变了
18:08:54  译文已稳定 (轮询 4 次)
18:08:54      [等译文 0.77s, 轮询 4 次]
18:08:54  译文: "通过自定义错误对话框<strong>立即</strong><strong>报告</strong>所有错误"
18:08:54  translateposthtml.py -> "通过自定义错误对话框\b立即 \b报告 所有错误"   [python 94ms]
18:08:54      [粘回译文 156ms]
18:08:54      [回车+等下一个框 219ms]
18:08:54  ---------- 第 185 个文本框 (上一轮共 2.42s) ----------
18:08:54  原文: "\bError \blogging:"   [取文本 0ms, 焦点 Edit '\bError \blogging:']
18:08:55  translate.py -> need=1  text="<strong>Error</strong> <strong>logging</strong>:"   [python 906ms]
18:08:55  翻译前基准: "<strong>Error</strong> <strong>logging</strong>:"   [粘贴 157ms, 取基准 0ms]
18:08:56  按翻译热键 (第 1 次, step 模式)   [全选+确认 312ms]
18:08:57      第 1 次轮询看到内容变了
18:08:57  译文已稳定 (轮询 2 次)
18:08:57      [等译文 0.45s, 轮询 2 次]
18:08:57  译文: "<strong>错误</strong><strong>记录</strong>："
18:08:57  translateposthtml.py -> "\b错误 \b记录 ："   [python 94ms]
18:08:57      [粘回译文 172ms]
18:08:57      [回车+等下一个框 203ms]
18:08:57  ---------- 第 186 个文本框 (上一轮共 2.88s) ----------
18:08:57  原文: "\bError \breporting:"   [取文本 0ms, 焦点 Edit '\bError \breporting:']
18:08:58  translate.py -> need=1  text="<strong>Error</strong> <strong>reporting</strong>:"   [python 875ms]
18:08:58  翻译前基准: "<strong>Error</strong> <strong>reporting</strong>:"   [粘贴 156ms, 取基准 0ms]
18:08:59  按翻译热键 (第 1 次, step 模式)   [全选+确认 297ms]
18:08:59      第 1 次轮询看到内容变了
18:09:00  译文已稳定 (轮询 3 次)
18:09:00      [等译文 0.63s, 轮询 3 次]
18:09:00  译文: "<strong>错误</strong><strong>报告</strong>："
18:09:00  translateposthtml.py -> "\b错误 \b报告 ："   [python 109ms]
18:09:00      [粘回译文 157ms]
18:09:00      [回车+等下一个框 218ms]
18:09:00  ---------- 第 187 个文本框 (上一轮共 2.98s) ----------
18:09:00  原文: "\bProperty \bTips window \bdelay: \e250 (100 to 2000)"   [取文本 0ms, 焦点 Edit '\bProperty \bTips wi']
18:09:01  translate.py -> need=0  text="\bProperty \bTips window \bdelay: \e250 (100 to 2000)"   [python 797ms]
18:09:01  不需要翻译 -> 直接回车
18:09:01      [回车+等下一个框 203ms]
18:09:01  ---------- 第 188 个文本框 (上一轮共 1.00s) ----------
18:09:01  原文: "\bMaximize \bwindows on startup (should be set to \bon for the \bMDI \btabbed \binterface to work from the startup)"   [取文本 0ms, 焦点 Edit '\bMaximize \bwindows']
18:09:02  translate.py -> need=1  text="<strong>Maximize</strong> <strong>windows</strong> on startup (should be set to <strong>on</strong> for the <strong>MDI</strong> <strong>tabbed</strong> <strong>interface</strong> to work from the startup)"   [python 766ms]
18:09:02  翻译前基准: "<strong>Maximize</strong> <strong>windows</strong> on startup (should be set to <strong>on</strong> for the <strong>MDI</strong> <strong>tabbed</strong> <strong>interface</strong> to work from the startup)"   [粘贴 141ms, 取基准 0ms]
18:09:02  按翻译热键 (第 1 次, step 模式)   [全选+确认 313ms]
18:09:03      第 1 次轮询看到内容变了
18:09:04  译文已稳定 (轮询 8 次)
18:09:04      [等译文 1.41s, 轮询 8 次]
18:09:04  译文: "启动时<strong>最大化</strong><strong>窗口</strong>（应设置为<strong>on</strong>，以便<strong>MDI</strong><strong>接口</strong>从启动时起工作）<strong></strong>"
18:09:04  translateposthtml.py -> "启动时\b最大化 \b窗口 （应设置为\bon ，以便\bMDI \b接口 从启动时起工作）"   [python 47ms]
18:09:05      [粘回译文 140ms]
18:09:05      [回车+等下一个框 219ms]
18:09:05  ---------- 第 189 个文本框 (上一轮共 3.59s) ----------
18:09:05  原文: "Check the \b&version of \ball \bfiles used by CodeSMART"   [取文本 0ms, 焦点 Edit 'Check the \b&version']
18:09:05  translate.py -> need=1  text="Check the <strong>version</strong> of <strong>all</strong> <strong>files</strong> used by CodeSMART"   [python 219ms]
18:09:05  翻译前基准: "Check the <strong>version</strong> of <strong>all</strong> <strong>files</strong> used by CodeSMART"   [粘贴 156ms, 取基准 0ms]
18:09:05  按翻译热键 (第 1 次, step 模式)   [全选+确认 297ms]
18:09:06      第 1 次轮询看到内容变了
18:09:07  译文已稳定 (轮询 4 次)
18:09:07      [等译文 0.77s, 轮询 4 次]
18:09:07  译文: "检查CodeSMART使用<strong>的所有</strong><strong>文件</strong>的<strong>版本</strong>"
18:09:07  translateposthtml.py -> "检查CodeSMART使用\b的所有 \b文件 的\b版本 "   [python 110ms]
18:09:07      [粘回译文 156ms]
18:09:07      [回车+等下一个框 219ms]
18:09:07  ---------- 第 190 个文本框 (上一轮共 2.50s) ----------
18:09:07  原文: "&Detect \bbroken \breferences at startup"   [取文本 0ms, 焦点 Edit '&Detect \bbroken \br']
18:09:08  translate.py -> need=1  text="Detect <strong>broken</strong> <strong>references</strong> at startup"   [python 219ms]
18:09:08  翻译前基准: "Detect <strong>broken</strong> <strong>references</strong> at startup"   [粘贴 141ms, 取基准 0ms]
18:09:08  按翻译热键 (第 1 次, step 模式)   [全选+确认 296ms]
18:09:09      第 1 次轮询看到内容变了
18:09:09  译文已稳定 (轮询 4 次)
18:09:09      [等译文 0.86s, 轮询 4 次]
18:09:09  译文: "启动时检测<strong>损坏</strong><strong>的引用</strong>"
18:09:09  translateposthtml.py -> "启动时检测\b损坏 \b的引用 "   [python 110ms]
18:09:10      [粘回译文 156ms]
18:09:10      [回车+等下一个框 219ms]
18:09:10  ---------- 第 191 个文本框 (上一轮共 2.56s) ----------
18:09:10  原文: "Check for \bMicrosoft \bOffice \bapps \brunning \bin \bbackground (these cause \bsevere \binitialization \bdelays because of their clipboard monitoring features)"   [取文本 0ms, 焦点 Edit 'Check for \bMicrosof']
18:09:11  translate.py -> need=1  text="Check for <strong>Microsoft</strong> <strong>Office</strong> <strong>apps</strong> <strong>running</strong> <strong>in</strong> <strong>background</strong> (these cause <strong>severe</strong> <strong>initialization</strong> <strong>delays</strong> because of their clipboard monitoring features)"   [python 890ms]
18:09:11  翻译前基准: "Check for <strong>Microsoft</strong> <strong>Office</strong> <strong>apps</strong> <strong>running</strong> <strong>in</strong> <strong>background</strong> (these cause <strong>severe</strong> <strong>initialization</strong> <strong>delays</strong> because of their clipboard monitoring features)"   [粘贴 157ms, 取基准 0ms]
18:09:11  按翻译热键 (第 1 次, step 模式)   [全选+确认 312ms]
18:09:12      第 1 次轮询看到内容变了
18:09:14  译文已稳定 (轮询 10 次)
18:09:14      [等译文 1.70s, 轮询 10 次]
18:09:14  译文: "检查<strong>在</strong><strong>后台</strong><strong>运行</strong>的<strong>Microsoft</strong><strong>Office</strong><strong>应用程序</strong>（由于其剪贴板监视功能，这些应用程序会导致<strong>严重的</strong><strong>初始化</strong><strong>延迟</strong>"
18:09:14  translateposthtml.py -> "检查\b在 \b后台 \b运行 的\bMicrosoft \bOffice \b应用程序 （由于其剪贴板监视功能，这些应用程序会导致\b严重的 \b初始化 \b延迟 "   [python 78ms]
18:09:14      [粘回译文 188ms]
18:09:14      [回车+等下一个框 234ms]
18:09:14  ---------- 第 192 个文本框 (上一轮共 4.16s) ----------
18:09:14  原文: "http://www.axtools.com"   [取文本 0ms, 焦点 Edit 'http://www.axtools.c']
18:09:14  translate.py -> need=0  text="http://www.axtools.com"   [python 187ms]
18:09:14  不需要翻译 -> 直接回车
18:09:14      [回车+等下一个框 204ms]
18:09:14  ---------- 第 193 个文本框 (上一轮共 0.39s) ----------
18:09:14  原文: "Dll"   [取文本 0ms, 焦点 Edit 'Dll']
18:09:15  translate.py -> need=0  text="Dll"   [python 156ms]
18:09:15  不需要翻译 -> 直接回车
18:09:15      [回车+等下一个框 203ms]
18:09:15  ---------- 第 194 个文本框 (上一轮共 0.36s) ----------
18:09:15  原文: "imgDll"   [取文本 0ms, 焦点 Edit 'imgDll']
18:09:15  translate.py -> need=0  text="imgDll"   [python 187ms]
18:09:15  不需要翻译 -> 直接回车
18:09:15      [回车+等下一个框 235ms]
18:09:15  ---------- 第 195 个文本框 (上一轮共 0.42s) ----------
18:09:15  原文: "imgDll"   [取文本 0ms, 焦点 Edit 'imgDll']
18:09:15  translate.py -> need=0  text="imgDll"   [python 219ms]
18:09:15  不需要翻译 -> 直接回车
18:09:16      [回车+等下一个框 203ms]
18:09:16  ---------- 第 196 个文本框 (上一轮共 0.42s) ----------
18:09:16  原文: "\b&Enable administrative \bauto-login from this machine"   [取文本 0ms, 焦点 Edit '\b&Enable administra']
18:09:16  translate.py -> need=1  text="<strong>Enable</strong> administrative <strong>auto</strong>-login from this machine"   [python 187ms]
18:09:16  翻译前基准: "<strong>Enable</strong> administrative <strong>auto</strong>-login from this machine"   [粘贴 141ms, 取基准 0ms]
18:09:16  按翻译热键 (第 1 次, step 模式)   [全选+确认 297ms]
18:09:17      第 1 次轮询看到内容变了
18:09:17  译文已稳定 (轮询 3 次)
18:09:17      [等译文 0.61s, 轮询 3 次]
18:09:17  译文: "从这台机器<strong>启用</strong>管理<strong>自动</strong>登录"
18:09:18  translateposthtml.py -> "从这台机器\b启用 管理\b自动 登录"   [python 109ms]
18:09:18      [粘回译文 141ms]
18:09:18      [回车+等下一个框 218ms]
18:09:18  ---------- 第 197 个文本框 (上一轮共 2.27s) ----------
18:09:18  原文: "\aClick \ahere to \bchange the \badministrative \bpassword (on a freshly installed Team.mdb database, the password is set to an empty string)"   [取文本 0ms, 焦点 Edit '\aClick \ahere to \b']
18:09:18  translate.py -> need=0  text="\aClick \ahere to \bchange the \badministrative \bpassword (on a freshly installed Team.mdb database, the password is set to an empty string)"   [python 219ms]
18:09:18  不需要翻译 -> 直接回车
18:09:18      [回车+等下一个框 219ms]
18:09:18  ---------- 第 198 个文本框 (上一轮共 0.44s) ----------
18:09:18  原文: "Some \btask \blist operations (see the next pane for details) can only be performed by users who have \badministrative \brights. For obvious security reasons, an administrative password can be set up."   [取文本 0ms, 焦点 Edit 'Some \btask \blist o']
18:09:19  translate.py -> need=1  text="Some <strong>task</strong> <strong>list</strong> operations (see the next pane for details) can only be performed by users who have <strong>administrative</strong> <strong>rights</strong>. For obvious security reasons, an administrative password can be set up."   [python 890ms]
18:09:19  翻译前基准: "Some <strong>task</strong> <strong>list</strong> operations (see the next pane for details) can only be performed by users who have <strong>administrative</strong> <strong>rights</strong>. For obvious security reasons, an administrative password can be set up."   [粘贴 157ms, 取基准 0ms]
18:09:20  按翻译热键 (第 1 次, step 模式)   [全选+确认 297ms]
18:09:21      第 1 次轮询看到内容变了
18:09:21  译文已稳定 (轮询 7 次)
18:09:21      [等译文 1.28s, 轮询 7 次]
18:09:21  译文: "某些<strong>任务</strong><strong>列表</strong>操作（有关详细信息，请参阅下一窗格）只能由具有<strong>管理</strong><strong>权限</strong>的用户执行。出于明显的安全原因，可以设置管理密码。"
18:09:22  translateposthtml.py -> "某些\b任务 \b列表 操作（有关详细信息，请参阅下一窗格）只能由具有\b管理 \b权限 的用户执行。出于明显的安全原因，可以设置管理密码。"   [python 93ms]
18:09:22      [粘回译文 141ms]
18:09:22      [回车+等下一个框 203ms]
18:09:22  ---------- 第 199 个文本框 (上一轮共 3.61s) ----------
18:09:22  原文: "Any user can \bedit an \bassigned task's \bassignment fields"   [取文本 0ms, 焦点 Edit 'Any user can \bedit ']
18:09:23  translate.py -> need=1  text="Any user can <strong>edit</strong> an <strong>assigned</strong> task's <strong>assignment</strong> fields"   [python 750ms]
18:09:23  翻译前基准: "Any user can <strong>edit</strong> an <strong>assigned</strong> task's <strong>assignment</strong> fields"   [粘贴 156ms, 取基准 0ms]
18:09:23  按翻译热键 (第 1 次, step 模式)   [全选+确认 297ms]
18:09:24      第 1 次轮询看到内容变了
18:09:24  译文已稳定 (轮询 4 次)
18:09:24      [等译文 0.78s, 轮询 4 次]
18:09:24  译文: "任何用户都可以<strong>编辑</strong><strong>分配</strong>任务的<strong>分配</strong>字段"
18:09:25  translateposthtml.py -> "任何用户都可以\b编辑 \b分配 任务的\b分配 字段"   [python 93ms]
18:09:25      [粘回译文 141ms]
18:09:25      [回车+等下一个框 203ms]
18:09:25  ---------- 第 200 个文本框 (上一轮共 3.00s) ----------
18:09:25  原文: "Any user can \bedit an \bassigned task's \bcode \blink fields"   [取文本 0ms, 焦点 Edit 'Any user can \bedit ']
18:09:26  translate.py -> need=1  text="Any user can <strong>edit</strong> an <strong>assigned</strong> task's <strong>code</strong> <strong>link</strong> fields"   [python 875ms]
18:09:26  翻译前基准: "Any user can <strong>edit</strong> an <strong>assigned</strong> task's <strong>code</strong> <strong>link</strong> fields"   [粘贴 141ms, 取基准 0ms]
18:09:26  按翻译热键 (第 1 次, step 模式)   [全选+确认 297ms]
18:09:27      第 1 次轮询看到内容变了
18:09:28  译文已稳定 (轮询 4 次)
18:09:28      [等译文 0.77s, 轮询 4 次]
18:09:28  译文: "任何用户都可以<strong>编辑</strong><strong>分配</strong>任务的<strong>代码</strong><strong>链接</strong>字段"
18:09:28  translateposthtml.py -> "任何用户都可以\b编辑 \b分配 任务的\b代码 \b链接 字段"   [python 110ms]
18:09:28      [粘回译文 140ms]
18:09:28      [回车+等下一个框 203ms]
18:09:28  ---------- 第 201 个文本框 (上一轮共 3.09s) ----------
18:09:28  原文: "Any user can \bedit an \bassigned task's \bdetails combo-boxes"   [取文本 0ms, 焦点 Edit 'Any user can \bedit ']
18:09:29  translate.py -> need=1  text="Any user can <strong>edit</strong> an <strong>assigned</strong> task's <strong>details</strong> combo-boxes"   [python 875ms]
18:09:29  翻译前基准: "Any user can <strong>edit</strong> an <strong>assigned</strong> task's <strong>details</strong> combo-boxes"   [粘贴 141ms, 取基准 0ms]
18:09:29  按翻译热键 (第 1 次, step 模式)   [全选+确认 312ms]
18:09:30      第 1 次轮询看到内容变了
18:09:31  译文已稳定 (轮询 4 次)
18:09:31      [等译文 0.77s, 轮询 4 次]
18:09:31  译文: "任何用户都可以<strong>编辑</strong><strong>分配</strong>任务的<strong>详细</strong>信息组合框"
18:09:31  translateposthtml.py -> "任何用户都可以\b编辑 \b分配 任务的\b详细 信息组合框"   [python 109ms]
18:09:31      [粘回译文 172ms]
18:09:31      [回车+等下一个框 203ms]
18:09:31  ---------- 第 202 个文本框 (上一轮共 3.17s) ----------
18:09:31  原文: "Any user can \bedit an \bassigned task's \bsubject \band \bnotes fields"   [取文本 0ms, 焦点 Edit 'Any user can \bedit ']
18:09:32  translate.py -> need=1  text="Any user can <strong>edit</strong> an <strong>assigned</strong> task's <strong>subject</strong> <strong>and</strong> <strong>notes</strong> fields"   [python 890ms]
18:09:32  翻译前基准: "Any user can <strong>edit</strong> an <strong>assigned</strong> task's <strong>subject</strong> <strong>and</strong> <strong>notes</strong> fields"   [粘贴 157ms, 取基准 0ms]
18:09:33  按翻译热键 (第 1 次, step 模式)   [全选+确认 297ms]
18:09:33      第 1 次轮询看到内容变了
18:09:34  译文已稳定 (轮询 6 次)
18:09:34      [等译文 1.11s, 轮询 6 次]
18:09:34  译文: "任何用户都可以<strong>编辑</strong><strong>分配</strong>任务的<strong>主题</strong><strong>和</strong><strong>备注</strong>字段"
18:09:34  translateposthtml.py -> "任何用户都可以\b编辑 \b分配 任务的\b主题 \b和 \b备注 字段"   [python 94ms]
18:09:34      [粘回译文 172ms]
18:09:35      [回车+等下一个框 203ms]
18:09:35  ---------- 第 203 个文本框 (上一轮共 3.50s) ----------
18:09:35  原文: "Any user can \bdelete \bassigned tasks"   [取文本 0ms, 焦点 Edit 'Any user can \bdelet']
18:09:36  translate.py -> need=1  text="Any user can <strong>delete</strong> <strong>assigned</strong> tasks"   [python 937ms]
18:09:36  翻译前基准: "Any user can <strong>delete</strong> <strong>assigned</strong> tasks"   [粘贴 157ms, 取基准 0ms]
18:09:36  按翻译热键 (第 1 次, step 模式)   [全选+确认 296ms]
18:09:37      第 1 次轮询看到内容变了
18:09:37  译文已稳定 (轮询 3 次)
18:09:37      [等译文 0.61s, 轮询 3 次]
18:09:37  译文: "任何用户都可以<strong>删除</strong><strong>分配</strong>的任务"
18:09:37  translateposthtml.py -> "任何用户都可以\b删除 \b分配 的任务"   [python 110ms]
18:09:38      [粘回译文 140ms]
18:09:38      [回车+等下一个框 219ms]
18:09:38  ---------- 第 204 个文本框 (上一轮共 3.05s) ----------
18:09:38  原文: "Any user can \bfill the new task's \bassignment fields"   [取文本 0ms, 焦点 Edit 'Any user can \bfill ']
18:09:39  translate.py -> need=1  text="Any user can <strong>fill</strong> the new task's <strong>assignment</strong> fields"   [python 812ms]
18:09:39  翻译前基准: "Any user can <strong>fill</strong> the new task's <strong>assignment</strong> fields"   [粘贴 156ms, 取基准 0ms]
18:09:39  按翻译热键 (第 1 次, step 模式)   [全选+确认 297ms]
18:09:40      第 1 次轮询看到内容变了
18:09:40  译文已稳定 (轮询 3 次)
18:09:40      [等译文 0.61s, 轮询 3 次]
18:09:40  译文: "任何用户都可以<strong>填写</strong>新任务的<strong>工作分配</strong>字段"
18:09:40  translateposthtml.py -> "任何用户都可以\b填写 新任务的\b工作分配 字段"   [python 109ms]
18:09:40      [粘回译文 141ms]
18:09:41      [回车+等下一个框 250ms]
18:09:41  ---------- 第 205 个文本框 (上一轮共 2.92s) ----------
18:09:41  原文: "Any user can \bcreate \bassigned tasks"   [取文本 0ms, 焦点 Edit 'Any user can \bcreat']
18:09:41  translate.py -> need=1  text="Any user can <strong>create</strong> <strong>assigned</strong> tasks"   [python 812ms]
18:09:42  翻译前基准: "Any user can <strong>create</strong> <strong>assigned</strong> tasks"   [粘贴 141ms, 取基准 0ms]
18:09:42  按翻译热键 (第 1 次, step 模式)   [全选+确认 312ms]
18:09:43      第 1 次轮询看到内容变了
18:09:43  译文已稳定 (轮询 4 次)
18:09:43      [等译文 0.77s, 轮询 4 次]
18:09:43  译文: "任何用户都可以<strong>创建</strong><strong>分配</strong>的任务"
18:09:43  translateposthtml.py -> "任何用户都可以\b创建 \b分配 的任务"   [python 94ms]
18:09:44      [粘回译文 156ms]
18:09:44      [回车+等下一个框 219ms]
18:09:44  ---------- 第 206 个文本框 (上一轮共 3.08s) ----------
18:09:44  原文: "Any user can \bview tasks with \bno \bassignment data"   [取文本 0ms, 焦点 Edit 'Any user can \bview ']
18:09:45  translate.py -> need=1  text="Any user can <strong>view</strong> tasks with <strong>no</strong> <strong>assignment</strong> data"   [python 875ms]
18:09:45  翻译前基准: "Any user can <strong>view</strong> tasks with <strong>no</strong> <strong>assignment</strong> data"   [粘贴 140ms, 取基准 0ms]
18:09:45  按翻译热键 (第 1 次, step 模式)   [全选+确认 297ms]
18:09:46      第 1 次轮询看到内容变了
18:09:46  译文已稳定 (轮询 4 次)
18:09:46      [等译文 0.77s, 轮询 4 次]
18:09:46  译文: "任何用户都可以<strong>查看</strong><strong>没有</strong><strong>工作分配</strong>数据的任务"
18:09:46  translateposthtml.py -> "任何用户都可以\b查看 \b没有 \b工作分配 数据的任务"   [python 109ms]
18:09:47      [粘回译文 141ms]
18:09:47      [回车+等下一个框 203ms]
18:09:47  ---------- 第 207 个文本框 (上一轮共 3.08s) ----------
18:09:47  原文: "Any user can \bview tasks assigned to \bother \bdevelopers"   [取文本 0ms, 焦点 Edit 'Any user can \bview ']
18:09:48  translate.py -> need=1  text="Any user can <strong>view</strong> tasks assigned to <strong>other</strong> <strong>developers</strong>"   [python 875ms]
18:09:48  翻译前基准: "Any user can <strong>view</strong> tasks assigned to <strong>other</strong> <strong>developers</strong>"   [粘贴 156ms, 取基准 0ms]
18:09:48  按翻译热键 (第 1 次, step 模式)   [全选+确认 297ms]
18:09:49      第 1 次轮询看到内容变了
18:09:49  译文已稳定 (轮询 4 次)
18:09:49      [等译文 0.77s, 轮询 4 次]
18:09:49  译文: "任何用户都可以<strong>查看</strong>分配给<strong>其他</strong><strong>开发人员的</strong>"
18:09:50  translateposthtml.py -> "任何用户都可以\b查看 分配给\b其他 \b开发人员的 "   [python 110ms]
18:09:50      [粘回译文 156ms]
18:09:50      [回车+等下一个框 203ms]
18:09:50  ---------- 第 208 个文本框 (上一轮共 3.11s) ----------
18:09:50  原文: "Please \bcheck \bbelow the task list operations that will be \bavailable \bto \ball \busers. \bUnchecked items will automatically be marked \bto \brequire \badministrative \bprivileges."   [取文本 0ms, 焦点 Edit 'Please \bcheck \bbel']
18:09:51  translate.py -> need=1  text="Please <strong>check</strong> <strong>below</strong> the task list operations that will be <strong>available</strong> <strong>to</strong> <strong>all</strong> <strong>users</strong>. <strong>Unchecked</strong> items will automatically be marked <strong>to</strong> <strong>require</strong> <strong>administrative</strong> <strong>privileges</strong>."   [python 922ms]
18:09:51  翻译前基准: "Please <strong>check</strong> <strong>below</strong> the task list operations that will be <strong>available</strong> <strong>to</strong> <strong>all</strong> <strong>users</strong>. <strong>Unchecked</strong> items will automatically be marked <strong>to</strong> <strong>require</strong> <strong>administrative</strong> <strong>privileges</strong>."   [粘贴 156ms, 取基准 0ms]
18:09:51  按翻译热键 (第 1 次, step 模式)   [全选+确认 312ms]
18:09:52      第 2 次轮询看到内容变了
18:09:54  译文已稳定 (轮询 12 次)
18:09:54      [等译文 2.03s, 轮询 12 次]
18:09:54  译文: "请<strong>检查</strong><strong>下面</strong>的任务列表操作，将<strong>提供</strong><strong>给</strong><strong>所有</strong><strong>用户</strong>。<strong>未选中的</strong>项目将自动标记<strong>为</strong><strong>需要</strong><strong>管理</strong><strong>权限</strong>。"
18:09:54  translateposthtml.py -> "请\b检查 \b下面 的任务列表操作，将\b提供 \b给 \b所有 \b用户 。\b未选中的 项目将自动标记\b为 \b需要 \b管理 \b权限 。"   [python 94ms]
18:09:54      [粘回译文 172ms]
18:09:54      [回车+等下一个框 204ms]
18:09:54  ---------- 第 209 个文本框 (上一轮共 4.48s) ----------
18:09:54  原文: "\bNote: For obvious security reasons you need \badministrative \bprivileges in order to change the below items."   [取文本 0ms, 焦点 Edit '\bNote: For obvious ']
18:09:55  translate.py -> need=1  text="<strong>Note</strong>: For obvious security reasons you need <strong>administrative</strong> <strong>privileges</strong> in order to change the below items."   [python 828ms]
18:09:55  翻译前基准: "<strong>Note</strong>: For obvious security reasons you need <strong>administrative</strong> <strong>privileges</strong> in order to change the below items."   [粘贴 157ms, 取基准 0ms]
18:09:56  按翻译热键 (第 1 次, step 模式)   [全选+确认 296ms]
18:09:57      第 1 次轮询看到内容变了
18:09:57  译文已稳定 (轮询 5 次)
18:09:57      [等译文 0.92s, 轮询 5 次]
18:09:57  译文: "<strong>注意</strong>：出于明显的安全原因，您需要<strong>管理员</strong><strong>权限</strong>才能更改以下项目。"
18:09:57  translateposthtml.py -> "\b注意 ：出于明显的安全原因，您需要\b管理员 \b权限 才能更改以下项目。"   [python 63ms]
18:09:57      [粘回译文 156ms]
18:09:58      [回车+等下一个框 203ms]
18:09:58  ---------- 第 210 个文本框 (上一轮共 3.17s) ----------
18:09:58  原文: "Display 'Remove old-style (v3.x) error handlers' on the &main menu"   [取文本 0ms, 焦点 Edit 'Display 'Remove old-']
18:09:58  translate.py -> need=1  text="Display 'Remove old-style (v3.x) error handlers' on the main menu"   [python 219ms]
18:09:58  翻译前基准: "Display 'Remove old-style (v3.x) error handlers' on the main menu"   [粘贴 156ms, 取基准 0ms]
18:09:58  按翻译热键 (第 1 次, step 模式)   [全选+确认 297ms]
18:09:59      第 1 次轮询看到内容变了
18:09:59  译文已稳定 (轮询 2 次)
18:09:59      [等译文 0.45s, 轮询 2 次]
18:09:59  译文: "在主菜单上显示“删除旧样式（v3.x）错误处理程序”"
18:09:59  translateposthtml.py -> "在主菜单上显示“删除旧样式（v3.x）错误处理程序”"   [python 63ms]
18:10:00      [粘回译文 141ms]
18:10:00      [回车+等下一个框 234ms]
18:10:00  ---------- 第 211 个文本框 (上一轮共 2.17s) ----------
18:10:00  原文: "\bSkip \b&members that \balready \bhave EH code inserted"   [取文本 0ms, 焦点 Edit '\bSkip \b&members th']
18:10:00  translate.py -> need=1  text="<strong>Skip</strong> <strong>members</strong> that <strong>already</strong> <strong>have</strong> EH code inserted"   [python 203ms]
18:10:00  翻译前基准: "<strong>Skip</strong> <strong>members</strong> that <strong>already</strong> <strong>have</strong> EH code inserted"   [粘贴 156ms, 取基准 0ms]
18:10:00  按翻译热键 (第 1 次, step 模式)   [全选+确认 312ms]
18:10:01      第 1 次轮询看到内容变了
18:10:02  译文已稳定 (轮询 5 次)
18:10:02      [等译文 0.92s, 轮询 5 次]
18:10:02  译文: "<strong>跳过</strong><strong>已</strong><strong>插入</strong>EH代码的<strong>成员</strong>"
18:10:02  translateposthtml.py -> "\b跳过 \b已 \b插入 EH代码的\b成员 "   [python 110ms]
18:10:02      [粘回译文 140ms]
18:10:02      [回车+等下一个框 203ms]
18:10:02  ---------- 第 212 个文本框 (上一轮共 2.61s) ----------
18:10:02  原文: "&Use \bpure \bline \bnumbers in every scheme - i.e. \bno \bterminating \bcolon"   [取文本 0ms, 焦点 Edit '&Use \bpure \bline \']
18:10:03  translate.py -> need=1  text="Use <strong>pure</strong> <strong>line</strong> <strong>numbers</strong> in every scheme - i.e. <strong>no</strong> <strong>terminating</strong> <strong>colon</strong>"   [python 203ms]
18:10:03  翻译前基准: "Use <strong>pure</strong> <strong>line</strong> <strong>numbers</strong> in every scheme - i.e. <strong>no</strong> <strong>terminating</strong> <strong>colon</strong>"   [粘贴 157ms, 取基准 0ms]
18:10:03  按翻译热键 (第 1 次, step 模式)   [全选+确认 297ms]
18:10:04      第 1 次轮询看到内容变了
18:10:05  译文已稳定 (轮询 8 次)
18:10:05      [等译文 1.41s, 轮询 8 次]
18:10:05  译文: "在每个方案中使用<strong>纯</strong><strong>行号</strong>-即<strong>没有</strong><strong>终止</strong><strong>冒号</strong><strong></strong>"
18:10:05  translateposthtml.py -> "在每个方案中使用\b纯 \b行号 -即\b没有 \b终止 \b冒号 "   [python 93ms]
18:10:05      [粘回译文 157ms]
18:10:05      [回车+等下一个框 203ms]
18:10:05  ---------- 第 213 个文本框 (上一轮共 3.11s) ----------
18:10:05  原文: "\b&Skip \bempty \bmembers when inserting EH code"   [取文本 0ms, 焦点 Edit '\b&Skip \bempty \bme']
18:10:06  translate.py -> need=1  text="<strong>Skip</strong> <strong>empty</strong> <strong>members</strong> when inserting EH code"   [python 218ms]
18:10:06  翻译前基准: "<strong>Skip</strong> <strong>empty</strong> <strong>members</strong> when inserting EH code"   [粘贴 141ms, 取基准 0ms]
18:10:06  按翻译热键 (第 1 次, step 模式)   [全选+确认 297ms]
18:10:07      第 1 次轮询看到内容变了
18:10:07  译文已稳定 (轮询 3 次)
18:10:07      [等译文 0.61s, 轮询 3 次]
18:10:07  译文: "插入EH代码时<strong>跳过</strong><strong>空</strong><strong>成员</strong>"
18:10:07  translateposthtml.py -> "插入EH代码时\b跳过 \b空 \b成员 "   [python 109ms]
18:10:08      [粘回译文 156ms]
18:10:08      [回车+等下一个框 219ms]
18:10:08  ---------- 第 214 个文本框 (上一轮共 2.31s) ----------
18:10:08  原文: "he \berror \bhandling (EH) system CodeSMART proposes is based on \bmultiple \berror "   [取文本 0ms, 焦点 Edit 'he \berror \bhandlin']
18:10:09  translate.py -> need=1  text="he <strong>error</strong> <strong>handling</strong> (EH) system CodeSMART proposes is based on <strong>multiple</strong> <strong>error</strong> "   [python 828ms]
18:10:09  翻译前基准: "he <strong>error</strong> <strong>handling</strong> (EH) system CodeSMART proposes is based on <strong>multiple</strong> <strong>error</strong> "   [粘贴 157ms, 取基准 0ms]
18:10:09  按翻译热键 (第 1 次, step 模式)   [全选+确认 296ms]
18:10:10      第 1 次轮询看到内容变了
18:10:11  译文已稳定 (轮询 5 次)
18:10:11      [等译文 0.92s, 轮询 5 次]
18:10:11  译文: "CodeSMART提出的<strong>错误</strong><strong>处理</strong>（EH）系统是基于<strong>多</strong><strong>个错误</strong>"
18:10:11  translateposthtml.py -> "CodeSMART提出的\b错误 \b处理 （EH）系统是基于\b多 \b个错误 "   [python 63ms]
18:10:11      [粘回译文 172ms]
18:10:11      [回车+等下一个框 219ms]
18:10:11  ---------- 第 215 个文本框 (上一轮共 3.24s) ----------
18:10:11  原文: "bhandling \bschemes that can be modified to suit any coding standard. \aClick \ahere to \bvi"   [取文本 0ms, 焦点 Edit 'bhandling \bschemes ']
18:10:12  translate.py -> need=1  text="bhandling <strong>schemes</strong> that can be modified to suit any coding standard. \aClick \ahere to <strong>vi</strong>"   [python 906ms]
18:10:12  翻译前基准: "bhandling <strong>schemes</strong> that can be modified to suit any coding standard. \aClick \ahere to <strong>vi</strong>"   [粘贴 156ms, 取基准 0ms]
18:10:12  按翻译热键 (第 1 次, step 模式)   [全选+确认 297ms]
18:10:13      第 1 次轮询看到内容变了
18:10:14  译文已稳定 (轮询 5 次)
18:10:14      [等译文 0.94s, 轮询 5 次]
18:10:14  译文: "可以修改以适应任何编码标准的bhandling<strong>方案</strong>。\a单击\a此处以<strong>vi</strong>"
18:10:14  translateposthtml.py -> "可以修改以适应任何编码标准的bhandling\b方案 。\a单击\a此处以\bvi "   [python 110ms]
18:10:14      [粘回译文 140ms]
18:10:14      [回车+等下一个框 203ms]
18:10:14  ---------- 第 216 个文本框 (上一轮共 3.30s) ----------
18:10:14  原文: "w/modify the currently defined \berror \bhandling \bschemes as well as their assignments and general "   [取文本 0ms, 焦点 Edit 'w/modify the current']
18:10:15  translate.py -> need=1  text="w/modify the currently defined <strong>error</strong> <strong>handling</strong> <strong>schemes</strong> as well as their assignments and general "   [python 891ms]
18:10:15  翻译前基准: "w/modify the currently defined <strong>error</strong> <strong>handling</strong> <strong>schemes</strong> as well as their assignments and general "   [粘贴 156ms, 取基准 0ms]
18:10:16  按翻译热键 (第 1 次, step 模式)   [全选+确认 313ms]
18:10:17      第 1 次轮询看到内容变了
18:10:17  译文已稳定 (轮询 4 次)
18:10:17      [等译文 0.77s, 轮询 4 次]
18:10:17  译文: "w/修改当前定义的<strong>错误</strong><strong>处理</strong><strong>方案</strong>以及它们的分配和一般"
18:10:17  translateposthtml.py -> "w/修改当前定义的\b错误 \b处理 \b方案 以及它们的分配和一般"   [python 62ms]
18:10:17      [粘回译文 141ms]
18:10:17      [回车+等下一个框 218ms]
18:10:17  ---------- 第 217 个文本框 (上一轮共 3.13s) ----------
18:10:17  原文: "Upon insertion, \b&enclose \bcomment \bheaders within \b<CSCC> (at component level) and \b<CSCM> (at module level) \bmarkers."   [取文本 0ms, 焦点 Edit 'Upon insertion, \b&e']
18:10:18  translate.py -> need=1  text="Upon insertion, <strong>enclose</strong> <strong>comment</strong> <strong>headers</strong> within <strong>&lt;CSCC&gt;</strong> (at component level) and <strong>&lt;CSCM&gt;</strong> (at module level) <strong>markers</strong>."   [python 219ms]
18:10:18  翻译前基准: "Upon insertion, <strong>enclose</strong> <strong>comment</strong> <strong>headers</strong> within <strong>&lt;CSCC&gt;</strong> (at component level) and <strong>&lt;CSCM&gt;</strong> (at module level) <strong>markers</strong>."   [粘贴 156ms, 取基准 0ms]
18:10:18  按翻译热键 (第 1 次, step 模式)   [全选+确认 297ms]
18:10:19      第 1 次轮询看到内容变了
18:10:20  译文已稳定 (轮询 9 次)
18:10:20      [等译文 1.55s, 轮询 9 次]
18:10:20  译文: "插入时，<strong>将</strong><strong>注释</strong><strong>头</strong>包含在<strong>&lt;CSCC&gt;</strong>（组件级别）和<strong>&lt;CSCM&gt;</strong>（模块级别）<strong>标记</strong>中。"
18:10:20  translateposthtml.py -> "插入时，\b将 \b注释 \b头 包含在\b<CSCC> （组件级别）和\b<CSCM> （模块级别）\b标记 中。"   [python 93ms]
18:10:20      [粘回译文 157ms]
18:10:21      [回车+等下一个框 203ms]
18:10:21  ---------- 第 218 个文本框 (上一轮共 3.24s) ----------
18:10:21  原文: "\bTemplates are used by the CodeSMART \bcommenting \btools. Please \aclick \ahere in order to \bview/modify the current \bcomment \btemplates."   [取文本 0ms, 焦点 Edit '\bTemplates are used']
18:10:22  translate.py -> need=1  text="<strong>Templates</strong> are used by the CodeSMART <strong>commenting</strong> <strong>tools</strong>. Please \aclick \ahere in order to <strong>view</strong>/modify the current <strong>comment</strong> <strong>templates</strong>."   [python 890ms]
18:10:22  翻译前基准: "<strong>Templates</strong> are used by the CodeSMART <strong>commenting</strong> <strong>tools</strong>. Please \aclick \ahere in order to <strong>view</strong>/modify the current <strong>comment</strong> <strong>templates</strong>."   [粘贴 141ms, 取基准 0ms]
18:10:22  按翻译热键 (第 1 次, step 模式)   [全选+确认 297ms]
18:10:23      第 1 次轮询看到内容变了
18:10:24  译文已稳定 (轮询 8 次)
18:10:24      [等译文 1.41s, 轮询 8 次]
18:10:24  译文: "CodeSMART<strong>注释</strong><strong>工具</strong>使用<strong>模板</strong>。请单击此处以<strong>查看</strong>/修改当前<strong>注释</strong><strong>模板</strong>。"
18:10:24  translateposthtml.py -> "CodeSMART\b注释 \b工具 使用\b模板 。请单击此处以\b查看 /修改当前\b注释 \b模板 。"   [python 94ms]
18:10:24      [粘回译文 141ms]
18:10:24      [回车+等下一个框 203ms]
18:10:24  ---------- 第 219 个文本框 (上一轮共 3.77s) ----------
18:10:24  原文: "\b&Enable Property Tips"   [取文本 0ms, 焦点 Edit '\b&Enable Property T']
18:10:25  translate.py -> need=1  text="<strong>Enable</strong> Property Tips"   [python 172ms]
18:10:25  翻译前基准: "<strong>Enable</strong> Property Tips"   [粘贴 172ms, 取基准 0ms]
18:10:25  按翻译热键 (第 1 次, step 模式)   [全选+确认 297ms]
18:10:26      第 1 次轮询看到内容变了
18:10:26  译文已稳定 (轮询 2 次)
18:10:26      [等译文 0.47s, 轮询 2 次]
18:10:26  译文: "<strong>启用</strong>属性提示"
18:10:26  translateposthtml.py -> "\b启用 属性提示"   [python 110ms]
18:10:26      [粘回译文 156ms]
18:10:27      [回车+等下一个框 234ms]
18:10:27  ---------- 第 220 个文本框 (上一轮共 2.17s) ----------
18:10:27  原文: "&Force the Visual Basic IDE \bcreate \bbackup \bcopies \bwhen \bsaving files"   [取文本 0ms, 焦点 Edit '&Force the Visual Ba']
18:10:27  translate.py -> need=1  text="Force the Visual Basic IDE <strong>create</strong> <strong>backup</strong> <strong>copies</strong> <strong>when</strong> <strong>saving</strong> files"   [python 172ms]
18:10:27  翻译前基准: "Force the Visual Basic IDE <strong>create</strong> <strong>backup</strong> <strong>copies</strong> <strong>when</strong> <strong>saving</strong> files"   [粘贴 172ms, 取基准 0ms]
18:10:27  按翻译热键 (第 1 次, step 模式)   [全选+确认 297ms]
18:10:28      第 1 次轮询看到内容变了
18:10:29  译文已稳定 (轮询 6 次)
18:10:29      [等译文 1.14s, 轮询 6 次]
18:10:29  译文: "强制Visual Basic IDE<strong>在</strong><strong>保存</strong>文件时<strong>创建</strong><strong>备份</strong><strong>副本</strong>"
18:10:29  translateposthtml.py -> "强制Visual Basic IDE\b在 \b保存 文件时\b创建 \b备份 \b副本 "   [python 109ms]
18:10:29      [粘回译文 141ms]
18:10:29      [回车+等下一个框 203ms]
18:10:29  ---------- 第 221 个文本框 (上一轮共 2.80s) ----------
18:10:29  原文: "\bNote: If the backup folder is \bnot \bvalid then the copies will be placed at the \boriginal \bfile \blocations."   [取文本 0ms, 焦点 Edit '\bNote: If the backu']
18:10:30  translate.py -> need=1  text="<strong>Note</strong>: If the backup folder is <strong>not</strong> <strong>valid</strong> then the copies will be placed at the <strong>original</strong> <strong>file</strong> <strong>locations</strong>."   [python 906ms]
18:10:30  翻译前基准: "<strong>Note</strong>: If the backup folder is <strong>not</strong> <strong>valid</strong> then the copies will be placed at the <strong>original</strong> <strong>file</strong> <strong>locations</strong>."   [粘贴 157ms, 取基准 0ms]
18:10:31  按翻译热键 (第 1 次, step 模式)   [全选+确认 297ms]
18:10:32      第 1 次轮询看到内容变了
18:10:33  译文已稳定 (轮询 7 次)
18:10:33      [等译文 1.25s, 轮询 7 次]
18:10:33  译文: "<strong>注意</strong>：如果备份文件夹<strong>无效</strong>，则副本将放置在<strong>原始</strong><strong>文件</strong><strong>位置</strong>。<strong></strong>"
18:10:33  translateposthtml.py -> "\b注意 ：如果备份文件夹\b无效 ，则副本将放置在\b原始 \b文件 \b位置 。"   [python 94ms]
18:10:33      [粘回译文 156ms]
18:10:33      [回车+等下一个框 219ms]
18:10:33  ---------- 第 222 个文本框 (上一轮共 3.64s) ----------
18:10:33  原文: "\bLocation for the backup files:"   [取文本 0ms, 焦点 Edit '\bLocation for the b']
18:10:34  translate.py -> need=1  text="<strong>Location</strong> for the backup files:"   [python 890ms]
18:10:34  翻译前基准: "<strong>Location</strong> for the backup files:"   [粘贴 172ms, 取基准 0ms]
18:10:34  按翻译热键 (第 1 次, step 模式)   [全选+确认 297ms]
18:10:35      第 1 次轮询看到内容变了
18:10:35  译文已稳定 (轮询 2 次)
18:10:35      [等译文 0.45s, 轮询 2 次]
18:10:35  译文: "备份文件的<strong>位置</strong>："
18:10:36  translateposthtml.py -> "备份文件的\b位置 ："   [python 94ms]
18:10:36      [粘回译文 141ms]
18:10:36      [回车+等下一个框 218ms]
18:10:36  ---------- 第 223 个文本框 (上一轮共 2.81s) ----------
18:10:36  原文: "\b&Enable the \b<Ctrl-Shift-T> keyboard shortcut to \bstop program execution"   [取文本 0ms, 焦点 Edit '\b&Enable the \b<Ctr']
18:10:36  translate.py -> need=1  text="<strong>Enable</strong> the <strong>&lt;Ctrl-Shift-T&gt;</strong> keyboard shortcut to <strong>stop</strong> program execution"   [python 188ms]
18:10:36  翻译前基准: "<strong>Enable</strong> the <strong>&lt;Ctrl-Shift-T&gt;</strong> keyboard shortcut to <strong>stop</strong> program execution"   [粘贴 140ms, 取基准 0ms]
18:10:37  按翻译热键 (第 1 次, step 模式)   [全选+确认 297ms]
18:10:37      第 1 次轮询看到内容变了
18:10:38  译文已稳定 (轮询 4 次)
18:10:38      [等译文 0.77s, 轮询 4 次]
18:10:38  译文: "<strong>启用</strong><strong>&lt;Ctrl-Shift-T&gt;</strong>键盘快捷键以<strong>停止</strong>程序执行"
18:10:38  translateposthtml.py -> "\b启用 \b<Ctrl-Shift-T> 键盘快捷键以\b停止 程序执行"   [python 110ms]
18:10:38      [粘回译文 156ms]
18:10:38      [回车+等下一个框 203ms]
18:10:38  ---------- 第 224 个文本框 (上一轮共 2.44s) ----------
18:10:38  原文: "\bC&lear the \bImmediate \bwindow on every project run (VisualBasic 6.0 only)"   [取文本 0ms, 焦点 Edit '\bC&lear the \bImmed']
18:10:39  translate.py -> need=1  text="<strong>Clear</strong> the <strong>Immediate</strong> <strong>window</strong> on every project run (VisualBasic 6.0 only)"   [python 234ms]
18:10:39  翻译前基准: "<strong>Clear</strong> the <strong>Immediate</strong> <strong>window</strong> on every project run (VisualBasic 6.0 only)"   [粘贴 156ms, 取基准 0ms]
18:10:39  按翻译热键 (第 1 次, step 模式)   [全选+确认 297ms]
18:10:40      第 1 次轮询看到内容变了
18:10:40  译文已稳定 (轮询 4 次)
18:10:40      [等译文 0.77s, 轮询 4 次]
18:10:40  译文: "在每次项目运行时<strong>清除</strong>“<strong>即时</strong><strong>”窗口</strong>"
18:10:40  translateposthtml.py -> "在每次项目运行时\b清除 “\b即时 \b”窗口 "   [python 109ms]
18:10:41      [粘回译文 141ms]
18:10:41      [回车+等下一个框 203ms]
18:10:41  ---------- 第 225 个文本框 (上一轮共 2.52s) ----------
18:10:41  原文: "Sort by the corresponding \bmember \b&scope"   [取文本 0ms, 焦点 Edit 'Sort by the correspo']
18:10:41  translate.py -> need=1  text="Sort by the corresponding <strong>member</strong> <strong>scope</strong>"   [python 188ms]
18:10:41  翻译前基准: "Sort by the corresponding <strong>member</strong> <strong>scope</strong>"   [粘贴 156ms, 取基准 0ms]
18:10:42  按翻译热键 (第 1 次, step 模式)   [全选+确认 328ms]
18:10:42      第 1 次轮询看到内容变了
18:10:43  译文已稳定 (轮询 3 次)
18:10:43      [等译文 0.61s, 轮询 3 次]
18:10:43  译文: "按相应的<strong>成员</strong><strong>范围</strong>"
18:10:43  translateposthtml.py -> "按相应的\b成员 \b范围 "   [python 93ms]
18:10:43      [粘回译文 172ms]
18:10:43      [回车+等下一个框 219ms]
18:10:43  ---------- 第 226 个文本框 (上一轮共 2.31s) ----------
18:10:43  原文: "Sort by the corresponding \bmember \b&type"   [取文本 0ms, 焦点 Edit 'Sort by the correspo']
18:10:43  translate.py -> need=1  text="Sort by the corresponding <strong>member</strong> <strong>type</strong>"   [python 219ms]
18:10:44  翻译前基准: "Sort by the corresponding <strong>member</strong> <strong>type</strong>"   [粘贴 156ms, 取基准 0ms]
18:10:44  按翻译热键 (第 1 次, step 模式)   [全选+确认 297ms]
18:10:45      第 1 次轮询看到内容变了
18:10:45  译文已稳定 (轮询 2 次)
18:10:45      [等译文 0.47s, 轮询 2 次]
18:10:45  译文: "按相应的<strong>成员</strong><strong>类型</strong>"
18:10:45  translateposthtml.py -> "按相应的\b成员 \b类型 "   [python 109ms]
18:10:45      [粘回译文 157ms]
18:10:45      [回车+等下一个框 203ms]
18:10:45  ---------- 第 227 个文本框 (上一轮共 2.17s) ----------
18:10:45  原文: "ImageList1"   [取文本 0ms, 焦点 Edit 'ImageList1']
18:10:46  translate.py -> need=0  text="ImageList1"   [python 188ms]
18:10:46  不需要翻译 -> 直接回车
18:10:46      [回车+等下一个框 203ms]
18:10:46  ---------- 第 228 个文本框 (上一轮共 0.39s) ----------
18:10:46  原文: "ImageList1"   [取文本 0ms, 焦点 Edit 'ImageList1']
18:10:46  translate.py -> need=0  text="ImageList1"   [python 203ms]
18:10:46  不需要翻译 -> 直接回车
18:10:46      [回车+等下一个框 203ms]
18:10:46  ---------- 第 229 个文本框 (上一轮共 0.42s) ----------
18:10:46  原文: "\bSort Project Explorer nodes in a \b&custom manner as follows:"   [取文本 0ms, 焦点 Edit '\bSort Project Explo']
18:10:46  translate.py -> need=1  text="<strong>Sort</strong> Project Explorer nodes in a <strong>custom</strong> manner as follows:"   [python 203ms]
18:10:47  翻译前基准: "<strong>Sort</strong> Project Explorer nodes in a <strong>custom</strong> manner as follows:"   [粘贴 156ms, 取基准 0ms]
18:10:47  按翻译热键 (第 1 次, step 模式)   [全选+确认 297ms]
18:10:48      第 1 次轮询看到内容变了
18:10:48  译文已稳定 (轮询 3 次)
18:10:48      [等译文 0.61s, 轮询 3 次]
18:10:48  译文: "按以下<strong>自定义</strong>方式对项目资源管理器节点<strong>进行排序</strong>："
18:10:48  translateposthtml.py -> "按以下\b自定义 方式对项目资源管理器节点\b进行排序 ："   [python 94ms]
18:10:48      [粘回译文 172ms]
18:10:48      [回车+等下一个框 203ms]
18:10:48  ---------- 第 230 个文本框 (上一轮共 2.30s) ----------
18:10:48  原文: "\bSort Project Explorer nodes \b&alphabetically"   [取文本 0ms, 焦点 Edit '\bSort Project Explo']
18:10:49  translate.py -> need=1  text="<strong>Sort</strong> Project Explorer nodes <strong>alphabetically</strong>"   [python 203ms]
18:10:49  翻译前基准: "<strong>Sort</strong> Project Explorer nodes <strong>alphabetically</strong>"   [粘贴 156ms, 取基准 0ms]
18:10:49  按翻译热键 (第 1 次, step 模式)   [全选+确认 297ms]
18:10:50      第 1 次轮询看到内容变了
18:10:50  译文已稳定 (轮询 3 次)
18:10:50      [等译文 0.61s, 轮询 3 次]
18:10:50  译文: "<strong>按顺序</strong><strong>对</strong>项目资源管理器节点排序"
18:10:50  translateposthtml.py -> "\b按顺序 \b对 项目资源管理器节点排序"   [python 110ms]
18:10:51      [粘回译文 156ms]
18:10:51      [回车+等下一个框 203ms]
18:10:51  ---------- 第 231 个文本框 (上一轮共 2.28s) ----------
18:10:51  原文: "imgAPI"   [取文本 0ms, 焦点 Edit 'imgAPI']
18:10:51  translate.py -> need=0  text="imgAPI"   [python 203ms]
18:10:51  不需要翻译 -> 直接回车
18:10:51      [回车+等下一个框 203ms]
18:10:51  ---------- 第 232 个文本框 (上一轮共 0.41s) ----------
18:10:51  原文: "imgEventImp"   [取文本 0ms, 焦点 Edit 'imgEventImp']
18:10:51  translate.py -> need=0  text="imgEventImp"   [python 187ms]
18:10:51  不需要翻译 -> 直接回车
18:10:52      [回车+等下一个框 203ms]
18:10:52  ---------- 第 233 个文本框 (上一轮共 0.39s) ----------
18:10:52  原文: "imgMethod"   [取文本 0ms, 焦点 Edit 'imgMethod']
18:10:52  translate.py -> need=0  text="imgMethod"   [python 219ms]
18:10:52  不需要翻译 -> 直接回车
18:10:52      [回车+等下一个框 219ms]
18:10:52  ---------- 第 234 个文本框 (上一轮共 0.44s) ----------
18:10:52  原文: "imgProp"   [取文本 0ms, 焦点 Edit 'imgProp']
18:10:52  translate.py -> need=0  text="imgProp"   [python 203ms]
18:10:52  不需要翻译 -> 直接回车
18:10:52      [回车+等下一个框 203ms]
18:10:52  ---------- 第 235 个文本框 (上一轮共 0.41s) ----------
18:10:52  原文: "imgVC"   [取文本 0ms, 焦点 Edit 'imgVC']
18:10:53  translate.py -> need=0  text="imgVC"   [python 203ms]
18:10:53  不需要翻译 -> 直接回车
18:10:53      [回车+等下一个框 218ms]
18:10:53  ---------- 第 236 个文本框 (上一轮共 0.45s) ----------
18:10:53  原文: "imgEventDef"   [取文本 0ms, 焦点 Edit 'imgEventDef']
18:10:53  translate.py -> need=0  text="imgEventDef"   [python 203ms]
18:10:53  不需要翻译 -> 直接回车
18:10:53      [回车+等下一个框 219ms]
18:10:53  ---------- 第 237 个文本框 (上一轮共 0.42s) ----------
18:10:53  原文: "imgEnum"   [取文本 0ms, 焦点 Edit 'imgEnum']
18:10:54  translate.py -> need=0  text="imgEnum"   [python 234ms]
18:10:54  不需要翻译 -> 直接回车
18:10:54      [回车+等下一个框 203ms]
18:10:54  ---------- 第 238 个文本框 (上一轮共 0.44s) ----------
18:10:54  原文: "imgType"   [取文本 0ms, 焦点 Edit 'imgType']
18:10:54  translate.py -> need=0  text="imgType"   [python 219ms]
18:10:54  不需要翻译 -> 直接回车
18:10:54      [回车+等下一个框 203ms]
18:10:54  ---------- 第 239 个文本框 (上一轮共 0.42s) ----------
18:10:54  原文: "imgPublic"   [取文本 0ms, 焦点 Edit 'imgPublic']
18:10:54  translate.py -> need=0  text="imgPublic"   [python 250ms]
18:10:54  不需要翻译 -> 直接回车
18:10:55      [回车+等下一个框 203ms]
18:10:55  ---------- 第 240 个文本框 (上一轮共 0.45s) ----------
18:10:55  原文: "imgFriend"   [取文本 0ms, 焦点 Edit 'imgFriend']
18:10:55  translate.py -> need=0  text="imgFriend"   [python 204ms]
18:10:55  不需要翻译 -> 直接回车
18:10:55      [回车+等下一个框 203ms]
18:10:55  ---------- 第 241 个文本框 (上一轮共 0.41s) ----------
18:10:55  原文: "imgPrivate"   [取文本 0ms, 焦点 Edit 'imgPrivate']
18:10:55  translate.py -> need=0  text="imgPrivate"   [python 203ms]
18:10:55  不需要翻译 -> 直接回车
18:10:55      [回车+等下一个框 203ms]
18:10:55  ---------- 第 242 个文本框 (上一轮共 0.41s) ----------
18:10:55  原文: "imgEmpty"   [取文本 0ms, 焦点 Edit 'imgEmpty']
18:10:56  translate.py -> need=0  text="imgEmpty"   [python 219ms]
18:10:56  不需要翻译 -> 直接回车
18:10:56      [回车+等下一个框 203ms]
18:10:56  ---------- 第 243 个文本框 (上一轮共 0.42s) ----------
18:10:56  原文: "The \bCode \bAnalyzer can provide valuable information regarding \bdead \bcode, \bcode \bperformance and \bpotential \bproblems. Please \aclick \ahere in order to \bview/modify the current \bcode \banalyzer \bsettings."   [取文本 0ms, 焦点 Edit 'The \bCode \bAnalyze']
18:10:57  translate.py -> need=1  text="The <strong>Code</strong> <strong>Analyzer</strong> can provide valuable information regarding <strong>dead</strong> <strong>code</strong>, <strong>code</strong> <strong>performance</strong> and <strong>potential</strong> <strong>problems</strong>. Please \aclick \ahere in order to <strong>view</strong>/modify the current <strong>code</strong> <strong>analyzer</strong> <strong>settings</strong>."   [python 969ms]
18:10:57  翻译前基准: "The <strong>Code</strong> <strong>Analyzer</strong> can provide valuable information regarding <strong>dead</strong> <strong>code</strong>, <strong>code</strong> <strong>performance</strong> and <strong>potential</strong> <strong>problems</strong>. Please \aclick \ahere in order to <strong>view</strong>/modify the current <strong>code</strong> <strong>analyzer</strong> <strong>settings</strong>."   [粘贴 156ms, 取基准 0ms]
18:10:57  按翻译热键 (第 1 次, step 模式)   [全选+确认 297ms]
18:10:58      第 1 次轮询看到内容变了
18:11:00  译文已稳定 (轮询 13 次)
18:11:00      [等译文 2.19s, 轮询 13 次]
18:11:00  译文: "<strong>代码</strong><strong>分析器</strong>可以提供关于<strong>死</strong><strong>代码</strong>、<strong>代码</strong><strong>性能</strong>和<strong>潜在</strong><strong>问题的</strong>有价值的信息。请单击此处以<strong>查看</strong>/修改当前<strong>代码</strong><strong>分析器</strong><strong>设置</strong>。"
18:11:00  translateposthtml.py -> "\b代码 \b分析器 可以提供关于\b死 \b代码 、\b代码 \b性能 和\b潜在 \b问题的 有价值的信息。请单击此处以\b查看 /修改当前\b代码 \b分析器 \b设置 。"   [python 62ms]
18:11:00      [粘回译文 156ms]
18:11:00      [回车+等下一个框 219ms]
18:11:00  ---------- 第 244 个文本框 (上一轮共 4.61s) ----------
18:11:00  原文: "\bUpon \bswitching to the Code Flow Explorer, \bautomatically \bparse if it is \bempty (if possible)"   [取文本 0ms, 焦点 Edit '\bUpon \bswitching t']
18:11:01  translate.py -> need=1  text="<strong>Upon</strong> <strong>switching</strong> to the Code Flow Explorer, <strong>automatically</strong> <strong>parse</strong> if it is <strong>empty</strong> (if possible)"   [python 860ms]
18:11:01  翻译前基准: "<strong>Upon</strong> <strong>switching</strong> to the Code Flow Explorer, <strong>automatically</strong> <strong>parse</strong> if it is <strong>empty</strong> (if possible)"   [粘贴 156ms, 取基准 0ms]
18:11:02  按翻译热键 (第 1 次, step 模式)   [全选+确认 297ms]
18:11:03      第 1 次轮询看到内容变了
18:11:03  译文已稳定 (轮询 6 次)
18:11:03      [等译文 1.11s, 轮询 6 次]
18:11:03  译文: "<strong>在</strong><strong>切换</strong>到代码流浏览器时，如果它为<strong>空，</strong>则<strong>自动</strong><strong>解析</strong>（如果可能）"
18:11:04  translateposthtml.py -> "\b在 \b切换 到代码流浏览器时，如果它为\b空， 则\b自动 \b解析 （如果可能）"   [python 110ms]
18:11:04      [粘回译文 156ms]
18:11:04      [回车+等下一个框 234ms]
18:11:04  ---------- 第 245 个文本框 (上一轮共 3.52s) ----------
18:11:04  原文: "[Change]"   [取文本 0ms, 焦点 Edit '[Change]']
18:11:04  translate.py -> need=0  text="[Change]"   [python 219ms]
18:11:04  不需要翻译 -> 直接回车
18:11:04      [回车+等下一个框 203ms]
18:11:04  ---------- 第 246 个文本框 (上一轮共 0.42s) ----------
18:11:04  原文: "[Change]"   [取文本 0ms, 焦点 Edit '[Change]']
18:11:05  translate.py -> need=0  text="[Change]"   [python 188ms]
18:11:05  不需要翻译 -> 直接回车
18:11:05      [回车+等下一个框 203ms]
18:11:05  ---------- 第 247 个文本框 (上一轮共 0.41s) ----------
18:11:05  原文: "\bLocation of the \bc&ustom \bdictionary file:"   [取文本 0ms, 焦点 Edit '\bLocation of the \b']
18:11:05  translate.py -> need=1  text="<strong>Location</strong> of the <strong>custom</strong> <strong>dictionary</strong> file:"   [python 187ms]
18:11:05  翻译前基准: "<strong>Location</strong> of the <strong>custom</strong> <strong>dictionary</strong> file:"   [粘贴 141ms, 取基准 0ms]
18:11:05  按翻译热键 (第 1 次, step 模式)   [全选+确认 297ms]
18:11:06      第 1 次轮询看到内容变了
18:11:07  译文已稳定 (轮询 5 次)
18:11:07      [等译文 0.92s, 轮询 5 次]
18:11:07  译文: "<strong>自定义</strong><strong>词典</strong>文件的<strong>位置</strong>"
18:11:07  translateposthtml.py -> "\b自定义 \b词典 文件的\b位置 "   [python 94ms]
18:11:07      [粘回译文 172ms]
18:11:07      [回车+等下一个框 219ms]
18:11:07  ---------- 第 248 个文本框 (上一轮共 2.59s) ----------
18:11:07  原文: "\bLocation of the \b&main \blanguage \bdictionary file(s):"   [取文本 0ms, 焦点 Edit '\bLocation of the \b']
18:11:08  translate.py -> need=1  text="<strong>Location</strong> of the <strong>main</strong> <strong>language</strong> <strong>dictionary</strong> file(s):"   [python 218ms]
18:11:08  翻译前基准: "<strong>Location</strong> of the <strong>main</strong> <strong>language</strong> <strong>dictionary</strong> file(s):"   [粘贴 141ms, 取基准 0ms]
18:11:08  按翻译热键 (第 1 次, step 模式)   [全选+确认 297ms]
18:11:09      第 1 次轮询看到内容变了
18:11:09  译文已稳定 (轮询 4 次)
18:11:09      [等译文 0.78s, 轮询 4 次]
18:11:09  译文: "<strong>主</strong><strong>语言</strong><strong>词典</strong>文件的<strong>位置</strong>"
18:11:09  translateposthtml.py -> "\b主 \b语言 \b词典 文件的\b位置 "   [python 62ms]
18:11:10      [粘回译文 156ms]
18:11:10      [回车+等下一个框 235ms]
18:11:10  ---------- 第 249 个文本框 (上一轮共 2.45s) ----------
18:11:10  原文: "\b&Language used by the the CodeSMART Spelling Checker:"   [取文本 0ms, 焦点 Edit '\b&Language used by ']
18:11:10  translate.py -> need=1  text="<strong>Language</strong> used by the the CodeSMART Spelling Checker:"   [python 203ms]
18:11:10  翻译前基准: "<strong>Language</strong> used by the the CodeSMART Spelling Checker:"   [粘贴 156ms, 取基准 0ms]
18:11:10  按翻译热键 (第 1 次, step 模式)   [全选+确认 297ms]
18:11:11      第 1 次轮询看到内容变了
18:11:12  译文已稳定 (轮询 2 次)
18:11:12      [等译文 0.45s, 轮询 2 次]
18:11:12  译文: "CodeSMART拼写检查程序使用的<strong>语言</strong>："
18:11:12  translateposthtml.py -> "CodeSMART拼写检查程序使用的\b语言 ："   [python 93ms]
18:11:12      [粘回译文 157ms]
18:11:12      [回车+等下一个框 203ms]
18:11:12  ---------- 第 250 个文本框 (上一轮共 2.13s) ----------
18:11:12  原文: "\bO&pen the \bsuggestions dialog box on \bdouble-click"   [取文本 0ms, 焦点 Edit '\bO&pen the \bsugges']
18:11:12  translate.py -> need=1  text="<strong>Open</strong> the <strong>suggestions</strong> dialog box on <strong>double</strong>-click"   [python 203ms]
18:11:12  翻译前基准: "<strong>Open</strong> the <strong>suggestions</strong> dialog box on <strong>double</strong>-click"   [粘贴 141ms, 取基准 0ms]
18:11:13  按翻译热键 (第 1 次, step 模式)   [全选+确认 296ms]
18:11:13      第 1 次轮询看到内容变了
18:11:14  译文已稳定 (轮询 4 次)
18:11:14      [等译文 0.77s, 轮询 4 次]
18:11:14  译文: "<strong></strong>双击打开<strong>建议</strong>对话框<strong></strong>"
18:11:14  translateposthtml.py -> "双击打开\b建议 对话框"   [python 110ms]
18:11:14      [粘回译文 156ms]
18:11:14      [回车+等下一个框 219ms]
18:11:14  ---------- 第 251 个文本框 (上一轮共 2.47s) ----------
18:11:14  原文: "The task list uses as \b<user \bname> the \bdeveloper \bname that is configured in the \bGeneral/Identification options page. \aClick \ahere to \bopen this page."   [取文本 0ms, 焦点 Edit 'The task list uses a']
18:11:15  translate.py -> need=1  text="The task list uses as <strong>&lt;user</strong> <strong>name</strong>&gt; the <strong>developer</strong> <strong>name</strong> that is configured in the <strong>General</strong>/Identification options page. \aClick \ahere to <strong>open</strong> this page."   [python 1062ms]
18:11:16  翻译前基准: "The task list uses as <strong>&lt;user</strong> <strong>name</strong>&gt; the <strong>developer</strong> <strong>name</strong> that is configured in the <strong>General</strong>/Identification options page. \aClick \ahere to <strong>open</strong> this page."   [粘贴 141ms, 取基准 0ms]
18:11:16  按翻译热键 (第 1 次, step 模式)   [全选+确认 312ms]
18:11:17      第 1 次轮询看到内容变了
18:11:18  译文已稳定 (轮询 8 次)
18:11:18      [等译文 1.41s, 轮询 8 次]
18:11:18  译文: "任务列表使用在<strong>常规</strong>/标识选项页面中配置的<strong>开发人员</strong><strong>名称</strong>作为<strong>&lt;用户</strong><strong>名</strong>\a单击\a此处<strong>打开</strong>此页面。"
18:11:18  translateposthtml.py -> "任务列表使用在\b常规 /标识选项页面中配置的\b开发人员 \b名称 作为\b<用户 \b名 \a单击\a此处\b打开 此页面。"   [python 94ms]
18:11:18      [粘回译文 140ms]
18:11:18      [回车+等下一个框 219ms]
18:11:18  ---------- 第 252 个文本框 (上一轮共 3.94s) ----------
18:11:18  原文: "\bAdministrative \brights:"   [取文本 0ms, 焦点 Edit '\bAdministrative \br']
18:11:19  translate.py -> need=1  text="<strong>Administrative</strong> <strong>rights</strong>:"   [python 969ms]
18:11:19  翻译前基准: "<strong>Administrative</strong> <strong>rights</strong>:"   [粘贴 156ms, 取基准 0ms]
18:11:20  按翻译热键 (第 1 次, step 模式)   [全选+确认 297ms]
18:11:21      第 1 次轮询看到内容变了
18:11:21  译文已稳定 (轮询 2 次)
18:11:21      [等译文 0.47s, 轮询 2 次]
18:11:21  译文: "<strong>行政</strong><strong>权利</strong>："
18:11:21  translateposthtml.py -> "\b行政 \b权利 ："   [python 109ms]
18:11:21      [粘回译文 156ms]
18:11:21      [回车+等下一个框 219ms]
18:11:21  ---------- 第 253 个文本框 (上一轮共 2.95s) ----------
18:11:21  原文: "\bYour \buser \bname:"   [取文本 0ms, 焦点 Edit '\bYour \buser \bname']
18:11:22  translate.py -> need=1  text="<strong>Your</strong> <strong>user</strong> <strong>name</strong>:"   [python 938ms]
18:11:22  翻译前基准: "<strong>Your</strong> <strong>user</strong> <strong>name</strong>:"   [粘贴 140ms, 取基准 0ms]
18:11:23  按翻译热键 (第 1 次, step 模式)   [全选+确认 313ms]
18:11:24      第 1 次轮询看到内容变了
18:11:24  译文已稳定 (轮询 3 次)
18:11:24      [等译文 0.64s, 轮询 3 次]
18:11:24  译文: "<strong>您</strong><strong>的用户</strong><strong>名</strong>："
18:11:24  translateposthtml.py -> "\b您 \b的用户 \b名 ："   [python 109ms]
18:11:24      [粘回译文 156ms]
18:11:24      [回车+等下一个框 219ms]
18:11:24  ---------- 第 254 个文本框 (上一轮共 3.09s) ----------
18:11:24  原文: "\bInsert line numbers \bwithin \bthe \bh&andler code (header and footer)"   [取文本 0ms, 焦点 Edit '\bInsert line number']
18:11:25  translate.py -> need=1  text="<strong>Insert</strong> line numbers <strong>within</strong> <strong>the</strong> <strong>handler</strong> code (header and footer)"   [python 187ms]
18:11:25  翻译前基准: "<strong>Insert</strong> line numbers <strong>within</strong> <strong>the</strong> <strong>handler</strong> code (header and footer)"   [粘贴 141ms, 取基准 0ms]
18:11:25  按翻译热键 (第 1 次, step 模式)   [全选+确认 297ms]
18:11:26      第 1 次轮询看到内容变了
18:11:27  译文已稳定 (轮询 5 次)
18:11:27      [等译文 0.92s, 轮询 5 次]
18:11:27  译文: "<strong>在</strong><strong>处理程序</strong>代码<strong>中</strong><strong>插入</strong>行号"
18:11:27  translateposthtml.py -> "\b在 \b处理程序 代码\b中 \b插入 行号"   [python 125ms]
18:11:27      [粘回译文 157ms]
18:11:27      [回车+等下一个框 218ms]
18:11:27  ---------- 第 255 个文本框 (上一轮共 2.61s) ----------
18:11:27  原文: "\b&Skip line numbering for \binoffensive \bstatements"   [取文本 0ms, 焦点 Edit '\b&Skip line numberi']
18:11:27  translate.py -> need=1  text="<strong>Skip</strong> line numbering for <strong>inoffensive</strong> <strong>statements</strong>"   [python 219ms]
18:11:27  翻译前基准: "<strong>Skip</strong> line numbering for <strong>inoffensive</strong> <strong>statements</strong>"   [粘贴 141ms, 取基准 0ms]
18:11:28  按翻译热键 (第 1 次, step 模式)   [全选+确认 312ms]
18:11:31  等译文超时(2500ms), 轮询了 17 次, 内容一次都没变 -> 判定 STranslate 没反应
18:11:31  !! 文本框没有任何变化, 判定这次没翻译成功   [等了 2.86s, 轮询 17 次]
18:11:31  按翻译热键 (第 2 次, step 模式)   [全选+确认 297ms]
18:11:32      第 1 次轮询看到内容变了
18:11:33  译文已稳定 (轮询 3 次)
18:11:33      [等译文 0.63s, 轮询 3 次]
18:11:33  译文: "<strong>跳过</strong><strong>无害</strong><strong>语句</strong>的行号"
18:11:33  translateposthtml.py -> "\b跳过 \b无害 \b语句 的行号"   [python 125ms]
18:11:33      [粘回译文 141ms]
18:11:33      [回车+等下一个框 218ms]
18:11:33  ---------- 第 256 个文本框 (上一轮共 6.13s) ----------
18:11:33  原文: "\b跳过 \b无害 \b语句 的行号c"   [取文本 0ms, 焦点 Edit '\b跳过 \b无害 \b语句 的行号c']
18:11:33  translate.py -> need=0  text="\b跳过 \b无害 \b语句 的行号c"   [python 203ms]
18:11:33  不需要翻译 -> 直接回车
18:11:34      [回车+等下一个框 204ms]
18:11:34  ---------- 第 257 个文本框 (上一轮共 0.41s) ----------
18:11:34  原文: "\bInsert \bline \bnumbers using \bbase: \eBN\=100 and \bstep: \eSTP\=5"   [取文本 0ms, 焦点 Edit '\bInsert \bline \bnu']
18:11:34  translate.py -> need=0  text="\bInsert \bline \bnumbers using \bbase: \eBN\=100 and \bstep: \eSTP\=5"   [python 203ms]
18:11:34  不需要翻译 -> 直接回车
18:11:34      [回车+等下一个框 203ms]
18:11:34  ---------- 第 258 个文本框 (上一轮共 0.41s) ----------
18:11:34  原文: "Display the \bInsert/Remove \bLine \bNumbers entries on the \bmain \bmenu"   [取文本 0ms, 焦点 Edit 'Display the \bInsert']
18:11:35  translate.py -> need=1  text="Display the <strong>Insert</strong>/Remove <strong>Line</strong> <strong>Numbers</strong> entries on the <strong>main</strong> <strong>menu</strong>"   [python 844ms]
18:11:35  翻译前基准: "Display the <strong>Insert</strong>/Remove <strong>Line</strong> <strong>Numbers</strong> entries on the <strong>main</strong> <strong>menu</strong>"   [粘贴 156ms, 取基准 0ms]
18:11:35  按翻译热键 (第 1 次, step 模式)   [全选+确认 297ms]
18:11:36      第 1 次轮询看到内容变了
18:11:37  译文已稳定 (轮询 5 次)
18:11:37      [等译文 0.92s, 轮询 5 次]
18:11:37  译文: "在<strong>主</strong><strong>菜单</strong>上显示<strong>插入</strong>/删除<strong>行号</strong><strong></strong>"
18:11:37  translateposthtml.py -> "在\b主 \b菜单 上显示\b插入 /删除\b行号 "   [python 93ms]
18:11:37      [粘回译文 141ms]
18:11:37      [回车+等下一个框 203ms]
18:11:37  ---------- 第 259 个文本框 (上一轮共 3.25s) ----------
18:11:37  原文: "ine numbering is \bbuilt \binto \bthe \bscheme-based \berror \bhandling syst"   [取文本 0ms, 焦点 Edit 'ine numbering is \bb']
18:11:38  translate.py -> need=1  text="ine numbering is <strong>built</strong> <strong>into</strong> <strong>the</strong> <strong>scheme</strong>-based <strong>error</strong> <strong>handling</strong> syst"   [python 906ms]
18:11:38  翻译前基准: "ine numbering is <strong>built</strong> <strong>into</strong> <strong>the</strong> <strong>scheme</strong>-based <strong>error</strong> <strong>handling</strong> syst"   [粘贴 156ms, 取基准 0ms]
18:11:39  按翻译热键 (第 1 次, step 模式)   [全选+确认 297ms]
18:11:39      第 1 次轮询看到内容变了
18:11:40  译文已稳定 (轮询 7 次)
18:11:40      [等译文 1.23s, 轮询 7 次]
18:11:40  译文: "行编号<strong>内置</strong><strong>于</strong>基于<strong>方案</strong>的<strong>错误</strong><strong>处理</strong>系统中。<strong></strong>"
18:11:40  translateposthtml.py -> "行编号\b内置 \b于 基于\b方案 的\b错误 \b处理 系统中。"   [python 110ms]
18:11:41      [粘回译文 156ms]
18:11:41      [回车+等下一个框 203ms]
18:11:41  ---------- 第 260 个文本框 (上一轮共 3.66s) ----------
18:11:41  原文: "m. However, at times \byou \bmay \bwant to insert/remove \bline \bnumbers \bonly, operation for which"   [取文本 0ms, 焦点 Edit 'm. However, at times']
18:11:42  translate.py -> need=1  text="m. However, at times <strong>you</strong> <strong>may</strong> <strong>want</strong> to insert/remove <strong>line</strong> <strong>numbers</strong> <strong>only</strong>, operation for which"   [python 812ms]
18:11:42  翻译前基准: "m. However, at times <strong>you</strong> <strong>may</strong> <strong>want</strong> to insert/remove <strong>line</strong> <strong>numbers</strong> <strong>only</strong>, operation for which"   [粘贴 141ms, 取基准 0ms]
18:11:42  按翻译热键 (第 1 次, step 模式)   [全选+确认 297ms]
18:11:43      第 1 次轮询看到内容变了
18:11:44  译文已稳定 (轮询 6 次)
18:11:44      [等译文 1.09s, 轮询 6 次]
18:11:44  译文: "M.但是，有时<strong>候您</strong><strong>可能</strong><strong>只</strong><strong>想</strong>插入/删除<strong>行号</strong>，<strong></strong>"
18:11:44  translateposthtml.py -> "M.但是，有时\b候您 \b可能 \b只 \b想 插入/删除\b行号 ，"   [python 94ms]
18:11:44      [粘回译文 156ms]
18:11:44      [回车+等下一个框 219ms]
18:11:44  ---------- 第 261 个文本框 (上一轮共 3.39s) ----------
18:11:44  原文: "the settings are extracted from "   [取文本 0ms, 焦点 Edit 'the settings are ext']
18:11:45  translate.py -> need=1  text="the settings are extracted from "   [python 890ms]
18:11:45  翻译前基准: "the settings are extracted from "   [粘贴 157ms, 取基准 0ms]
18:11:46  按翻译热键 (第 1 次, step 模式)   [全选+确认 296ms]
18:11:46      第 1 次轮询看到内容变了
18:11:47  译文已稳定 (轮询 2 次)
18:11:47      [等译文 0.45s, 轮询 2 次]
18:11:47  译文: "这些设置是从"
18:11:47  translateposthtml.py -> "这些设置是从"   [python 94ms]
18:11:47      [粘回译文 141ms]
18:11:47      [回车+等下一个框 203ms]
18:11:47  ---------- 第 262 个文本框 (上一轮共 2.78s) ----------
18:11:47  原文: "he locally active scheme. If the scheme \bspecifies \bno \bline \bnumbering \boptions, the following settings will b"   [取文本 0ms, 焦点 Edit 'he locally active sc']
18:11:48  translate.py -> need=1  text="he locally active scheme. If the scheme <strong>specifies</strong> <strong>no</strong> <strong>line</strong> <strong>numbering</strong> <strong>options</strong>, the following settings will b"   [python 953ms]
18:11:48  翻译前基准: "he locally active scheme. If the scheme <strong>specifies</strong> <strong>no</strong> <strong>line</strong> <strong>numbering</strong> <strong>options</strong>, the following settings will b"   [粘贴 141ms, 取基准 0ms]
18:11:48  按翻译热键 (第 1 次, step 模式)   [全选+确认 297ms]
18:11:49      第 1 次轮询看到内容变了
18:11:50  译文已稳定 (轮询 7 次)
18:11:50      [等译文 1.28s, 轮询 7 次]
18:11:50  译文: "当地积极的计划。如果方案<strong>未</strong><strong>指定</strong><strong>行</strong><strong>编号</strong><strong>选项</strong>，则将使用以下设置B"
18:11:50  translateposthtml.py -> "当地积极的计划。如果方案\b未 \b指定 \b行 \b编号 \b选项 ，则将使用以下设置B"   [python 94ms]
18:11:51      [粘回译文 140ms]
18:11:51      [回车+等下一个框 203ms]
18:11:51  ---------- 第 263 个文本框 (上一轮共 3.69s) ----------
18:11:51  原文: "&Ask for \bName and \bCaption property values when creating a new control"   [取文本 0ms, 焦点 Edit '&Ask for \bName and ']
18:11:51  translate.py -> need=1  text="Ask for <strong>Name</strong> and <strong>Caption</strong> property values when creating a new control"   [python 219ms]
18:11:51  翻译前基准: "Ask for <strong>Name</strong> and <strong>Caption</strong> property values when creating a new control"   [粘贴 141ms, 取基准 0ms]
18:11:51  按翻译热键 (第 1 次, step 模式)   [全选+确认 297ms]
18:11:52      第 1 次轮询看到内容变了
18:11:53  译文已稳定 (轮询 5 次)
18:11:53      [等译文 0.92s, 轮询 5 次]
18:11:53  译文: "在创建新控件时询问<strong>Name</strong>和<strong>Caption</strong>属性值"
18:11:53  translateposthtml.py -> "在创建新控件时询问\bName 和\bCaption 属性值"   [python 109ms]
18:11:53      [粘回译文 172ms]
18:11:53      [回车+等下一个框 203ms]
18:11:53  ---------- 第 264 个文本框 (上一轮共 2.64s) ----------
18:11:53  原文: "A&pply \bstandard \bproperty \bvalues at control creation. Please \aclick \ahere in order to \bview/modify the current standard property \bsettings."   [取文本 0ms, 焦点 Edit 'A&pply \bstandard \b']
18:11:54  translate.py -> need=1  text="Apply <strong>standard</strong> <strong>property</strong> <strong>values</strong> at control creation. Please \aclick \ahere in order to <strong>view</strong>/modify the current standard property <strong>settings</strong>."   [python 188ms]
18:11:54  翻译前基准: "Apply <strong>standard</strong> <strong>property</strong> <strong>values</strong> at control creation. Please \aclick \ahere in order to <strong>view</strong>/modify the current standard property <strong>settings</strong>."   [粘贴 156ms, 取基准 0ms]
18:11:54  按翻译热键 (第 1 次, step 模式)   [全选+确认 297ms]
18:11:57  等译文超时(2500ms), 轮询了 17 次, 内容一次都没变 -> 判定 STranslate 没反应
18:11:57  !! 文本框没有任何变化, 判定这次没翻译成功   [等了 2.91s, 轮询 17 次]
18:11:58  按翻译热键 (第 2 次, step 模式)   [全选+确认 297ms]
18:11:59      第 1 次轮询看到内容变了
18:12:00  译文已稳定 (轮询 7 次)
18:12:00      [等译文 1.23s, 轮询 7 次]
18:12:00  译文: "在控件创建时应用<strong>标准</strong><strong>属性</strong><strong>值</strong>请单击此处以<strong>查看</strong>/修改当前标准属性<strong>设置</strong>。"
18:12:00  translateposthtml.py -> "在控件创建时应用\b标准 \b属性 \b值 请单击此处以\b查看 /修改当前标准属性\b设置 。"   [python 110ms]
18:12:00      [粘回译文 156ms]
18:12:00      [回车+等下一个框 234ms]
18:12:00  ---------- 第 265 个文本框 (上一轮共 6.73s) ----------
18:12:00  原文: "在控件创建时应用\b标准 \b属性 \b值 请单击此处以\b查看 /修改当前标准属性\b设置 。c"   [取文本 0ms, 焦点 Edit '在控件创建时应用\b标准 \b属性 \b']
18:12:00  translate.py -> need=0  text="在控件创建时应用\b标准 \b属性 \b值 请单击此处以\b查看 /修改当前标准属性\b设置 。c"   [python 204ms]
18:12:00  不需要翻译 -> 直接回车
18:12:00      [回车+等下一个框 203ms]
18:12:00  ---------- 第 266 个文本框 (上一轮共 0.41s) ----------
18:12:00  原文: "Enable the AutoText \binside \bco&mments"   [取文本 0ms, 焦点 Edit 'Enable the AutoText ']
18:12:01  translate.py -> need=1  text="Enable the AutoText <strong>inside</strong> <strong>comments</strong>"   [python 187ms]
18:12:01  翻译前基准: "Enable the AutoText <strong>inside</strong> <strong>comments</strong>"   [粘贴 156ms, 取基准 0ms]
18:12:01  按翻译热键 (第 1 次, step 模式)   [全选+确认 297ms]
18:12:02      第 1 次轮询看到内容变了
18:12:02  译文已稳定 (轮询 3 次)
18:12:02      [等译文 0.63s, 轮询 3 次]
18:12:02  译文: "<strong>在</strong><strong>注释</strong>中启用自动图文集"
18:12:02  translateposthtml.py -> "\b在 \b注释 中启用自动图文集"   [python 94ms]
18:12:03      [粘回译文 141ms]
18:12:03      [回车+等下一个框 218ms]
18:12:03  ---------- 第 267 个文本框 (上一轮共 2.27s) ----------
18:12:03  原文: "Enable \b<Enter> as \btrigger key with:"   [取文本 0ms, 焦点 Edit 'Enable \b<Enter> as ']
18:12:04  translate.py -> need=1  text="Enable <strong>&lt;Enter&gt;</strong> as <strong>trigger</strong> key with:"   [python 938ms]
18:12:04  翻译前基准: "Enable <strong>&lt;Enter&gt;</strong> as <strong>trigger</strong> key with:"   [粘贴 140ms, 取基准 0ms]
18:12:04  按翻译热键 (第 1 次, step 模式)   [全选+确认 297ms]
18:12:05      第 1 次轮询看到内容变了
18:12:05  译文已稳定 (轮询 3 次)
18:12:05      [等译文 0.61s, 轮询 3 次]
18:12:05  译文: "启用<strong>&lt;Enter&gt;</strong>作为<strong>触发</strong>键，并使用："
18:12:05  translateposthtml.py -> "启用\b<Enter> 作为\b触发 键，并使用："   [python 47ms]
18:12:06      [粘回译文 140ms]
18:12:06      [回车+等下一个框 203ms]
18:12:06  ---------- 第 268 个文本框 (上一轮共 2.95s) ----------
18:12:06  原文: "Enable \b<Space> as \btrigger key with:"   [取文本 0ms, 焦点 Edit 'Enable \b<Space> as ']
18:12:07  translate.py -> need=1  text="Enable <strong>&lt;Space&gt;</strong> as <strong>trigger</strong> key with:"   [python 844ms]
18:12:07  翻译前基准: "Enable <strong>&lt;Space&gt;</strong> as <strong>trigger</strong> key with:"   [粘贴 141ms, 取基准 0ms]
18:12:07  按翻译热键 (第 1 次, step 模式)   [全选+确认 297ms]
18:12:08      第 1 次轮询看到内容变了
18:12:08  译文已稳定 (轮询 3 次)
18:12:08      [等译文 0.63s, 轮询 3 次]
18:12:08  译文: "启用<strong>&lt;空格&gt;</strong>键作为<strong>触发</strong>键："
18:12:08  translateposthtml.py -> "启用\b<空格> 键作为\b触发 键："   [python 110ms]
18:12:08      [粘回译文 156ms]
18:12:09      [回车+等下一个框 203ms]
18:12:09  ---------- 第 269 个文本框 (上一轮共 2.95s) ----------
18:12:09  原文: "\b&Enable the CodeSMART \bAutoText"   [取文本 0ms, 焦点 Edit '\b&Enable the CodeSM']
18:12:09  translate.py -> need=1  text="<strong>Enable</strong> the CodeSMART <strong>AutoText</strong>"   [python 203ms]
18:12:09  翻译前基准: "<strong>Enable</strong> the CodeSMART <strong>AutoText</strong>"   [粘贴 156ms, 取基准 0ms]
18:12:09  按翻译热键 (第 1 次, step 模式)   [全选+确认 297ms]
18:12:10      第 1 次轮询看到内容变了
18:12:11  译文已稳定 (轮询 3 次)
18:12:11      [等译文 0.63s, 轮询 3 次]
18:12:11  译文: "<strong>启用</strong>CodeSMART<strong>自动图文集</strong>"
18:12:11  translateposthtml.py -> "\b启用 CodeSMART\b自动图文集 "   [python 109ms]
18:12:11      [粘回译文 141ms]
18:12:11      [回车+等下一个框 203ms]
18:12:11  ---------- 第 270 个文本框 (上一轮共 2.31s) ----------
18:12:11  原文: "\bDocked with the CodeSMART \bProject \bExplorer"   [取文本 0ms, 焦点 Edit '\bDocked with the Co']
18:12:12  translate.py -> need=1  text="<strong>Docked</strong> with the CodeSMART <strong>Project</strong> <strong>Explorer</strong>"   [python 906ms]
18:12:12  翻译前基准: "<strong>Docked</strong> with the CodeSMART <strong>Project</strong> <strong>Explorer</strong>"   [粘贴 157ms, 取基准 0ms]
18:12:12  按翻译热键 (第 1 次, step 模式)   [全选+确认 296ms]
18:12:13      第 1 次轮询看到内容变了
18:12:14  译文已稳定 (轮询 4 次)
18:12:14      [等译文 0.77s, 轮询 4 次]
18:12:14  译文: "与CodeSMART<strong>Project</strong><strong>Explorer</strong><strong>对接</strong>"
18:12:14  translateposthtml.py -> "与CodeSMART\bProject \bExplorer \b对接 "   [python 94ms]
18:12:14      [粘回译文 156ms]
18:12:14      [回车+等下一个框 219ms]
18:12:14  ---------- 第 271 个文本框 (上一轮共 3.19s) ----------
18:12:14  原文: "\bDockable tool window"   [取文本 15ms, 焦点 Edit '\bDockable tool wind']
18:12:15  translate.py -> need=1  text="<strong>Dockable</strong> tool window"   [python 875ms]
18:12:15  翻译前基准: "<strong>Dockable</strong> tool window"   [粘贴 141ms, 取基准 0ms]
18:12:15  按翻译热键 (第 1 次, step 模式)   [全选+确认 297ms]
18:12:16      第 1 次轮询看到内容变了
18:12:17  译文已稳定 (轮询 2 次)
18:12:17      [等译文 0.45s, 轮询 2 次]
18:12:17  译文: "<strong>可停靠</strong>工具窗口"
18:12:17  translateposthtml.py -> "\b可停靠 工具窗口"   [python 125ms]
18:12:17      [粘回译文 157ms]
18:12:17      [回车+等下一个框 218ms]
18:12:17  ---------- 第 272 个文本框 (上一轮共 2.84s) ----------
18:12:17  原文: "\bNote: CodeSMART must be \brestarted for the change to \bbecome \beffective."   [取文本 0ms, 焦点 Edit '\bNote: CodeSMART mu']
18:12:18  translate.py -> need=1  text="<strong>Note</strong>: CodeSMART must be <strong>restarted</strong> for the change to <strong>become</strong> <strong>effective</strong>."   [python 844ms]
18:12:18  翻译前基准: "<strong>Note</strong>: CodeSMART must be <strong>restarted</strong> for the change to <strong>become</strong> <strong>effective</strong>."   [粘贴 141ms, 取基准 0ms]
18:12:18  按翻译热键 (第 1 次, step 模式)   [全选+确认 297ms]
18:12:19      第 1 次轮询看到内容变了
18:12:20  译文已稳定 (轮询 6 次)
18:12:20      [等译文 1.08s, 轮询 6 次]
18:12:20  译文: "<strong>注</strong>：必须<strong>重新启动</strong>CodeSMART才能使变更<strong>生效</strong>。<strong></strong>"
18:12:20  translateposthtml.py -> "\b注 ：必须\b重新启动 CodeSMART才能使变更\b生效 。"   [python 94ms]
18:12:20      [粘回译文 156ms]
18:12:20      [回车+等下一个框 204ms]
18:12:20  ---------- 第 273 个文本框 (上一轮共 3.41s) ----------
18:12:20  原文: "\bDisplay the \bLibrary \bExplorer window as:"   [取文本 0ms, 焦点 Edit '\bDisplay the \bLibr']
18:12:21  translate.py -> need=1  text="<strong>Display</strong> the <strong>Library</strong> <strong>Explorer</strong> window as:"   [python 828ms]
18:12:21  翻译前基准: "<strong>Display</strong> the <strong>Library</strong> <strong>Explorer</strong> window as:"   [粘贴 157ms, 取基准 0ms]
18:12:22  按翻译热键 (第 1 次, step 模式)   [全选+确认 296ms]
18:12:23      第 1 次轮询看到内容变了
18:12:23  译文已稳定 (轮询 4 次)
18:12:23      [等译文 0.81s, 轮询 4 次]
18:12:23  译文: "将<strong>库</strong><strong>资源管理器</strong>窗口<strong>显示</strong>"
18:12:23  translateposthtml.py -> "将\b库 \b资源管理器 窗口\b显示 "   [python 110ms]
18:12:23      [粘回译文 141ms]
18:12:24      [回车+等下一个框 203ms]
18:12:24  ---------- 第 274 个文本框 (上一轮共 3.16s) ----------
18:12:24  原文: "&Ask for \bconfirmation before every automatic update"   [取文本 0ms, 焦点 Edit '&Ask for \bconfirmat']
18:12:24  translate.py -> need=1  text="Ask for <strong>confirmation</strong> before every automatic update"   [python 203ms]
18:12:24  翻译前基准: "Ask for <strong>confirmation</strong> before every automatic update"   [粘贴 156ms, 取基准 0ms]
18:12:24  按翻译热键 (第 1 次, step 模式)   [全选+确认 297ms]
18:12:25      第 1 次轮询看到内容变了
18:12:25  译文已稳定 (轮询 2 次)
18:12:25      [等译文 0.47s, 轮询 2 次]
18:12:25  译文: "在每次自动更新之前请求<strong>确认</strong>"
18:12:25  translateposthtml.py -> "在每次自动更新之前请求\b确认 "   [python 94ms]
18:12:26      [粘回译文 172ms]
18:12:26      [回车+等下一个框 234ms]
18:12:26  ---------- 第 275 个文本框 (上一轮共 2.19s) ----------
18:12:26  原文: "\bAutomatically \b&update the offline databases every \e4 hours."   [取文本 0ms, 焦点 Edit '\bAutomatically \b&u']
18:12:26  translate.py -> need=0  text="\bAutomatically \b&update the offline databases every \e4 hours."   [python 203ms]
18:12:26  不需要翻译 -> 直接回车
18:12:26      [回车+等下一个框 204ms]
18:12:26  ---------- 第 276 个文本框 (上一轮共 0.41s) ----------
18:12:26  原文: "[Change]"   [取文本 0ms, 焦点 Edit '[Change]']
18:12:26  translate.py -> need=0  text="[Change]"   [python 187ms]
18:12:26  不需要翻译 -> 直接回车
18:12:27      [回车+等下一个框 219ms]
18:12:27  ---------- 第 277 个文本框 (上一轮共 0.42s) ----------
18:12:27  原文: "\aClick \ahere if you want to \bmanually \bupdate the offline databases \bnow."   [取文本 0ms, 焦点 Edit '\aClick \ahere if yo']
18:12:27  translate.py -> need=0  text="\aClick \ahere if you want to \bmanually \bupdate the offline databases \bnow."   [python 235ms]
18:12:27  不需要翻译 -> 直接回车
18:12:27      [回车+等下一个框 219ms]
18:12:27  ---------- 第 278 个文本框 (上一轮共 0.45s) ----------
18:12:27  原文: "odeSMART \bwill \buse the database files located in the \boffline \"   [取文本 0ms, 焦点 Edit 'odeSMART \bwill \bus']
18:12:28  translate.py -> need=1  text="odeSMART <strong>will</strong> <strong>use</strong> the database files located in the <strong>offline</strong> \"   [python 828ms]
18:12:28  翻译前基准: "odeSMART <strong>will</strong> <strong>use</strong> the database files located in the <strong>offline</strong> \"   [粘贴 156ms, 取基准 0ms]
18:12:28  按翻译热键 (第 1 次, step 模式)   [全选+确认 297ms]
18:12:29      第 1 次轮询看到内容变了
18:12:30  译文已稳定 (轮询 3 次)
18:12:30      [等译文 0.61s, 轮询 3 次]
18:12:30  译文: "odeSMART<strong>将</strong><strong>使用</strong>位于<strong>脱机</strong>\"
18:12:30  translateposthtml.py -> "odeSMART\b将 \b使用 位于\b脱机 \"   [python 94ms]
18:12:30      [粘回译文 156ms]
18:12:30      [回车+等下一个框 219ms]
18:12:30  ---------- 第 279 个文本框 (上一轮共 2.94s) ----------
18:12:30  原文: "folder whenever the databases you usually work with are \bnot \bavailable. You should enable the d"   [取文本 0ms, 焦点 Edit 'folder whenever the ']
18:12:31  translate.py -> need=1  text="folder whenever the databases you usually work with are <strong>not</strong> <strong>available</strong>. You should enable the d"   [python 781ms]
18:12:31  翻译前基准: "folder whenever the databases you usually work with are <strong>not</strong> <strong>available</strong>. You should enable the d"   [粘贴 141ms, 取基准 0ms]
18:12:31  按翻译热键 (第 1 次, step 模式)   [全选+确认 297ms]
18:12:32      第 1 次轮询看到内容变了
18:12:33  译文已稳定 (轮询 4 次)
18:12:33      [等译文 0.78s, 轮询 4 次]
18:12:33  译文: "文件夹中，只要您通常使用的数据库<strong>不可</strong><strong>用</strong>。您应该启用d"
18:12:33  translateposthtml.py -> "文件夹中，只要您通常使用的数据库\b不可 \b用 。您应该启用d"   [python 110ms]
18:12:33      [粘回译文 171ms]
18:12:33      [回车+等下一个框 204ms]
18:12:33  ---------- 第 280 个文本框 (上一轮共 3.06s) ----------
18:12:33  原文: "tabases \bauto-update feature and use a \blocal \boffline \bfolder so that you will be able to ac"   [取文本 0ms, 焦点 Edit 'tabases \bauto-updat']
18:12:34  translate.py -> need=1  text="tabases <strong>auto</strong>-update feature and use a <strong>local</strong> <strong>offline</strong> <strong>folder</strong> so that you will be able to ac"   [python 812ms]
18:12:34  翻译前基准: "tabases <strong>auto</strong>-update feature and use a <strong>local</strong> <strong>offline</strong> <strong>folder</strong> so that you will be able to ac"   [粘贴 156ms, 取基准 0ms]
18:12:34  按翻译热键 (第 1 次, step 模式)   [全选+确认 297ms]
18:12:35      第 1 次轮询看到内容变了
18:12:36  译文已稳定 (轮询 5 次)
18:12:36      [等译文 0.95s, 轮询 5 次]
18:12:36  译文: "tabases<strong>自动</strong>更新功能，并使用<strong>本地</strong><strong>脱机</strong><strong>文件夹</strong>，以便您将能够ac"
18:12:36  translateposthtml.py -> "tabases\b自动 更新功能，并使用\b本地 \b脱机 \b文件夹 ，以便您将能够ac"   [python 109ms]
18:12:36      [粘回译文 141ms]
18:12:36      [回车+等下一个框 234ms]
18:12:36  ---------- 第 281 个文本框 (上一轮共 3.27s) ----------
18:12:36  原文: "\bOffline \bfolder:"   [取文本 0ms, 焦点 Edit '\bOffline \bfolder:']
18:12:37  translate.py -> need=1  text="<strong>Offline</strong> <strong>folder</strong>:"   [python 828ms]
18:12:37  翻译前基准: "<strong>Offline</strong> <strong>folder</strong>:"   [粘贴 188ms, 取基准 0ms]
18:12:38  按翻译热键 (第 1 次, step 模式)   [全选+确认 297ms]
18:12:38      第 1 次轮询看到内容变了
18:12:39  译文已稳定 (轮询 2 次)
18:12:39      [等译文 0.45s, 轮询 2 次]
18:12:39  译文: "<strong>脱机</strong><strong>文件夹</strong>："
18:12:39  translateposthtml.py -> "\b脱机 \b文件夹 ："   [python 93ms]
18:12:39      [粘回译文 141ms]
18:12:39      [回车+等下一个框 219ms]
18:12:39  ---------- 第 282 个文本框 (上一轮共 2.77s) ----------
18:12:39  原文: "\b&Enable tabbed documents support"   [取文本 0ms, 焦点 Edit '\b&Enable tabbed doc']
18:12:39  translate.py -> need=1  text="<strong>Enable</strong> tabbed documents support"   [python 187ms]
18:12:39  翻译前基准: "<strong>Enable</strong> tabbed documents support"   [粘贴 157ms, 取基准 0ms]
18:12:40  按翻译热键 (第 1 次, step 模式)   [全选+确认 312ms]
18:12:41      第 1 次轮询看到内容变了
18:12:41  译文已稳定 (轮询 3 次)
18:12:41      [等译文 0.63s, 轮询 3 次]
18:12:41  译文: "<strong>启用</strong>XML文档支持"
18:12:41  translateposthtml.py -> "\b启用 XML文档支持"   [python 109ms]
18:12:41      [粘回译文 157ms]
18:12:41      [回车+等下一个框 203ms]
18:12:41  ---------- 第 283 个文本框 (上一轮共 2.31s) ----------
18:12:41  原文: "\b'Source \bCode \bControl \bResults' dialog caption:"   [取文本 0ms, 焦点 Edit '\b'Source \bCode \bC']
18:12:42  translate.py -> need=1  text="<strong>'Source</strong> <strong>Code</strong> <strong>Control</strong> <strong>Results</strong>' dialog caption:"   [python 860ms]
18:12:42  翻译前基准: "<strong>'Source</strong> <strong>Code</strong> <strong>Control</strong> <strong>Results</strong>' dialog caption:"   [粘贴 140ms, 取基准 0ms]
18:12:43  按翻译热键 (第 1 次, step 模式)   [全选+确认 313ms]
18:12:44      第 1 次轮询看到内容变了
18:12:44  译文已稳定 (轮询 5 次)
18:12:44      [等译文 0.94s, 轮询 5 次]
18:12:44  译文: "<strong>“源</strong><strong>代码</strong><strong>控制</strong><strong>结果</strong>”对话框标题："
18:12:44  translateposthtml.py -> "\b“源 \b代码 \b控制 \b结果 ”对话框标题："   [python 94ms]
18:12:44      [粘回译文 141ms]
18:12:45      [回车+等下一个框 219ms]
18:12:45  ---------- 第 284 个文本框 (上一轮共 3.28s) ----------
18:12:45  原文: "\b'Undo \bCheckout' dialog caption:"   [取文本 0ms, 焦点 Edit '\b'Undo \bCheckout' ']
18:12:45  translate.py -> need=1  text="<strong>'Undo</strong> <strong>Checkout</strong>' dialog caption:"   [python 796ms]
18:12:46  翻译前基准: "<strong>'Undo</strong> <strong>Checkout</strong>' dialog caption:"   [粘贴 157ms, 取基准 0ms]
18:12:46  按翻译热键 (第 1 次, step 模式)   [全选+确认 312ms]
18:12:47      第 1 次轮询看到内容变了
18:12:47  译文已稳定 (轮询 3 次)
18:12:47      [等译文 0.61s, 轮询 3 次]
18:12:47  译文: "<strong>“撤消</strong><strong>签出</strong>”对话框标题："
18:12:47  translateposthtml.py -> "\b“撤消 \b签出 ”对话框标题："   [python 110ms]
18:12:47      [粘回译文 156ms]
18:12:48      [回车+等下一个框 203ms]
18:12:48  ---------- 第 285 个文本框 (上一轮共 2.89s) ----------
18:12:48  原文: "\b'Check \bIn \bFiles' dialog caption:"   [取文本 0ms, 焦点 Edit '\b'Check \bIn \bFile']
18:12:48  translate.py -> need=1  text="<strong>'Check</strong> <strong>In</strong> <strong>Files</strong>' dialog caption:"   [python 844ms]
18:12:49  翻译前基准: "<strong>'Check</strong> <strong>In</strong> <strong>Files</strong>' dialog caption:"   [粘贴 141ms, 取基准 0ms]
18:12:49  按翻译热键 (第 1 次, step 模式)   [全选+确认 296ms]
18:12:50      第 1 次轮询看到内容变了
18:12:50  译文已稳定 (轮询 4 次)
18:12:50      [等译文 0.80s, 轮询 4 次]
18:12:50  译文: "<strong>“检</strong><strong>入</strong><strong>文件</strong>”对话框标题："
18:12:50  translateposthtml.py -> "\b“检 \b入 \b文件 ”对话框标题："   [python 109ms]
18:12:50      [粘回译文 156ms]
18:12:51      [回车+等下一个框 204ms]
18:12:51  ---------- 第 286 个文本框 (上一轮共 3.11s) ----------
18:12:51  原文: "\b'Check \bOut \bFiles' dialog caption:"   [取文本 0ms, 焦点 Edit '\b'Check \bOut \bFil']
18:12:52  translate.py -> need=1  text="<strong>'Check</strong> <strong>Out</strong> <strong>Files</strong>' dialog caption:"   [python 843ms]
18:12:52  翻译前基准: "<strong>'Check</strong> <strong>Out</strong> <strong>Files</strong>' dialog caption:"   [粘贴 157ms, 取基准 0ms]
18:12:52  按翻译热键 (第 1 次, step 模式)   [全选+确认 296ms]
18:12:53      第 1 次轮询看到内容变了
18:12:53  译文已稳定 (轮询 3 次)
18:12:53      [等译文 0.61s, 轮询 3 次]
18:12:53  译文: "<strong>“</strong><strong>检出</strong><strong>文件</strong>”对话框标题："
18:12:53  translateposthtml.py -> "\b“ \b检出 \b文件 ”对话框标题："   [python 63ms]
18:12:53      [粘回译文 172ms]
18:12:54      [回车+等下一个框 203ms]
18:12:54  ---------- 第 287 个文本框 (上一轮共 2.91s) ----------
18:12:54  原文: "\b'Get \bFiles' dialog caption:"   [取文本 0ms, 焦点 Edit '\b'Get \bFiles' dial']
18:12:54  translate.py -> need=1  text="<strong>'Get</strong> <strong>Files</strong>' dialog caption:"   [python 875ms]
18:12:55  翻译前基准: "<strong>'Get</strong> <strong>Files</strong>' dialog caption:"   [粘贴 156ms, 取基准 0ms]
18:12:55  按翻译热键 (第 1 次, step 模式)   [全选+确认 297ms]
18:12:56      第 1 次轮询看到内容变了
18:12:56  译文已稳定 (轮询 3 次)
18:12:56      [等译文 0.63s, 轮询 3 次]
18:12:56  译文: "<strong>“获取</strong><strong>文件</strong>”对话框标题："
18:12:56  translateposthtml.py -> "\b“获取 \b文件 ”对话框标题："   [python 93ms]
18:12:56      [粘回译文 141ms]
18:12:57      [回车+等下一个框 219ms]
18:12:57  ---------- 第 288 个文本框 (上一轮共 3.00s) ----------
18:12:57  原文: "\bVisual \bBasic environment \blanguage:"   [取文本 0ms, 焦点 Edit '\bVisual \bBasic env']
18:12:57  translate.py -> need=1  text="<strong>Visual</strong> <strong>Basic</strong> environment <strong>language</strong>:"   [python 812ms]
18:12:58  翻译前基准: "<strong>Visual</strong> <strong>Basic</strong> environment <strong>language</strong>:"   [粘贴 157ms, 取基准 0ms]
18:12:58  按翻译热键 (第 1 次, step 模式)   [全选+确认 296ms]
18:12:59      第 1 次轮询看到内容变了
18:12:59  译文已稳定 (轮询 4 次)
18:12:59      [等译文 0.77s, 轮询 4 次]
18:12:59  译文: "<strong>Visual</strong><strong>Basic</strong>环境<strong>语言</strong>："
18:12:59  translateposthtml.py -> "\bVisual \bBasic 环境\b语言 ："   [python 125ms]
18:12:59      [粘回译文 141ms]
18:13:00      [回车+等下一个框 234ms]
18:13:00  ---------- 第 289 个文本框 (上一轮共 3.08s) ----------
18:13:00  原文: "\bCustom %SccApp%:"   [取文本 0ms, 焦点 Edit '\bCustom %SccApp%:']
18:13:00  translate.py -> need=1  text="<strong>Custom</strong> %SccApp%:"   [python 828ms]
18:13:01  翻译前基准: "<strong>Custom</strong> %SccApp%:"   [粘贴 141ms, 取基准 0ms]
18:13:01  按翻译热键 (第 1 次, step 模式)   [全选+确认 297ms]
18:13:02      第 1 次轮询看到内容变了
18:13:02  译文已稳定 (轮询 3 次)
18:13:02      [等译文 0.61s, 轮询 3 次]
18:13:02  译文: "<strong>自定义</strong>%SccApp%："
18:13:02  translateposthtml.py -> "\b自定义 %SccApp%："   [python 125ms]
18:13:02      [粘回译文 156ms]
18:13:03      [回车+等下一个框 219ms]
18:13:03  ---------- 第 290 个文本框 (上一轮共 2.92s) ----------
18:13:03  原文: "Please select below the \bsource \bcode \bcontrol \bapplication you are using:"   [取文本 0ms, 焦点 Edit 'Please select below ']
18:13:03  translate.py -> need=1  text="Please select below the <strong>source</strong> <strong>code</strong> <strong>control</strong> <strong>application</strong> you are using:"   [python 750ms]
18:13:03  翻译前基准: "Please select below the <strong>source</strong> <strong>code</strong> <strong>control</strong> <strong>application</strong> you are using:"   [粘贴 156ms, 取基准 0ms]
18:13:04  按翻译热键 (第 1 次, step 模式)   [全选+确认 297ms]
18:13:05      第 1 次轮询看到内容变了
18:13:05  译文已稳定 (轮询 5 次)
18:13:05      [等译文 0.92s, 轮询 5 次]
18:13:05  译文: "请在下面选择您正在使用的<strong>源</strong><strong>代码</strong><strong>控制</strong><strong>应用程序</strong>"
18:13:05  translateposthtml.py -> "请在下面选择您正在使用的\b源 \b代码 \b控制 \b应用程序 "   [python 46ms]
18:13:05      [粘回译文 141ms]
18:13:06      [回车+等下一个框 203ms]
18:13:06  ---------- 第 291 个文本框 (上一轮共 3.11s) ----------
18:13:06  原文: "\bSelect a CodeSMART \bstandard \bparameter and use the corresponding \btext-box to provide a \bcustom \bformat."   [取文本 0ms, 焦点 Edit '\bSelect a CodeSMART']
18:13:06  translate.py -> need=1  text="<strong>Select</strong> a CodeSMART <strong>standard</strong> <strong>parameter</strong> and use the corresponding <strong>text</strong>-box to provide a <strong>custom</strong> <strong>format</strong>."   [python 797ms]
18:13:07  翻译前基准: "<strong>Select</strong> a CodeSMART <strong>standard</strong> <strong>parameter</strong> and use the corresponding <strong>text</strong>-box to provide a <strong>custom</strong> <strong>format</strong>."   [粘贴 156ms, 取基准 0ms]
18:13:07  按翻译热键 (第 1 次, step 模式)   [全选+确认 297ms]
18:13:08      第 1 次轮询看到内容变了
18:13:09  译文已稳定 (轮询 6 次)
18:13:09      [等译文 1.08s, 轮询 6 次]
18:13:09  译文: "<strong>选择</strong>一个CodeSMART<strong>标准</strong><strong>参数</strong>，并使用相应的<strong>文本</strong>框提供<strong>自定义</strong><strong>格式</strong>."
18:13:09  translateposthtml.py -> "\b选择 一个CodeSMART\b标准 \b参数 ，并使用相应的\b文本 框提供\b自定义 \b格式 ."   [python 47ms]
18:13:09      [粘回译文 156ms]
18:13:09      [回车+等下一个框 203ms]
18:13:09  ---------- 第 292 个文本框 (上一轮共 3.34s) ----------
18:13:09  原文: "\b&Enable mouse wheel support in code windows"   [取文本 0ms, 焦点 Edit '\b&Enable mouse whee']
18:13:09  translate.py -> need=1  text="<strong>Enable</strong> mouse wheel support in code windows"   [python 203ms]
18:13:09  翻译前基准: "<strong>Enable</strong> mouse wheel support in code windows"   [粘贴 156ms, 取基准 0ms]
18:13:10  按翻译热键 (第 1 次, step 模式)   [全选+确认 297ms]
18:13:11      第 1 次轮询看到内容变了
18:13:11  译文已稳定 (轮询 2 次)
18:13:11      [等译文 0.47s, 轮询 2 次]
18:13:11  译文: "在代码窗口中<strong>启用</strong>鼠标滚轮支持"
18:13:11  translateposthtml.py -> "在代码窗口中\b启用 鼠标滚轮支持"   [python 110ms]
18:13:11      [粘回译文 156ms]
18:13:11      [回车+等下一个框 219ms]
18:13:11  ---------- 第 293 个文本框 (上一轮共 2.17s) ----------
18:13:11  原文: "\bNote: Mouse wheel \bsettings can be specified by using the \bMouse \bapplet in the \bWindows \bControl \bPanel."   [取文本 0ms, 焦点 Edit '\bNote: Mouse wheel ']
18:13:12  translate.py -> need=1  text="<strong>Note</strong>: Mouse wheel <strong>settings</strong> can be specified by using the <strong>Mouse</strong> <strong>applet</strong> in the <strong>Windows</strong> <strong>Control</strong> <strong>Panel</strong>."   [python 937ms]
18:13:12  翻译前基准: "<strong>Note</strong>: Mouse wheel <strong>settings</strong> can be specified by using the <strong>Mouse</strong> <strong>applet</strong> in the <strong>Windows</strong> <strong>Control</strong> <strong>Panel</strong>."   [粘贴 141ms, 取基准 0ms]
18:13:13  按翻译热键 (第 1 次, step 模式)   [全选+确认 297ms]
18:13:13      第 1 次轮询看到内容变了
18:13:15  译文已稳定 (轮询 10 次)
18:13:15      [等译文 1.73s, 轮询 10 次]
18:13:15  译文: "<strong>注意</strong>：可以使用<strong>Windows</strong><strong>控制</strong><strong>面板</strong>中的<strong>鼠标</strong><strong>小程序</strong>指定鼠标滚轮<strong>设置</strong>。"
18:13:15  translateposthtml.py -> "\b注意 ：可以使用\bWindows \b控制 \b面板 中的\b鼠标 \b小程序 指定鼠标滚轮\b设置 。"   [python 109ms]
18:13:15      [粘回译文 141ms]
18:13:15      [回车+等下一个框 203ms]
18:13:15  ---------- 第 294 个文本框 (上一轮共 4.11s) ----------
18:13:15  原文: "On certain systems there is \bno \bdefault \bsupport for a \bmouse \bwheel - that is, such a device cannot be used to \bscroll \btext in \bcode \bwindows. CodeSMART can however \bfix \bthis \bsituation by implementing mouse wheel support \bby \bitself."   [取文本 0ms, 焦点 Edit 'On certain systems t']
18:13:16  translate.py -> need=1  text="On certain systems there is <strong>no</strong> <strong>default</strong> <strong>support</strong> for a <strong>mouse</strong> <strong>wheel</strong> - that is, such a device cannot be used to <strong>scroll</strong> <strong>text</strong> in <strong>code</strong> <strong>windows</strong>. CodeSMART can however <strong>fix</strong> <strong>this</strong> <strong>situation</strong> by implementing mouse wheel support <strong>by</strong> <strong>itself</strong>."   [python 922ms]
18:13:16  翻译前基准: "On certain systems there is <strong>no</strong> <strong>default</strong> <strong>support</strong> for a <strong>mouse</strong> <strong>wheel</strong> - that is, such a device cannot be used to <strong>scroll</strong> <strong>text</strong> in <strong>code</strong> <strong>windows</strong>. CodeSMART can however <strong>fix</strong> <strong>this</strong> <strong>situation</strong> by implementing mouse wheel support <strong>by</strong> <strong>itself</strong>."   [粘贴 141ms, 取基准 0ms]
18:13:17  按翻译热键 (第 1 次, step 模式)   [全选+确认 297ms]
18:13:18      第 1 次轮询看到内容变了
18:13:20  译文已稳定 (轮询 17 次)
18:13:20      [等译文 2.88s, 轮询 17 次]
18:13:20  译文: "在某些系统上，<strong>没有</strong><strong>默认</strong>的<strong>鼠标</strong><strong>滚轮</strong><strong>支持</strong>-也就是说，这样的设备不能用于在<strong>代码</strong><strong>窗口</strong>中<strong>滚动</strong><strong>文本</strong>。然而，CodeSMART可以通过<strong>自己</strong>实现鼠标滚轮支持<strong>来</strong><strong>解决</strong><strong>这种</strong><strong>情况</strong>。"
18:13:20  translateposthtml.py -> "在某些系统上，\b没有 \b默认 的\b鼠标 \b滚轮 \b支持 -也就是说，这样的设备不能用于在\b代码 \b窗口 中\b滚动 \b文本 。然而，CodeSMART可以通过\b自己 实现鼠标滚轮支持\b来 \b解决 \b这种 \b情况 。"   [python 47ms]
18:13:20      [粘回译文 141ms]
18:13:20      [回车+等下一个框 203ms]
18:13:20  ---------- 第 295 个文本框 (上一轮共 5.17s) ----------
18:13:20  原文: "\b&Enable the Code View Assistant"   [取文本 0ms, 焦点 Edit '\b&Enable the Code V']
18:13:21  translate.py -> need=1  text="<strong>Enable</strong> the Code View Assistant"   [python 187ms]
18:13:21  翻译前基准: "<strong>Enable</strong> the Code View Assistant"   [粘贴 172ms, 取基准 0ms]
18:13:21  按翻译热键 (第 1 次, step 模式)   [全选+确认 297ms]
18:13:22      第 1 次轮询看到内容变了
18:13:22  译文已稳定 (轮询 4 次)
18:13:22      [等译文 0.77s, 轮询 4 次]
18:13:22  译文: "<strong>启用</strong>代码视图助手"
18:13:23  translateposthtml.py -> "\b启用 代码视图助手"   [python 94ms]
18:13:23      [粘回译文 140ms]
18:13:23      [回车+等下一个框 204ms]
18:13:23  ---------- 第 296 个文本框 (上一轮共 2.44s) ----------
18:13:23  原文: "\bSkip processing \bhuge \bmethods (if you have a slow CPU)"   [取文本 0ms, 焦点 Edit '\bSkip processing \b']
18:13:24  translate.py -> need=1  text="<strong>Skip</strong> processing <strong>huge</strong> <strong>methods</strong> (if you have a slow CPU)"   [python 890ms]
18:13:24  翻译前基准: "<strong>Skip</strong> processing <strong>huge</strong> <strong>methods</strong> (if you have a slow CPU)"   [粘贴 141ms, 取基准 0ms]
18:13:24  按翻译热键 (第 1 次, step 模式)   [全选+确认 297ms]
18:13:25      第 1 次轮询看到内容变了
18:13:26  译文已稳定 (轮询 4 次)
18:13:26      [等译文 0.77s, 轮询 4 次]
18:13:26  译文: "<strong>跳过</strong>处理<strong>巨大</strong><strong>的方法</strong>（如果你有一个缓慢的CPU）"
18:13:26  translateposthtml.py -> "\b跳过 处理\b巨大 \b的方法 （如果你有一个缓慢的CPU）"   [python 109ms]
18:13:26      [粘回译文 156ms]
18:13:26      [回车+等下一个框 204ms]
18:13:26  ---------- 第 297 个文本框 (上一轮共 3.14s) ----------
18:13:26  原文: "Use \baggresive \brefresh (fast CPU, physical machine preferrable)"   [取文本 0ms, 焦点 Edit 'Use \baggresive \bre']
18:13:27  translate.py -> need=1  text="Use <strong>aggresive</strong> <strong>refresh</strong> (fast CPU, physical machine preferrable)"   [python 922ms]
18:13:27  翻译前基准: "Use <strong>aggresive</strong> <strong>refresh</strong> (fast CPU, physical machine preferrable)"   [粘贴 156ms, 取基准 0ms]
18:13:27  按翻译热键 (第 1 次, step 模式)   [全选+确认 297ms]
18:13:28      第 1 次轮询看到内容变了
18:13:29  译文已稳定 (轮询 3 次)
18:13:29      [等译文 0.64s, 轮询 3 次]
18:13:29  译文: "使用<strong>聚合</strong><strong>刷新</strong>（快速CPU，首选物理机）"
18:13:29  translateposthtml.py -> "使用\b聚合 \b刷新 （快速CPU，首选物理机）"   [python 94ms]
18:13:29      [粘回译文 141ms]
18:13:29      [回车+等下一个框 218ms]
18:13:29  ---------- 第 298 个文本框 (上一轮共 3.03s) ----------
18:13:29  原文: "Show \b&right \bhand \bindicator bar at \bcolumn: \e80"   [取文本 0ms, 焦点 Edit 'Show \b&right \bhand']
18:13:29  translate.py -> need=0  text="Show \b&right \bhand \bindicator bar at \bcolumn: \e80"   [python 204ms]
18:13:29  不需要翻译 -> 直接回车
18:13:29      [回车+等下一个框 203ms]
18:13:29  ---------- 第 299 个文本框 (上一轮共 0.41s) ----------
18:13:30  原文: "\bHighlight the \b&active \bcode \bline, gray level:"   [取文本 0ms, 焦点 Edit '\bHighlight the \b&a']
18:13:30  translate.py -> need=1  text="<strong>Highlight</strong> the <strong>active</strong> <strong>code</strong> <strong>line</strong>, gray level:"   [python 203ms]
18:13:30  翻译前基准: "<strong>Highlight</strong> the <strong>active</strong> <strong>code</strong> <strong>line</strong>, gray level:"   [粘贴 140ms, 取基准 0ms]
18:13:30  按翻译热键 (第 1 次, step 模式)   [全选+确认 297ms]
18:13:31      第 1 次轮询看到内容变了
18:13:32  译文已稳定 (轮询 4 次)
18:13:32      [等译文 0.83s, 轮询 4 次]
18:13:32  译文: "<strong>高亮</strong>显示<strong>活动</strong><strong>代码</strong><strong>行</strong>，灰度："
18:13:32  translateposthtml.py -> "\b高亮 显示\b活动 \b代码 \b行 ，灰度："   [python 93ms]
18:13:32      [粘回译文 141ms]
18:13:32      [回车+等下一个框 219ms]
18:13:32  ---------- 第 300 个文本框 (上一轮共 2.50s) ----------
18:13:32  原文: "\bOnly &when \bclicking on the statement \bhotspots"   [取文本 0ms, 焦点 Edit '\bOnly &when \bclick']
18:13:32  translate.py -> need=1  text="<strong>Only</strong> when <strong>clicking</strong> on the statement <strong>hotspots</strong>"   [python 234ms]
18:13:32  翻译前基准: "<strong>Only</strong> when <strong>clicking</strong> on the statement <strong>hotspots</strong>"   [粘贴 156ms, 取基准 0ms]
18:13:33  按翻译热键 (第 1 次, step 模式)   [全选+确认 297ms]
18:13:34      第 1 次轮询看到内容变了
18:13:34  译文已稳定 (轮询 3 次)
18:13:34      [等译文 0.61s, 轮询 3 次]
18:13:34  译文: "<strong>仅</strong>在<strong>点击</strong>语句<strong>热点</strong>时"
18:13:34  translateposthtml.py -> "\b仅 在\b点击 语句\b热点 时"   [python 109ms]
18:13:34      [粘回译文 157ms]
18:13:34      [回车+等下一个框 218ms]
18:13:34  ---------- 第 301 个文本框 (上一轮共 2.34s) ----------
18:13:34  原文: "Show \b&branch \blines"   [取文本 0ms, 焦点 Edit 'Show \b&branch \blin']
18:13:35  translate.py -> need=1  text="Show <strong>branch</strong> <strong>lines</strong>"   [python 219ms]
18:13:35  翻译前基准: "Show <strong>branch</strong> <strong>lines</strong>"   [粘贴 156ms, 取基准 0ms]
18:13:35  按翻译热键 (第 1 次, step 模式)   [全选+确认 297ms]
18:13:36      第 1 次轮询看到内容变了
18:13:36  译文已稳定 (轮询 2 次)
18:13:36      [等译文 0.45s, 轮询 2 次]
18:13:36  译文: "显示<strong>分支</strong><strong>线</strong>"
18:13:36  translateposthtml.py -> "显示\b分支 \b线 "   [python 94ms]
18:13:36      [粘回译文 156ms]
18:13:36      [回车+等下一个框 203ms]
18:13:36  ---------- 第 302 个文本框 (上一轮共 2.14s) ----------
18:13:36  原文: "Show \bhotspot \b&markers"   [取文本 0ms, 焦点 Edit 'Show \bhotspot \b&ma']
18:13:37  translate.py -> need=1  text="Show <strong>hotspot</strong> <strong>markers</strong>"   [python 203ms]
18:13:37  翻译前基准: "Show <strong>hotspot</strong> <strong>markers</strong>"   [粘贴 188ms, 取基准 0ms]
18:13:37  按翻译热键 (第 1 次, step 模式)   [全选+确认 297ms]
18:13:38      第 1 次轮询看到内容变了
18:13:38  译文已稳定 (轮询 2 次)
18:13:38      [等译文 0.47s, 轮询 2 次]
18:13:38  译文: "显示<strong>热点</strong><strong>标记</strong>"
18:13:38  translateposthtml.py -> "显示\b热点 \b标记 "   [python 109ms]
18:13:38      [粘回译文 141ms]
18:13:39      [回车+等下一个框 219ms]
18:13:39  ---------- 第 303 个文本框 (上一轮共 2.19s) ----------
18:13:39  原文: "\bOnly for statement blocks \b&larger \bthan \e20 lines"   [取文本 0ms, 焦点 Edit '\bOnly for statement']
18:13:39  translate.py -> need=0  text="\bOnly for statement blocks \b&larger \bthan \e20 lines"   [python 203ms]
18:13:39  不需要翻译 -> 直接回车
18:13:39      [回车+等下一个框 203ms]
18:13:39  ---------- 第 304 个文本框 (上一轮共 0.41s) ----------
18:13:39  原文: "Show \bend-of-line statement \b&details"   [取文本 0ms, 焦点 Edit 'Show \bend-of-line s']
18:13:39  translate.py -> need=1  text="Show <strong>end</strong>-of-line statement <strong>details</strong>"   [python 187ms]
18:13:39  翻译前基准: "Show <strong>end</strong>-of-line statement <strong>details</strong>"   [粘贴 172ms, 取基准 0ms]
18:13:40  按翻译热键 (第 1 次, step 模式)   [全选+确认 297ms]
18:13:41      第 1 次轮询看到内容变了
18:13:41  译文已稳定 (轮询 3 次)
18:13:41      [等译文 0.63s, 轮询 3 次]
18:13:41  译文: "显示<strong>行尾</strong>语句<strong>详细信息</strong>"
18:13:41  translateposthtml.py -> "显示\b行尾 语句\b详细信息 "   [python 110ms]
18:13:41      [粘回译文 140ms]
18:13:41      [回车+等下一个框 219ms]
18:13:41  ---------- 第 305 个文本框 (上一轮共 2.33s) ----------
18:13:41  原文: "The \bcontrols on this page are \bdisabled because the \bCode \bView \bAssistant \bis \bdisabled. Please use the "Code View Assistant - General" pane to change this."   [取文本 0ms, 焦点 Edit 'The \bcontrols on th']
18:13:42  translate.py -> need=1  text="The <strong>controls</strong> on this page are <strong>disabled</strong> because the <strong>Code</strong> <strong>View</strong> <strong>Assistant</strong> <strong>is</strong> <strong>disabled</strong>. Please use the "Code View Assistant - General" pane to change this."   [python 859ms]
18:13:42  翻译前基准: "The <strong>controls</strong> on this page are <strong>disabled</strong> because the <strong>Code</strong> <strong>View</strong> <strong>Assistant</strong> <strong>is</strong> <strong>disabled</strong>. Please use the "Code View Assistant - General" pane to change this."   [粘贴 172ms, 取基准 0ms]
18:13:43  按翻译热键 (第 1 次, step 模式)   [全选+确认 297ms]
18:13:44      第 1 次轮询看到内容变了
18:13:45  译文已稳定 (轮询 9 次)
18:13:45      [等译文 1.55s, 轮询 9 次]
18:13:45  译文: "此页上的<strong>控件</strong>被<strong>禁用，</strong>因为“<strong>代码</strong><strong>视图</strong><strong>助手</strong><strong>”被</strong><strong>禁用</strong>.请使用“代码视图助手-常规”窗格更改此设置。"
18:13:45  translateposthtml.py -> "此页上的\b控件 被\b禁用， 因为“\b代码 \b视图 \b助手 \b”被 \b禁用 .请使用“代码视图助手-常规”窗格更改此设置。"   [python 94ms]
18:13:45      [粘回译文 187ms]
18:13:45      [回车+等下一个框 203ms]
18:13:45  ---------- 第 306 个文本框 (上一轮共 3.94s) ----------
18:13:45  原文: "\b&Transparency \blevel (affects end-of-line details, hotspot markers, branch lines, righ hand separator):"   [取文本 0ms, 焦点 Edit '\b&Transparency \ble']
18:13:46  translate.py -> need=1  text="<strong>Transparency</strong> <strong>level</strong> (affects end-of-line details, hotspot markers, branch lines, righ hand separator):"   [python 204ms]
18:13:46  翻译前基准: "<strong>Transparency</strong> <strong>level</strong> (affects end-of-line details, hotspot markers, branch lines, righ hand separator):"   [粘贴 141ms, 取基准 0ms]
18:13:46  按翻译热键 (第 1 次, step 模式)   [全选+确认 297ms]
18:13:47      第 1 次轮询看到内容变了
18:13:47  译文已稳定 (轮询 4 次)
18:13:47      [等译文 0.80s, 轮询 4 次]
18:13:47  译文: "<strong>透明度</strong><strong>级别</strong>（影响行尾详细信息、热点标记、分支线、右侧分隔符）："
18:13:47  translateposthtml.py -> "\b透明度 \b级别 （影响行尾详细信息、热点标记、分支线、右侧分隔符）："   [python 109ms]
18:13:48      [粘回译文 156ms]
18:13:48      [回车+等下一个框 203ms]
18:13:48  ---------- 第 307 个文本框 (上一轮共 2.50s) ----------
18:13:48  原文: "\bM&aximum suggestion window \bwidth (in chars): \e75 (30 - 256)"   [取文本 0ms, 焦点 Edit '\bM&aximum suggestio']
18:13:48  translate.py -> need=0  text="\bM&aximum suggestion window \bwidth (in chars): \e75 (30 - 256)"   [python 188ms]
18:13:48  不需要翻译 -> 直接回车
18:13:48      [回车+等下一个框 218ms]
18:13:48  ---------- 第 308 个文本框 (上一轮共 0.44s) ----------
18:13:48  原文: "\b&Maximum suggestion window \bitem \bcount: \e20 (2 - 20)"   [取文本 0ms, 焦点 Edit '\b&Maximum suggestio']
18:13:48  translate.py -> need=0  text="\b&Maximum suggestion window \bitem \bcount: \e20 (2 - 20)"   [python 203ms]
18:13:48  不需要翻译 -> 直接回车
18:13:49      [回车+等下一个框 203ms]
18:13:49  ---------- 第 309 个文本框 (上一轮共 0.41s) ----------
18:13:49  原文: "Show \b&user \bdefined \bitems"   [取文本 0ms, 焦点 Edit 'Show \b&user \bdefin']
18:13:49  translate.py -> need=1  text="Show <strong>user</strong> <strong>defined</strong> <strong>items</strong>"   [python 219ms]
18:13:49  翻译前基准: "Show <strong>user</strong> <strong>defined</strong> <strong>items</strong>"   [粘贴 156ms, 取基准 0ms]
18:13:49  按翻译热键 (第 1 次, step 模式)   [全选+确认 297ms]
18:13:50      第 1 次轮询看到内容变了
18:13:51  译文已稳定 (轮询 4 次)
18:13:51      [等译文 0.77s, 轮询 4 次]
18:13:51  译文: "显示<strong>用户</strong><strong>定义</strong><strong>的项目</strong>"
18:13:51  translateposthtml.py -> "显示\b用户 \b定义 \b的项目 "   [python 109ms]
18:13:51      [粘回译文 141ms]
18:13:51      [回车+等下一个框 234ms]
18:13:51  ---------- 第 310 个文本框 (上一轮共 2.50s) ----------
18:13:51  原文: "Show additional Visual Basic \b&keywords \band \bstatements"   [取文本 0ms, 焦点 Edit 'Show additional Visu']
18:13:51  translate.py -> need=1  text="Show additional Visual Basic <strong>keywords</strong> <strong>and</strong> <strong>statements</strong>"   [python 203ms]
18:13:52  翻译前基准: "Show additional Visual Basic <strong>keywords</strong> <strong>and</strong> <strong>statements</strong>"   [粘贴 141ms, 取基准 0ms]
18:13:52  按翻译热键 (第 1 次, step 模式)   [全选+确认 296ms]
18:13:53      第 1 次轮询看到内容变了
18:13:53  译文已稳定 (轮询 5 次)
18:13:53      [等译文 0.95s, 轮询 5 次]
18:13:53  译文: "显示其他Visual Basic<strong>关键字</strong><strong>和</strong><strong>语句</strong>"
18:13:53  translateposthtml.py -> "显示其他Visual Basic\b关键字 \b和 \b语句 "   [python 93ms]
18:13:54      [粘回译文 157ms]
18:13:54      [回车+等下一个框 218ms]
18:13:54  ---------- 第 311 个文本框 (上一轮共 2.66s) ----------
18:13:54  原文: "Show Visual Basic \bco&ntrol \bstatements"   [取文本 0ms, 焦点 Edit 'Show Visual Basic \b']
18:13:54  translate.py -> need=1  text="Show Visual Basic <strong>control</strong> <strong>statements</strong>"   [python 188ms]
18:13:54  翻译前基准: "Show Visual Basic <strong>control</strong> <strong>statements</strong>"   [粘贴 141ms, 取基准 0ms]
18:13:54  按翻译热键 (第 1 次, step 模式)   [全选+确认 312ms]
18:13:55      第 1 次轮询看到内容变了
18:13:56  译文已稳定 (轮询 2 次)
18:13:56      [等译文 0.49s, 轮询 2 次]
18:13:56  译文: "显示Visual Basic<strong>控制</strong><strong>语句</strong>"
18:13:56  translateposthtml.py -> "显示Visual Basic\b控制 \b语句 "   [python 109ms]
18:13:56      [粘回译文 172ms]
18:13:56      [回车+等下一个框 203ms]
18:13:56  ---------- 第 312 个文本框 (上一轮共 2.19s) ----------
18:13:56  原文: "\b&Enable the SmartComplete suggestion window"   [取文本 0ms, 焦点 Edit '\b&Enable the SmartC']
18:13:56  translate.py -> need=1  text="<strong>Enable</strong> the SmartComplete suggestion window"   [python 203ms]
18:13:56  翻译前基准: "<strong>Enable</strong> the SmartComplete suggestion window"   [粘贴 141ms, 取基准 0ms]
18:13:57  按翻译热键 (第 1 次, step 模式)   [全选+确认 297ms]
18:13:58      第 1 次轮询看到内容变了
18:13:58  译文已稳定 (轮询 2 次)
18:13:58      [等译文 0.47s, 轮询 2 次]
18:13:58  译文: "<strong>启用</strong>SmartComplete建议窗口"
18:13:58  translateposthtml.py -> "\b启用 SmartComplete建议窗口"   [python 94ms]
18:13:58      [粘回译文 156ms]
18:13:58      [回车+等下一个框 203ms]
18:13:58  ---------- 第 313 个文本框 (上一轮共 2.13s) ----------
18:13:58  原文: "\bKeyboard \bcode \bediting: Return, Delete, Backspace"   [取文本 0ms, 焦点 Edit '\bKeyboard \bcode \b']
18:13:59  translate.py -> need=1  text="<strong>Keyboard</strong> <strong>code</strong> <strong>editing</strong>: Return, Delete, Backspace"   [python 969ms]
18:13:59  翻译前基准: "<strong>Keyboard</strong> <strong>code</strong> <strong>editing</strong>: Return, Delete, Backspace"   [粘贴 156ms, 取基准 0ms]
18:14:00  按翻译热键 (第 1 次, step 模式)   [全选+确认 297ms]
18:14:00      第 1 次轮询看到内容变了
18:14:01  译文已稳定 (轮询 4 次)
18:14:01      [等译文 0.77s, 轮询 4 次]
18:14:01  译文: "<strong>键盘</strong><strong>代码</strong><strong>编辑</strong>：返回，删除，退格键"
18:14:01  translateposthtml.py -> "\b键盘 \b代码 \b编辑 ：返回，删除，退格键"   [python 78ms]
18:14:01      [粘回译文 187ms]
18:14:01      [回车+等下一个框 235ms]
18:14:01  ---------- 第 314 个文本框 (上一轮共 3.27s) ----------
18:14:01  原文: "\bKeyboard \bnavigation: KeyUp, KeyDown, Home, End, PgUp, PgDown"   [取文本 0ms, 焦点 Edit '\bKeyboard \bnavigat']
18:14:02  translate.py -> need=1  text="<strong>Keyboard</strong> <strong>navigation</strong>: KeyUp, KeyDown, Home, End, PgUp, PgDown"   [python 953ms]
18:14:03  翻译前基准: "<strong>Keyboard</strong> <strong>navigation</strong>: KeyUp, KeyDown, Home, End, PgUp, PgDown"   [粘贴 156ms, 取基准 0ms]
18:14:03  按翻译热键 (第 1 次, step 模式)   [全选+确认 297ms]
18:14:04      第 1 次轮询看到内容变了
18:14:04  译文已稳定 (轮询 3 次)
18:14:04      [等译文 0.64s, 轮询 3 次]
18:14:04  译文: "<strong>键盘</strong><strong>导航</strong>：向上键，向下键，主页，结束，翻页，翻页"
18:14:04  translateposthtml.py -> "\b键盘 \b导航 ：向上键，向下键，主页，结束，翻页，翻页"   [python 109ms]
18:14:04      [粘回译文 172ms]
18:14:05      [回车+等下一个框 219ms]
18:14:05  ---------- 第 315 个文本框 (上一轮共 3.14s) ----------
18:14:05  原文: "\bVertical \bscrollbar navigation (recommended)"   [取文本 0ms, 焦点 Edit '\bVertical \bscrollb']
18:14:05  translate.py -> need=1  text="<strong>Vertical</strong> <strong>scrollbar</strong> navigation (recommended)"   [python 828ms]
18:14:06  翻译前基准: "<strong>Vertical</strong> <strong>scrollbar</strong> navigation (recommended)"   [粘贴 172ms, 取基准 0ms]
18:14:06  按翻译热键 (第 1 次, step 模式)   [全选+确认 313ms]
18:14:07      第 1 次轮询看到内容变了
18:14:07  译文已稳定 (轮询 3 次)
18:14:07      [等译文 0.61s, 轮询 3 次]
18:14:07  译文: "<strong>垂直</strong><strong>滚动条</strong>导航（推荐）"
18:14:07  translateposthtml.py -> "\b垂直 \b滚动条 导航（推荐）"   [python 109ms]
18:14:07      [粘回译文 157ms]
18:14:08      [回车+等下一个框 218ms]
18:14:08  ---------- 第 316 个文本框 (上一轮共 2.95s) ----------
18:14:08  原文: "\bMouse \bscrollwheel navigation (recommended)"   [取文本 0ms, 焦点 Edit '\bMouse \bscrollwhee']
18:14:08  translate.py -> need=1  text="<strong>Mouse</strong> <strong>scrollwheel</strong> navigation (recommended)"   [python 828ms]
18:14:08  翻译前基准: "<strong>Mouse</strong> <strong>scrollwheel</strong> navigation (recommended)"   [粘贴 141ms, 取基准 0ms]
18:14:09  按翻译热键 (第 1 次, step 模式)   [全选+确认 297ms]
18:14:10      第 1 次轮询看到内容变了
18:14:10  译文已稳定 (轮询 4 次)
18:14:10      [等译文 0.77s, 轮询 4 次]
18:14:10  译文: "<strong>鼠标</strong><strong>滚轮</strong>导航（推荐）"
18:14:10  translateposthtml.py -> "\b鼠标 \b滚轮 导航（推荐）"   [python 125ms]
18:14:10      [粘回译文 156ms]
18:14:11      [回车+等下一个框 203ms]
18:14:11  ---------- 第 317 个文本框 (上一轮共 3.08s) ----------
18:14:11  原文: "\b&Do \bnot \bprocess methods \blarger than \e500 lines"   [取文本 0ms, 焦点 Edit '\b&Do \bnot \bproces']
18:14:11  translate.py -> need=0  text="\b&Do \bnot \bprocess methods \blarger than \e500 lines"   [python 219ms]
18:14:11  不需要翻译 -> 直接回车
18:14:11      [回车+等下一个框 203ms]
18:14:11  ---------- 第 318 个文本框 (上一轮共 0.42s) ----------
18:14:11  原文: "Current level: Will process methods with complexity up to extremely large."   [取文本 0ms, 焦点 Edit 'Current level: Will ']
18:14:12  translate.py -> need=1  text="Current level: Will process methods with complexity up to extremely large."   [python 828ms]
18:14:12  翻译前基准: "Current level: Will process methods with complexity up to extremely large."   [粘贴 141ms, 取基准 0ms]
18:14:12  按翻译热键 (第 1 次, step 模式)   [全选+确认 297ms]
18:14:13      第 1 次轮询看到内容变了
18:14:13  译文已稳定 (轮询 2 次)
18:14:13      [等译文 0.45s, 轮询 2 次]
18:14:13  译文: "当前等级：将处理复杂度达到极大的方法。"
18:14:13  translateposthtml.py -> "当前等级：将处理复杂度达到极大的方法。"   [python 94ms]
18:14:14      [粘回译文 156ms]
18:14:14      [回车+等下一个框 219ms]
18:14:14  ---------- 第 319 个文本框 (上一轮共 2.77s) ----------
18:14:14  原文: "he Code View Assistant \bhas \bto \bparse \bcode in order to do its wizardry, proces"   [取文本 0ms, 焦点 Edit 'he Code View Assista']
18:14:15  translate.py -> need=1  text="he Code View Assistant <strong>has</strong> <strong>to</strong> <strong>parse</strong> <strong>code</strong> in order to do its wizardry, proces"   [python 812ms]
18:14:15  翻译前基准: "he Code View Assistant <strong>has</strong> <strong>to</strong> <strong>parse</strong> <strong>code</strong> in order to do its wizardry, proces"   [粘贴 141ms, 取基准 0ms]
18:14:15  按翻译热键 (第 1 次, step 模式)   [全选+确认 297ms]
18:14:16      第 1 次轮询看到内容变了
18:14:17  译文已稳定 (轮询 5 次)
18:14:17      [等译文 0.92s, 轮询 5 次]
18:14:17  译文: "代码查看助手<strong>必须</strong><strong>解析</strong><strong>代码</strong>，以便执行其功能、处理<strong></strong>"
18:14:17  translateposthtml.py -> "代码查看助手\b必须 \b解析 \b代码 ，以便执行其功能、处理"   [python 125ms]
18:14:17      [粘回译文 157ms]
18:14:17      [回车+等下一个框 218ms]
18:14:17  ---------- 第 320 个文本框 (上一轮共 3.23s) ----------
18:14:17  原文: " which obviously \bconsumes \bCPU \bticks. Please use the below slider to \badjust \bselectivity based on \bprocedu"   [取文本 0ms, 焦点 Edit ' which obviously \bc']
18:14:18  translate.py -> need=1  text=" which obviously <strong>consumes</strong> <strong>CPU</strong> <strong>ticks</strong>. Please use the below slider to <strong>adjust</strong> <strong>selectivity</strong> based on <strong>procedu</strong>"   [python 782ms]
18:14:18  翻译前基准: " which obviously <strong>consumes</strong> <strong>CPU</strong> <strong>ticks</strong>. Please use the below slider to <strong>adjust</strong> <strong>selectivity</strong> based on <strong>procedu</strong>"   [粘贴 171ms, 取基准 0ms]
18:14:18  按翻译热键 (第 1 次, step 模式)   [全选+确认 297ms]
18:14:19      第 1 次轮询看到内容变了
18:14:20  译文已稳定 (轮询 8 次)
18:14:20      [等译文 1.45s, 轮询 8 次]
18:14:20  译文: "这显然<strong>会消耗</strong><strong>CPU</strong><strong>时间</strong>。请使用下面的滑块根据<strong>进程</strong><strong>调整</strong><strong>选择性</strong>"
18:14:20  translateposthtml.py -> "这显然\b会消耗 \bCPU \b时间 。请使用下面的滑块根据\b进程 \b调整 \b选择性 "   [python 110ms]
18:14:21      [粘回译文 187ms]
18:14:21      [回车+等下一个框 219ms]
18:14:21  ---------- 第 321 个文本框 (上一轮共 3.77s) ----------
18:14:21  原文: "\bcomplexity. We recommend to st"   [取文本 0ms, 焦点 Edit '\bcomplexity. We rec']
18:14:22  translate.py -> need=1  text="<strong>complexity</strong>. We recommend to st"   [python 797ms]
18:14:22  翻译前基准: "<strong>complexity</strong>. We recommend to st"   [粘贴 156ms, 取基准 0ms]
18:14:22  按翻译热键 (第 1 次, step 模式)   [全选+确认 297ms]
18:14:23      第 1 次轮询看到内容变了
18:14:23  译文已稳定 (轮询 2 次)
18:14:23      [等译文 0.47s, 轮询 2 次]
18:14:23  译文: "<strong>复杂</strong>性我们推荐给St"
18:14:23  translateposthtml.py -> "\b复杂 性我们推荐给St"   [python 63ms]
18:14:23      [粘回译文 140ms]
18:14:23      [回车+等下一个框 203ms]
18:14:23  ---------- 第 322 个文本框 (上一轮共 2.70s) ----------
18:14:23  原文: "\bUpdate the code view assistant state in \bresponse \bto:"   [取文本 0ms, 焦点 Edit '\bUpdate the code vi']
18:14:24  translate.py -> need=1  text="<strong>Update</strong> the code view assistant state in <strong>response</strong> <strong>to</strong>:"   [python 813ms]
18:14:24  翻译前基准: "<strong>Update</strong> the code view assistant state in <strong>response</strong> <strong>to</strong>:"   [粘贴 140ms, 取基准 0ms]
18:14:25  按翻译热键 (第 1 次, step 模式)   [全选+确认 313ms]
18:14:26      第 1 次轮询看到内容变了
18:14:26  译文已稳定 (轮询 3 次)
18:14:26      [等译文 0.61s, 轮询 3 次]
18:14:26  译文: "<strong>更新</strong>代码视图助手状态以<strong>响应</strong>：<strong></strong>"
18:14:26  translateposthtml.py -> "\b更新 代码视图助手状态以\b响应 ："   [python 62ms]
18:14:26      [粘回译文 157ms]
18:14:26      [回车+等下一个框 203ms]
18:14:26  ---------- 第 323 个文本框 (上一轮共 2.84s) ----------
18:14:26  原文: "\bAl&ways \bcenter dialogs on the current display (recommended for \bmultiple \bmonitor display configurations)"   [取文本 0ms, 焦点 Edit '\bAl&ways \bcenter d']
18:14:27  translate.py -> need=1  text="<strong>Always</strong> <strong>center</strong> dialogs on the current display (recommended for <strong>multiple</strong> <strong>monitor</strong> display configurations)"   [python 203ms]
18:14:27  翻译前基准: "<strong>Always</strong> <strong>center</strong> dialogs on the current display (recommended for <strong>multiple</strong> <strong>monitor</strong> display configurations)"   [粘贴 141ms, 取基准 0ms]
18:14:27  按翻译热键 (第 1 次, step 模式)   [全选+确认 296ms]
18:14:28      第 3 次轮询看到内容变了
18:14:29  译文已稳定 (轮询 8 次)
18:14:29      [等译文 1.42s, 轮询 8 次]
18:14:29  译文: "<strong>始终将对话框置于当前显示的中心（建议用于多个监视器显示配置）</strong><strong></strong><strong></strong><strong></strong>"
18:14:29  translateposthtml.py -> "\b始终将对话框置于当前显示的中心（建议用于多个监视器显示配置） "   [python 110ms]
18:14:29      [粘回译文 140ms]
18:14:29      [回车+等下一个框 203ms]
18:14:29  ---------- 第 324 个文本框 (上一轮共 3.06s) ----------
18:14:29  原文: "\b&Always \bsave/restore dialog positions (recommended for \bsingle \bmonitor display configurations)"   [取文本 0ms, 焦点 Edit '\b&Always \bsave/res']
18:14:30  translate.py -> need=1  text="<strong>Always</strong> <strong>save</strong>/restore dialog positions (recommended for <strong>single</strong> <strong>monitor</strong> display configurations)"   [python 188ms]
18:14:30  翻译前基准: "<strong>Always</strong> <strong>save</strong>/restore dialog positions (recommended for <strong>single</strong> <strong>monitor</strong> display configurations)"   [粘贴 156ms, 取基准 0ms]
18:14:30  按翻译热键 (第 1 次, step 模式)   [全选+确认 297ms]
18:14:31      第 1 次轮询看到内容变了
18:14:32  译文已稳定 (轮询 6 次)
18:14:32      [等译文 1.09s, 轮询 6 次]
18:14:32  译文: "<strong>始终</strong><strong>保存</strong>/恢复对话框位置（建议用于<strong>单</strong><strong>监视器</strong>显示配置）"
18:14:32  translateposthtml.py -> "\b始终 \b保存 /恢复对话框位置（建议用于\b单 \b监视器 显示配置）"   [python 94ms]
18:14:32      [粘回译文 141ms]
18:14:32      [回车+等下一个框 203ms]
18:14:32  ---------- 第 325 个文本框 (上一轮共 2.74s) ----------
18:14:32  原文: "The monitor containing the \bactive \b&Visual \bBasic main window"   [取文本 0ms, 焦点 Edit 'The monitor containi']
18:14:32  translate.py -> need=1  text="The monitor containing the <strong>active</strong> <strong>Visual</strong> <strong>Basic</strong> main window"   [python 218ms]
18:14:33  翻译前基准: "The monitor containing the <strong>active</strong> <strong>Visual</strong> <strong>Basic</strong> main window"   [粘贴 172ms, 取基准 0ms]
18:14:33  按翻译热键 (第 1 次, step 模式)   [全选+确认 297ms]
18:14:34      第 1 次轮询看到内容变了
18:14:34  译文已稳定 (轮询 4 次)
18:14:34      [等译文 0.77s, 轮询 4 次]
18:14:34  译文: "包含<strong>活动</strong><strong>Visual</strong><strong>Basic</strong>主窗口"
18:14:34  translateposthtml.py -> "包含\b活动 \bVisual \bBasic 主窗口"   [python 93ms]
18:14:34      [粘回译文 204ms]
18:14:35      [回车+等下一个框 203ms]
18:14:35  ---------- 第 326 个文本框 (上一轮共 2.50s) ----------
18:14:35  原文: "The monitor containing the \b&mouse \bcursor"   [取文本 0ms, 焦点 Edit 'The monitor containi']
18:14:35  translate.py -> need=1  text="The monitor containing the <strong>mouse</strong> <strong>cursor</strong>"   [python 234ms]
18:14:35  翻译前基准: "The monitor containing the <strong>mouse</strong> <strong>cursor</strong>"   [粘贴 141ms, 取基准 0ms]
18:14:35  按翻译热键 (第 1 次, step 模式)   [全选+确认 297ms]
18:14:36      第 1 次轮询看到内容变了
18:14:36  译文已稳定 (轮询 2 次)
18:14:36      [等译文 0.45s, 轮询 2 次]
18:14:36  译文: "包含<strong>鼠标</strong><strong>光标</strong>"
18:14:36  translateposthtml.py -> "包含\b鼠标 \b光标 "   [python 110ms]
18:14:37      [粘回译文 171ms]
18:14:37      [回车+等下一个框 235ms]
18:14:37  ---------- 第 327 个文本框 (上一轮共 2.22s) ----------
18:14:37  原文: "The term \bcurrent \bdisplay signifies:"   [取文本 0ms, 焦点 Edit 'The term \bcurrent \']
18:14:38  translate.py -> need=1  text="The term <strong>current</strong> <strong>display</strong> signifies:"   [python 875ms]
18:14:38  翻译前基准: "The term <strong>current</strong> <strong>display</strong> signifies:"   [粘贴 141ms, 取基准 0ms]
18:14:38  按翻译热键 (第 1 次, step 模式)   [全选+确认 297ms]
18:14:39      第 1 次轮询看到内容变了
18:14:39  译文已稳定 (轮询 3 次)
18:14:39      [等译文 0.63s, 轮询 3 次]
18:14:39  译文: "术语<strong>电流</strong><strong>显示</strong>表示："
18:14:39  translateposthtml.py -> "术语\b电流 \b显示 表示："   [python 93ms]
18:14:40      [粘回译文 156ms]
18:14:40      [回车+等下一个框 203ms]
18:14:40  ---------- 第 328 个文本框 (上一轮共 3.00s) ----------
18:14:40  原文: "\bFont \bsize (explorer toolwindows and immediate window tabs):"   [取文本 0ms, 焦点 Edit '\bFont \bsize (explo']
18:14:41  translate.py -> need=1  text="<strong>Font</strong> <strong>size</strong> (explorer toolwindows and immediate window tabs):"   [python 844ms]
18:14:41  翻译前基准: "<strong>Font</strong> <strong>size</strong> (explorer toolwindows and immediate window tabs):"   [粘贴 156ms, 取基准 0ms]
18:14:41  按翻译热键 (第 1 次, step 模式)   [全选+确认 313ms]
18:14:42      第 1 次轮询看到内容变了
18:14:42  译文已稳定 (轮询 3 次)
18:14:42      [等译文 0.63s, 轮询 3 次]
18:14:42  译文: "<strong>字体</strong><strong>大小</strong>（资源管理器工具窗口和直接窗口选项卡）："
18:14:42  translateposthtml.py -> "\b字体 \b大小 （资源管理器工具窗口和直接窗口选项卡）："   [python 125ms]
18:14:43      [粘回译文 141ms]
18:14:43      [回车+等下一个框 203ms]
18:14:43  ---------- 第 329 个文本框 (上一轮共 2.97s) ----------
18:14:43  原文: "Choose the \bfont \bcharacter \bset to be used in CodeSMART \bdialog \bwindows (especially useful on \bnon-english systems):"   [取文本 0ms, 焦点 Edit 'Choose the \bfont \b']
18:14:44  translate.py -> need=1  text="Choose the <strong>font</strong> <strong>character</strong> <strong>set</strong> to be used in CodeSMART <strong>dialog</strong> <strong>windows</strong> (especially useful on <strong>non</strong>-english systems):"   [python 922ms]
18:14:44  翻译前基准: "Choose the <strong>font</strong> <strong>character</strong> <strong>set</strong> to be used in CodeSMART <strong>dialog</strong> <strong>windows</strong> (especially useful on <strong>non</strong>-english systems):"   [粘贴 156ms, 取基准 0ms]
18:14:44  按翻译热键 (第 1 次, step 模式)   [全选+确认 297ms]
18:14:45      第 1 次轮询看到内容变了
18:14:46  译文已稳定 (轮询 7 次)
18:14:46      [等译文 1.26s, 轮询 7 次]
18:14:46  译文: "选择要在CodeSMART<strong>对话框</strong><strong>窗口</strong>中使用的<strong>字体</strong><strong>字符</strong><strong>集</strong>（在<strong>非</strong>英语系统上特别有用）："
18:14:46  translateposthtml.py -> "选择要在CodeSMART\b对话框 \b窗口 中使用的\b字体 \b字符 \b集 （在\b非 英语系统上特别有用）："   [python 110ms]
18:14:46      [粘回译文 140ms]
18:14:47      [回车+等下一个框 203ms]
18:14:47  ---------- 第 330 个文本框 (上一轮共 3.70s) ----------
18:14:47  原文: "&Apply Project Explorer \bfilter settings in the Navigation Helper \bPanes"   [取文本 0ms, 焦点 Edit '&Apply Project Explo']
18:14:47  translate.py -> need=1  text="Apply Project Explorer <strong>filter</strong> settings in the Navigation Helper <strong>Panes</strong>"   [python 203ms]
18:14:47  翻译前基准: "Apply Project Explorer <strong>filter</strong> settings in the Navigation Helper <strong>Panes</strong>"   [粘贴 156ms, 取基准 0ms]
18:14:47  按翻译热键 (第 1 次, step 模式)   [全选+确认 297ms]
18:14:48      第 1 次轮询看到内容变了
18:14:49  译文已稳定 (轮询 4 次)
18:14:49      [等译文 0.78s, 轮询 4 次]
18:14:49  译文: "在“导航帮助程序<strong>”窗格</strong>中应用项目资源管理器<strong>筛选器</strong>设置"
18:14:49  translateposthtml.py -> "在“导航帮助程序\b”窗格 中应用项目资源管理器\b筛选器 设置"   [python 94ms]
18:14:49      [粘回译文 140ms]
18:14:49      [回车+等下一个框 219ms]
18:14:49  ---------- 第 331 个文本框 (上一轮共 2.45s) ----------
18:14:49  原文: "\b&Synchronize the corresponding Project Explorer node"   [取文本 0ms, 焦点 Edit '\b&Synchronize the c']
18:14:49  translate.py -> need=1  text="<strong>Synchronize</strong> the corresponding Project Explorer node"   [python 219ms]
18:14:49  翻译前基准: "<strong>Synchronize</strong> the corresponding Project Explorer node"   [粘贴 140ms, 取基准 0ms]
18:14:50  按翻译热键 (第 1 次, step 模式)   [全选+确认 297ms]
18:14:51      第 1 次轮询看到内容变了
18:14:51  译文已稳定 (轮询 2 次)
18:14:51      [等译文 0.49s, 轮询 2 次]
18:14:51  译文: "<strong>删除</strong>相应的项目资源管理器节点"
18:14:51  translateposthtml.py -> "\b删除 相应的项目资源管理器节点"   [python 109ms]
18:14:51      [粘回译文 141ms]
18:14:51      [回车+等下一个框 203ms]
18:14:51  ---------- 第 332 个文本框 (上一轮共 2.17s) ----------
18:14:51  原文: "\bOpen the corresponding component code or &designer window"   [取文本 0ms, 焦点 Edit '\bOpen the correspon']
18:14:51  translate.py -> need=1  text="<strong>Open</strong> the corresponding component code or designer window"   [python 219ms]
18:14:52  翻译前基准: "<strong>Open</strong> the corresponding component code or designer window"   [粘贴 156ms, 取基准 0ms]
18:14:52  按翻译热键 (第 1 次, step 模式)   [全选+确认 297ms]
18:14:53      第 1 次轮询看到内容变了
18:14:53  译文已稳定 (轮询 3 次)
18:14:53      [等译文 0.64s, 轮询 3 次]
18:14:53  译文: "<strong>打开</strong>相应的组件代码或设计器窗口"
18:14:53  translateposthtml.py -> "\b打开 相应的组件代码或设计器窗口"   [python 94ms]
18:14:53      [粘回译文 172ms]
18:14:53      [回车+等下一个框 203ms]
18:14:53  ---------- 第 333 个文本框 (上一轮共 2.33s) ----------
18:14:53  原文: "Maximum number of \bvisible \bhistory \bitems: \e10 (must be between 2 and 20)."   [取文本 0ms, 焦点 Edit 'Maximum number of \b']
18:14:54  translate.py -> need=0  text="Maximum number of \bvisible \bhistory \bitems: \e10 (must be between 2 and 20)."   [python 922ms]
18:14:54  不需要翻译 -> 直接回车
18:14:55      [回车+等下一个框 203ms]
18:14:55  ---------- 第 334 个文本框 (上一轮共 1.14s) ----------
18:14:55  原文: "\bCode \bediting (only at procedure level)"   [取文本 0ms, 焦点 Edit '\bCode \bediting (on']
18:14:56  translate.py -> need=1  text="<strong>Code</strong> <strong>editing</strong> (only at procedure level)"   [python 1015ms]
18:14:56  翻译前基准: "<strong>Code</strong> <strong>editing</strong> (only at procedure level)"   [粘贴 141ms, 取基准 0ms]
18:14:56  按翻译热键 (第 1 次, step 模式)   [全选+确认 297ms]
18:14:57      第 1 次轮询看到内容变了
18:14:57  译文已稳定 (轮询 3 次)
18:14:57      [等译文 0.61s, 轮询 3 次]
18:14:57  译文: "<strong>代码</strong><strong>编辑</strong>（仅在过程级别）"
18:14:57  translateposthtml.py -> "\b代码 \b编辑 （仅在过程级别）"   [python 110ms]
18:14:58      [粘回译文 156ms]
18:14:58      [回车+等下一个框 203ms]
18:14:58  ---------- 第 335 个文本框 (上一轮共 3.16s) ----------
18:14:58  原文: "\bResult \blist \bnavigation (double-click in an Immediate Window pane list)"   [取文本 0ms, 焦点 Edit '\bResult \blist \bna']
18:14:59  translate.py -> need=1  text="<strong>Result</strong> <strong>list</strong> <strong>navigation</strong> (double-click in an Immediate Window pane list)"   [python 859ms]
18:14:59  翻译前基准: "<strong>Result</strong> <strong>list</strong> <strong>navigation</strong> (double-click in an Immediate Window pane list)"   [粘贴 141ms, 取基准 0ms]
18:14:59  按翻译热键 (第 1 次, step 模式)   [全选+确认 312ms]
18:15:00      第 1 次轮询看到内容变了
18:15:00  译文已稳定 (轮询 4 次)
18:15:00      [等译文 0.80s, 轮询 4 次]
18:15:00  译文: "<strong>结果</strong><strong>列表</strong><strong>导航</strong>（在“即时窗口”窗格列表中双击）"
18:15:01  translateposthtml.py -> "\b结果 \b列表 \b导航 （在“即时窗口”窗格列表中双击）"   [python 110ms]
18:15:01      [粘回译文 140ms]
18:15:01      [回车+等下一个框 203ms]
18:15:01  ---------- 第 336 个文本框 (上一轮共 3.11s) ----------
18:15:01  原文: "\bProject \bExplorer \bnavigation (node double-click/open in tree)"   [取文本 0ms, 焦点 Edit '\bProject \bExplorer']
18:15:02  translate.py -> need=1  text="<strong>Project</strong> <strong>Explorer</strong> <strong>navigation</strong> (node double-click/open in tree)"   [python 860ms]
18:15:02  翻译前基准: "<strong>Project</strong> <strong>Explorer</strong> <strong>navigation</strong> (node double-click/open in tree)"   [粘贴 156ms, 取基准 0ms]
18:15:02  按翻译热键 (第 1 次, step 模式)   [全选+确认 297ms]
18:15:03      第 1 次轮询看到内容变了
18:15:04  译文已稳定 (轮询 5 次)
18:15:04      [等译文 0.94s, 轮询 5 次]
18:15:04  译文: "<strong>项目</strong><strong>浏览器</strong><strong>导航</strong>（在树中双击/打开节点）"
18:15:04  translateposthtml.py -> "\b项目 \b浏览器 \b导航 （在树中双击/打开节点）"   [python 94ms]
18:15:04      [粘回译文 172ms]
18:15:04      [回车+等下一个框 203ms]
18:15:04  ---------- 第 337 个文本框 (上一轮共 3.27s) ----------
18:15:04  原文: "Besides code items, also \badd \bcomponents to the \bHistory \bPane"   [取文本 0ms, 焦点 Edit 'Besides code items, ']
18:15:05  translate.py -> need=1  text="Besides code items, also <strong>add</strong> <strong>components</strong> to the <strong>History</strong> <strong>Pane</strong>"   [python 890ms]
18:15:05  翻译前基准: "Besides code items, also <strong>add</strong> <strong>components</strong> to the <strong>History</strong> <strong>Pane</strong>"   [粘贴 172ms, 取基准 0ms]
18:15:06  按翻译热键 (第 1 次, step 模式)   [全选+确认 297ms]
18:15:06      第 1 次轮询看到内容变了
18:15:07  译文已稳定 (轮询 5 次)
18:15:07      [等译文 0.97s, 轮询 5 次]
18:15:07  译文: "除了代码项之外，还可以<strong>将</strong><strong>组件</strong>添加到“<strong>历史</strong><strong>记录”中</strong>"
18:15:07  translateposthtml.py -> "除了代码项之外，还可以\b将 \b组件 添加到“\b历史 \b记录”中 "   [python 94ms]
18:15:07      [粘回译文 156ms]
18:15:08      [回车+等下一个框 235ms]
18:15:08  ---------- 第 338 个文本框 (上一轮共 3.39s) ----------
18:15:08  原文: "When \bviewing a procedure for \bmore \bthan \e10 seconds"   [取文本 0ms, 焦点 Edit 'When \bviewing a pro']
18:15:08  translate.py -> need=0  text="When \bviewing a procedure for \bmore \bthan \e10 seconds"   [python 828ms]
18:15:08  不需要翻译 -> 直接回车
18:15:09      [回车+等下一个框 203ms]
18:15:09  ---------- 第 339 个文本框 (上一轮共 1.03s) ----------
18:15:09  原文: "\bShow \bwarning messages when '.csi' files are \bread-only"   [取文本 0ms, 焦点 Edit '\bShow \bwarning mes']
18:15:10  translate.py -> need=1  text="<strong>Show</strong> <strong>warning</strong> messages when '.csi' files are <strong>read</strong>-only"   [python 922ms]
18:15:10  翻译前基准: "<strong>Show</strong> <strong>warning</strong> messages when '.csi' files are <strong>read</strong>-only"   [粘贴 140ms, 取基准 0ms]
18:15:10  按翻译热键 (第 1 次, step 模式)   [全选+确认 297ms]
18:15:11      第 1 次轮询看到内容变了
18:15:11  译文已稳定 (轮询 4 次)
18:15:11      [等译文 0.77s, 轮询 4 次]
18:15:11  译文: "“.csi”文件为只读时<strong>显示</strong><strong>警告</strong><strong></strong>"
18:15:11  translateposthtml.py -> "“.csi”文件为只读时\b显示 \b警告 "   [python 93ms]
18:15:11      [粘回译文 141ms]
18:15:12      [回车+等下一个框 203ms]
18:15:12  ---------- 第 340 个文本框 (上一轮共 3.11s) ----------
18:15:12  原文: "As you work, \bnew \bhistory \bitems will be recorded as a result of these \bevents:"   [取文本 0ms, 焦点 Edit 'As you work, \bnew \']
18:15:13  translate.py -> need=1  text="As you work, <strong>new</strong> <strong>history</strong> <strong>items</strong> will be recorded as a result of these <strong>events</strong>:"   [python 891ms]
18:15:13  翻译前基准: "As you work, <strong>new</strong> <strong>history</strong> <strong>items</strong> will be recorded as a result of these <strong>events</strong>:"   [粘贴 156ms, 取基准 0ms]
18:15:13  按翻译热键 (第 1 次, step 模式)   [全选+确认 297ms]
18:15:14      第 1 次轮询看到内容变了
18:15:15  译文已稳定 (轮询 5 次)
18:15:15      [等译文 0.95s, 轮询 5 次]
18:15:15  译文: "在您工作时，由于这些<strong>事件，</strong>将记录<strong>新</strong><strong>的历史</strong><strong>记录项</strong>："
18:15:15  translateposthtml.py -> "在您工作时，由于这些\b事件， 将记录\b新 \b的历史 \b记录项 ："   [python 109ms]
18:15:15      [粘回译文 141ms]
18:15:15      [回车+等下一个框 203ms]
18:15:15  ---------- 第 341 个文本框 (上一轮共 3.36s) ----------
18:15:15  原文: "D&efault node \bdouble-click \bbehavior for Navigation Helper Pane (History, Node Search, Workbench):"   [取文本 0ms, 焦点 Edit 'D&efault node \bdoub']
18:15:15  translate.py -> need=1  text="Default node <strong>double</strong>-click <strong>behavior</strong> for Navigation Helper Pane (History, Node Search, Workbench):"   [python 203ms]
18:15:15  翻译前基准: "Default node <strong>double</strong>-click <strong>behavior</strong> for Navigation Helper Pane (History, Node Search, Workbench):"   [粘贴 172ms, 取基准 0ms]
18:15:16  按翻译热键 (第 1 次, step 模式)   [全选+确认 296ms]
18:15:17      第 1 次轮询看到内容变了
18:15:17  译文已稳定 (轮询 4 次)
18:15:17      [等译文 0.77s, 轮询 4 次]
18:15:17  译文: "导航帮助对象的默认节点双击<strong>行为</strong><strong></strong>"
18:15:17  translateposthtml.py -> "导航帮助对象的默认节点双击\b行为 "   [python 125ms]
18:15:17      [粘回译文 141ms]
18:15:17      [回车+等下一个框 203ms]
18:15:17  ---------- 第 342 个文本框 (上一轮共 2.45s) ----------
18:15:17  原文: "imgAPI"   [取文本 0ms, 焦点 Edit 'imgAPI']
18:15:18  translate.py -> need=0  text="imgAPI"   [python 187ms]
18:15:18  不需要翻译 -> 直接回车
18:15:18      [回车+等下一个框 203ms]
18:15:18  ---------- 第 343 个文本框 (上一轮共 0.39s) ----------
18:15:18  原文: "imgEventImp"   [取文本 0ms, 焦点 Edit 'imgEventImp']
18:15:18  translate.py -> need=0  text="imgEventImp"   [python 219ms]
18:15:18  不需要翻译 -> 直接回车
18:15:18      [回车+等下一个框 203ms]
18:15:18  ---------- 第 344 个文本框 (上一轮共 0.42s) ----------
18:15:18  原文: "imgMethod"   [取文本 0ms, 焦点 Edit 'imgMethod']
18:15:19  translate.py -> need=0  text="imgMethod"   [python 188ms]
18:15:19  不需要翻译 -> 直接回车
18:15:19      [回车+等下一个框 234ms]
18:15:19  ---------- 第 345 个文本框 (上一轮共 0.42s) ----------
18:15:19  原文: "imgProp"   [取文本 0ms, 焦点 Edit 'imgProp']
18:15:19  translate.py -> need=0  text="imgProp"   [python 219ms]
18:15:19  不需要翻译 -> 直接回车
18:15:19      [回车+等下一个框 203ms]
18:15:19  ---------- 第 346 个文本框 (上一轮共 0.42s) ----------
18:15:19  原文: "imgVC"   [取文本 0ms, 焦点 Edit 'imgVC']
18:15:19  translate.py -> need=0  text="imgVC"   [python 187ms]
18:15:19  不需要翻译 -> 直接回车
18:15:20      [回车+等下一个框 204ms]
18:15:20  ---------- 第 347 个文本框 (上一轮共 0.39s) ----------
18:15:20  原文: "imgEventDef"   [取文本 0ms, 焦点 Edit 'imgEventDef']
18:15:20  translate.py -> need=0  text="imgEventDef"   [python 187ms]
18:15:20  不需要翻译 -> 直接回车
18:15:20      [回车+等下一个框 219ms]
18:15:20  ---------- 第 348 个文本框 (上一轮共 0.42s) ----------
18:15:20  原文: "imgEnum"   [取文本 0ms, 焦点 Edit 'imgEnum']
18:15:20  translate.py -> need=0  text="imgEnum"   [python 204ms]
18:15:20  不需要翻译 -> 直接回车
18:15:20      [回车+等下一个框 203ms]
18:15:20  ---------- 第 349 个文本框 (上一轮共 0.41s) ----------
18:15:20  原文: "imgType"   [取文本 0ms, 焦点 Edit 'imgType']
18:15:21  translate.py -> need=0  text="imgType"   [python 203ms]
18:15:21  不需要翻译 -> 直接回车
18:15:21      [回车+等下一个框 203ms]
18:15:21  ---------- 第 350 个文本框 (上一轮共 0.41s) ----------
18:15:21  原文: "imgPublic"   [取文本 0ms, 焦点 Edit 'imgPublic']
18:15:21  translate.py -> need=0  text="imgPublic"   [python 187ms]
18:15:21  不需要翻译 -> 直接回车
18:15:21      [回车+等下一个框 204ms]
18:15:21  ---------- 第 351 个文本框 (上一轮共 0.39s) ----------
18:15:21  原文: "imgFriend"   [取文本 0ms, 焦点 Edit 'imgFriend']
18:15:21  translate.py -> need=0  text="imgFriend"   [python 187ms]
18:15:21  不需要翻译 -> 直接回车
18:15:22      [回车+等下一个框 203ms]
18:15:22  ---------- 第 352 个文本框 (上一轮共 0.39s) ----------
18:15:22  原文: "imgPrivate"   [取文本 0ms, 焦点 Edit 'imgPrivate']
18:15:22  translate.py -> need=0  text="imgPrivate"   [python 219ms]
18:15:22  不需要翻译 -> 直接回车
18:15:22      [回车+等下一个框 203ms]
18:15:22  ---------- 第 353 个文本框 (上一轮共 0.44s) ----------
18:15:22  原文: "ImageList1"   [取文本 0ms, 焦点 Edit 'ImageList1']
18:15:22  translate.py -> need=0  text="ImageList1"   [python 203ms]
18:15:22  不需要翻译 -> 直接回车
18:15:22      [回车+等下一个框 203ms]
18:15:22  ---------- 第 354 个文本框 (上一轮共 0.41s) ----------
18:15:22  原文: "ImageList1"   [取文本 0ms, 焦点 Edit 'ImageList1']
18:15:23  translate.py -> need=0  text="ImageList1"   [python 187ms]
18:15:23  不需要翻译 -> 直接回车
18:15:23      [回车+等下一个框 219ms]
18:15:23  ---------- 第 355 个文本框 (上一轮共 0.41s) ----------
18:15:23  原文: "ImageList1"   [取文本 0ms, 焦点 Edit 'ImageList1']
18:15:23  translate.py -> need=0  text="ImageList1"   [python 203ms]
18:15:23  不需要翻译 -> 直接回车
18:15:23      [回车+等下一个框 203ms]
18:15:23  ---------- 第 356 个文本框 (上一轮共 0.41s) ----------
18:15:23  原文: "\bAdditional Project Explorer filtering \boptions:"   [取文本 0ms, 焦点 Edit '\bAdditional Project']
18:15:24  translate.py -> need=1  text="<strong>Additional</strong> Project Explorer filtering <strong>options</strong>:"   [python 860ms]
18:15:24  翻译前基准: "<strong>Additional</strong> Project Explorer filtering <strong>options</strong>:"   [粘贴 140ms, 取基准 0ms]
18:15:25  按翻译热键 (第 1 次, step 模式)   [全选+确认 297ms]
18:15:25      第 1 次轮询看到内容变了
18:15:26  译文已稳定 (轮询 3 次)
18:15:26      [等译文 0.61s, 轮询 3 次]
18:15:26  译文: "<strong>其他</strong>项目资源管理器筛选<strong>选项</strong>："
18:15:26  translateposthtml.py -> "\b其他 项目资源管理器筛选\b选项 ："   [python 110ms]
18:15:26      [粘回译文 171ms]
18:15:26      [回车+等下一个框 219ms]
18:15:26  ---------- 第 357 个文本框 (上一轮共 2.99s) ----------
18:15:26  原文: "\bFilter Project Explorer nodes \bby \bscope as follows:"   [取文本 0ms, 焦点 Edit '\bFilter Project Exp']
18:15:27  translate.py -> need=1  text="<strong>Filter</strong> Project Explorer nodes <strong>by</strong> <strong>scope</strong> as follows:"   [python 906ms]
18:15:27  翻译前基准: "<strong>Filter</strong> Project Explorer nodes <strong>by</strong> <strong>scope</strong> as follows:"   [粘贴 141ms, 取基准 0ms]
18:15:28  按翻译热键 (第 1 次, step 模式)   [全选+确认 297ms]
18:15:28      第 1 次轮询看到内容变了
18:15:29  译文已稳定 (轮询 4 次)
18:15:29      [等译文 0.77s, 轮询 4 次]
18:15:29  译文: "<strong>按</strong><strong>作用</strong><strong>域过滤</strong>项目资源管理器节点，如下所示："
18:15:29  translateposthtml.py -> "\b按 \b作用 \b域过滤 项目资源管理器节点，如下所示："   [python 93ms]
18:15:29      [粘回译文 141ms]
18:15:29      [回车+等下一个框 203ms]
18:15:29  ---------- 第 358 个文本框 (上一轮共 3.11s) ----------
18:15:29  原文: "\bFilter Project Explorer nodes \bby \btype as follows:"   [取文本 0ms, 焦点 Edit '\bFilter Project Exp']
18:15:30  translate.py -> need=1  text="<strong>Filter</strong> Project Explorer nodes <strong>by</strong> <strong>type</strong> as follows:"   [python 812ms]
18:15:30  翻译前基准: "<strong>Filter</strong> Project Explorer nodes <strong>by</strong> <strong>type</strong> as follows:"   [粘贴 141ms, 取基准 0ms]
18:15:31  按翻译热键 (第 1 次, step 模式)   [全选+确认 312ms]
18:15:31      第 1 次轮询看到内容变了
18:15:32  译文已稳定 (轮询 4 次)
18:15:32      [等译文 0.77s, 轮询 4 次]
18:15:32  译文: "<strong>按</strong><strong>类型</strong><strong>过滤</strong>项目资源管理器节点，如下所示："
18:15:32  translateposthtml.py -> "\b按 \b类型 \b过滤 项目资源管理器节点，如下所示："   [python 94ms]
18:15:32      [粘回译文 156ms]
18:15:32      [回车+等下一个框 203ms]
18:15:32  ---------- 第 359 个文本框 (上一轮共 3.06s) ----------
18:15:32  原文: "The \bDesigner \bAnalyzer can provide valuable information regarding \bdesigner \bstandards \bviolations, \bdesigner \bproblems and \binconsistencies. Please \aclick \ahere in order to \bview/modify the current \bdesigner \banalyzer \bsettings."   [取文本 0ms, 焦点 Edit 'The \bDesigner \bAna']
18:15:33  translate.py -> need=1  text="The <strong>Designer</strong> <strong>Analyzer</strong> can provide valuable information regarding <strong>designer</strong> <strong>standards</strong> <strong>violations</strong>, <strong>designer</strong> <strong>problems</strong> and <strong>inconsistencies</strong>. Please \aclick \ahere in order to <strong>view</strong>/modify the current <strong>designer</strong> <strong>analyzer</strong> <strong>settings</strong>."   [python 969ms]
18:15:34  翻译前基准: "The <strong>Designer</strong> <strong>Analyzer</strong> can provide valuable information regarding <strong>designer</strong> <strong>standards</strong> <strong>violations</strong>, <strong>designer</strong> <strong>problems</strong> and <strong>inconsistencies</strong>. Please \aclick \ahere in order to <strong>view</strong>/modify the current <strong>designer</strong> <strong>analyzer</strong> <strong>settings</strong>."   [粘贴 156ms, 取基准 0ms]
18:15:34  按翻译热键 (第 1 次, step 模式)   [全选+确认 297ms]
18:15:35      第 1 次轮询看到内容变了
18:15:37  译文已稳定 (轮询 14 次)
18:15:37      [等译文 2.36s, 轮询 14 次]
18:15:37  译文: "<strong>设计器</strong><strong>分析器</strong>可以提供有关<strong>违反</strong><strong>设计器</strong><strong>标准</strong>、<strong>设计器</strong><strong>问题</strong>和<strong>不一致性的</strong>有价值的信息。请单击此处以<strong>查看</strong>/修改当前<strong>设计器</strong><strong>分析器</strong><strong>设置</strong>。"
18:15:37  translateposthtml.py -> "\b设计器 \b分析器 可以提供有关\b违反 \b设计器 \b标准 、\b设计器 \b问题 和\b不一致性的 有价值的信息。请单击此处以\b查看 /修改当前\b设计器 \b分析器 \b设置 。"   [python 109ms]
18:15:37      [粘回译文 141ms]
18:15:37      [回车+等下一个框 203ms]
18:15:37  ---------- 第 360 个文本框 (上一轮共 4.81s) ----------
18:15:37  原文: "\bLoading CodeSMART options. \bPlease \bwait."   [取文本 0ms, 焦点 Edit '\bLoading CodeSMART ']
18:15:38  translate.py -> need=1  text="<strong>Loading</strong> CodeSMART options. <strong>Please</strong> <strong>wait</strong>."   [python 1031ms]
18:15:38  翻译前基准: "<strong>Loading</strong> CodeSMART options. <strong>Please</strong> <strong>wait</strong>."   [粘贴 141ms, 取基准 0ms]
18:15:39  按翻译热键 (第 1 次, step 模式)   [全选+确认 297ms]
18:15:40      第 1 次轮询看到内容变了
18:15:40  译文已稳定 (轮询 4 次)
18:15:40      [等译文 0.80s, 轮询 4 次]
18:15:40  译文: "<strong>正在加载</strong>CodeSMART选项。<strong>请</strong><strong>稍等</strong>。"
18:15:40  translateposthtml.py -> "\b正在加载 CodeSMART选项。\b请 \b稍等 。"   [python 46ms]
18:15:40      [粘回译文 141ms]
18:15:40      [回车+等下一个框 219ms]
18:15:40  ---------- 第 361 个文本框 (上一轮共 3.25s) ----------
18:15:40  原文: "ALicenseDetails"   [取文本 0ms, 焦点 Edit 'ALicenseDetails']
18:15:41  translate.py -> need=0  text="ALicenseDetails"   [python 187ms]
18:15:41  不需要翻译 -> 直接回车
18:15:41      [回车+等下一个框 203ms]
18:15:41  ---------- 第 362 个文本框 (上一轮共 0.39s) ----------
18:15:41  原文: "LastOptionKey"   [取文本 0ms, 焦点 Edit 'LastOptionKey']
18:15:41  translate.py -> need=0  text="LastOptionKey"   [python 219ms]
18:15:41  不需要翻译 -> 直接回车
18:15:41      [回车+等下一个框 203ms]
18:15:41  ---------- 第 363 个文本框 (上一轮共 0.42s) ----------
18:15:41  原文: "General"   [取文本 0ms, 焦点 Edit 'General']
18:15:41  translate.py -> need=0  text="General"   [python 188ms]
18:15:41  不需要翻译 -> 直接回车
18:15:42      [回车+等下一个框 219ms]
18:15:42  ---------- 第 364 个文本框 (上一轮共 0.41s) ----------
18:15:42  原文: "DB"   [取文本 0ms, 焦点 Edit 'DB']
18:15:42  translate.py -> need=0  text="DB"   [python 187ms]
18:15:42  不需要翻译 -> 直接回车
18:15:42      [回车+等下一个框 203ms]
18:15:42  ---------- 第 365 个文本框 (上一轮共 0.41s) ----------
18:15:42  原文: "Int"   [取文本 0ms, 焦点 Edit 'Int']
18:15:42  translate.py -> need=0  text="Int"   [python 172ms]
18:15:42  不需要翻译 -> 直接回车
18:15:42      [回车+等下一个框 218ms]
18:15:42  ---------- 第 366 个文本框 (上一轮共 0.39s) ----------
18:15:42  原文: "WPe"   [取文本 0ms, 焦点 Edit 'WPe']
18:15:43  translate.py -> need=0  text="WPe"   [python 219ms]
18:15:43  不需要翻译 -> 直接回车
18:15:43      [回车+等下一个框 219ms]
18:15:43  ---------- 第 367 个文本框 (上一轮共 0.44s) ----------
18:15:43  原文: "SCC"   [取文本 0ms, 焦点 Edit 'SCC']
18:15:43  translate.py -> need=0  text="SCC"   [python 203ms]
18:15:43  不需要翻译 -> 直接回车
18:15:43      [回车+等下一个框 203ms]
18:15:43  ---------- 第 368 个文本框 (上一轮共 0.41s) ----------
18:15:43  原文: "TL"   [取文本 0ms, 焦点 Edit 'TL']
18:15:44  translate.py -> need=0  text="TL"   [python 203ms]
18:15:44  不需要翻译 -> 直接回车
18:15:44      [回车+等下一个框 203ms]
18:15:44  ---------- 第 369 个文本框 (上一轮共 0.41s) ----------
18:15:44  原文: "CA"   [取文本 0ms, 焦点 Edit 'CA']
18:15:44  translate.py -> need=0  text="CA"   [python 204ms]
18:15:44  不需要翻译 -> 直接回车
18:15:44      [回车+等下一个框 203ms]
18:15:44  ---------- 第 370 个文本框 (上一轮共 0.41s) ----------
18:15:44  原文: "CVA"   [取文本 0ms, 焦点 Edit 'CVA']
18:15:44  translate.py -> need=0  text="CVA"   [python 203ms]
18:15:44  不需要翻译 -> 直接回车
18:15:45      [回车+等下一个框 219ms]
18:15:45  ---------- 第 371 个文本框 (上一轮共 0.42s) ----------
18:15:45  原文: "CO"   [取文本 0ms, 焦点 Edit 'CO']
18:15:45  translate.py -> need=0  text="CO"   [python 203ms]
18:15:45  不需要翻译 -> 直接回车
18:15:45      [回车+等下一个框 203ms]
18:15:45  ---------- 第 372 个文本框 (上一轮共 0.42s) ----------
18:15:45  原文: "SP"   [取文本 0ms, 焦点 Edit 'SP']
18:15:45  translate.py -> need=0  text="SP"   [python 203ms]
18:15:45  不需要翻译 -> 直接回车
18:15:45      [回车+等下一个框 203ms]
18:15:45  ---------- 第 373 个文本框 (上一轮共 0.41s) ----------
18:15:45  原文: "EH"   [取文本 0ms, 焦点 Edit 'EH']
18:15:46  translate.py -> need=0  text="EH"   [python 188ms]
18:15:46  不需要翻译 -> 直接回车
18:15:46      [回车+等下一个框 203ms]
18:15:46  ---------- 第 374 个文本框 (上一轮共 0.39s) ----------
18:15:46  原文: "PT"   [取文本 0ms, 焦点 Edit 'PT']
18:15:46  translate.py -> need=0  text="PT"   [python 187ms]
18:15:46  不需要翻译 -> 直接回车
18:15:46      [回车+等下一个框 235ms]
18:15:46  ---------- 第 375 个文本框 (上一轮共 0.42s) ----------
18:15:46  原文: "DA"   [取文本 0ms, 焦点 Edit 'DA']
18:15:46  translate.py -> need=0  text="DA"   [python 187ms]
18:15:46  不需要翻译 -> 直接回车
18:15:47      [回车+等下一个框 203ms]
18:15:47  ---------- 第 376 个文本框 (上一轮共 0.39s) ----------
18:15:47  原文: "LM"   [取文本 0ms, 焦点 Edit 'LM']
18:15:47  translate.py -> need=0  text="LM"   [python 203ms]
18:15:47  不需要翻译 -> 直接回车
18:15:47      [回车+等下一个框 203ms]
18:15:47  ---------- 第 377 个文本框 (上一轮共 0.42s) ----------
18:15:47  原文: "CFX"   [取文本 0ms, 焦点 Edit 'CFX']
18:15:47  translate.py -> need=0  text="CFX"   [python 219ms]
18:15:47  不需要翻译 -> 直接回车
18:15:47      [回车+等下一个框 203ms]
18:15:47  ---------- 第 378 个文本框 (上一轮共 0.44s) ----------
18:15:47  原文: "License Details"   [取文本 0ms, 焦点 Edit 'License Details']
18:15:49  translate.py -> need=1  text="License Details"   [python 1094ms]
18:15:49  翻译前基准: "License Details"   [粘贴 156ms, 取基准 0ms]
18:15:49  按翻译热键 (第 1 次, step 模式)   [全选+确认 297ms]
18:15:50      第 1 次轮询看到内容变了
18:15:50  译文已稳定 (轮询 2 次)
18:15:50      [等译文 0.47s, 轮询 2 次]
18:15:50  译文: "许可证详细信息"
18:15:50  translateposthtml.py -> "许可证详细信息"   [python 94ms]
18:15:50      [粘回译文 140ms]
18:15:50      [回车+等下一个框 219ms]
18:15:50  ---------- 第 379 个文本框 (上一轮共 3.03s) ----------
18:15:50  原文: "Code Analyzer"   [取文本 0ms, 焦点 Edit 'Code Analyzer']
18:15:51  translate.py -> need=0  text="Code Analyzer"   [python 906ms]
18:15:51  不需要翻译 -> 直接回车
18:15:52      [回车+等下一个框 235ms]
18:15:52  ---------- 第 380 个文本框 (上一轮共 1.14s) ----------
18:15:52  原文: "CNH"   [取文本 0ms, 焦点 Edit 'CNH']
18:15:52  translate.py -> need=0  text="CNH"   [python 218ms]
18:15:52  不需要翻译 -> 直接回车
18:15:52      [回车+等下一个框 219ms]
18:15:52  ---------- 第 381 个文本框 (上一轮共 0.44s) ----------
18:15:52  原文: "DBLocation"   [取文本 0ms, 焦点 Edit 'DBLocation']
18:15:52  translate.py -> need=0  text="DBLocation"   [python 250ms]
18:15:52  不需要翻译 -> 直接回车
18:15:53      [回车+等下一个框 203ms]
18:15:53  ---------- 第 382 个文本框 (上一轮共 0.47s) ----------
18:15:53  原文: " - "   [取文本 0ms, 焦点 Edit ' - ']
18:15:53  translate.py -> need=0  text=" - "   [python 203ms]
18:15:53  不需要翻译 -> 直接回车
18:15:53      [回车+等下一个框 203ms]
18:15:53  ---------- 第 383 个文本框 (上一轮共 0.41s) ----------
18:15:53  原文: "DBOffline"   [取文本 0ms, 焦点 Edit 'DBOffline']
18:15:53  translate.py -> need=0  text="DBOffline"   [python 235ms]
18:15:53  不需要翻译 -> 直接回车
18:15:53      [回车+等下一个框 203ms]
18:15:53  ---------- 第 384 个文本框 (上一轮共 0.45s) ----------
18:15:53  原文: "GStartup"   [取文本 0ms, 焦点 Edit 'GStartup']
18:15:54  translate.py -> need=0  text="GStartup"   [python 188ms]
18:15:54  不需要翻译 -> 直接回车
18:15:54      [回车+等下一个框 219ms]
18:15:54  ---------- 第 385 个文本框 (上一轮共 0.41s) ----------
18:15:54  原文: "GIdentification"   [取文本 0ms, 焦点 Edit 'GIdentification']
18:15:54  translate.py -> need=0  text="GIdentification"   [python 187ms]
18:15:54  不需要翻译 -> 直接回车
18:15:54      [回车+等下一个框 218ms]
18:15:54  ---------- 第 386 个文本框 (上一轮共 0.42s) ----------
18:15:54  原文: "IntMDITabs"   [取文本 0ms, 焦点 Edit 'IntMDITabs']
18:15:54  translate.py -> need=0  text="IntMDITabs"   [python 204ms]
18:15:54  不需要翻译 -> 直接回车
18:15:55      [回车+等下一个框 203ms]
18:15:55  ---------- 第 387 个文本框 (上一轮共 0.41s) ----------
18:15:55  原文: "IntMouseWheel"   [取文本 0ms, 焦点 Edit 'IntMouseWheel']
18:15:55  translate.py -> need=0  text="IntMouseWheel"   [python 235ms]
18:15:55  不需要翻译 -> 直接回车
18:15:55      [回车+等下一个框 218ms]
18:15:55  ---------- 第 388 个文本框 (上一轮共 0.47s) ----------
18:15:55  原文: "FontCharSet"   [取文本 0ms, 焦点 Edit 'FontCharSet']
18:15:55  translate.py -> need=0  text="FontCharSet"   [python 219ms]
18:15:55  不需要翻译 -> 直接回车
18:15:56      [回车+等下一个框 203ms]
18:15:56  ---------- 第 389 个文本框 (上一轮共 0.42s) ----------
18:15:56  原文: "Settings"   [取文本 0ms, 焦点 Edit 'Settings']
18:15:56  translate.py -> need=0  text="Settings"   [python 203ms]
18:15:56  不需要翻译 -> 直接回车
18:15:56      [回车+等下一个框 219ms]
18:15:56  ---------- 第 390 个文本框 (上一轮共 0.42s) ----------
18:15:56  原文: "PersonalDbPath"   [取文本 0ms, 焦点 Edit 'PersonalDbPath']
18:15:56  translate.py -> need=0  text="PersonalDbPath"   [python 219ms]
18:15:56  不需要翻译 -> 直接回车
18:15:56      [回车+等下一个框 219ms]
18:15:56  ---------- 第 391 个文本框 (上一轮共 0.44s) ----------
18:15:56  原文: "Databases"   [取文本 0ms, 焦点 Edit 'Databases']
18:15:57  translate.py -> need=0  text="Databases"   [python 234ms]
18:15:57  不需要翻译 -> 直接回车
18:15:57      [回车+等下一个框 219ms]
18:15:57  ---------- 第 392 个文本框 (上一轮共 0.45s) ----------
18:15:57  原文: "TeamDbPath"   [取文本 0ms, 焦点 Edit 'TeamDbPath']
18:15:57  translate.py -> need=0  text="TeamDbPath"   [python 219ms]
18:15:57  不需要翻译 -> 直接回车
18:15:57      [回车+等下一个框 203ms]
18:15:57  ---------- 第 393 个文本框 (上一轮共 0.42s) ----------
18:15:57  原文: "DontUsePrivDBEngine"   [取文本 0ms, 焦点 Edit 'DontUsePrivDBEngine']
18:15:57  translate.py -> need=0  text="DontUsePrivDBEngine"   [python 172ms]
18:15:57  不需要翻译 -> 直接回车
18:15:58      [回车+等下一个框 203ms]
18:15:58  ---------- 第 394 个文本框 (上一轮共 0.38s) ----------
18:15:58  原文: "A_Main"   [取文本 0ms, 焦点 Edit 'A_Main']
18:15:58  translate.py -> need=0  text="A_Main"   [python 218ms]
18:15:58  不需要翻译 -> 直接回车
18:15:58      [回车+等下一个框 219ms]
18:15:58  ---------- 第 395 个文本框 (上一轮共 0.44s) ----------
18:15:58  原文: "Toolbars"   [取文本 0ms, 焦点 Edit 'Toolbars']
18:15:58  translate.py -> need=0  text="Toolbars"   [python 219ms]
18:15:58  不需要翻译 -> 直接回车
18:15:59      [回车+等下一个框 219ms]
18:15:59  ---------- 第 396 个文本框 (上一轮共 0.44s) ----------
18:15:59  原文: "A_1"   [取文本 0ms, 焦点 Edit 'A_1']
18:15:59  translate.py -> need=0  text="A_1"   [python 203ms]
18:15:59  不需要翻译 -> 直接回车
18:15:59      [回车+等下一个框 203ms]
18:15:59  ---------- 第 397 个文本框 (上一轮共 0.42s) ----------
18:15:59  原文: "A_5"   [取文本 0ms, 焦点 Edit 'A_5']
18:15:59  translate.py -> need=0  text="A_5"   [python 203ms]
18:15:59  不需要翻译 -> 直接回车
18:15:59      [回车+等下一个框 203ms]
18:15:59  ---------- 第 398 个文本框 (上一轮共 0.41s) ----------
18:15:59  原文: "A_6"   [取文本 0ms, 焦点 Edit 'A_6']
18:16:00  translate.py -> need=0  text="A_6"   [python 187ms]
18:16:00  不需要翻译 -> 直接回车
18:16:00      [回车+等下一个框 219ms]
18:16:00  ---------- 第 399 个文本框 (上一轮共 0.41s) ----------
18:16:00  原文: "A_7"   [取文本 0ms, 焦点 Edit 'A_7']
18:16:00  translate.py -> need=0  text="A_7"   [python 219ms]
18:16:00  不需要翻译 -> 直接回车
18:16:00      [回车+等下一个框 219ms]
18:16:00  ---------- 第 400 个文本框 (上一轮共 0.44s) ----------
18:16:00  原文: "A_8"   [取文本 0ms, 焦点 Edit 'A_8']
18:16:00  translate.py -> need=0  text="A_8"   [python 187ms]
18:16:00  不需要翻译 -> 直接回车
18:16:01      [回车+等下一个框 219ms]
18:16:01  ---------- 第 401 个文本框 (上一轮共 0.41s) ----------
18:16:01  原文: "A_9"   [取文本 0ms, 焦点 Edit 'A_9']
18:16:01  translate.py -> need=0  text="A_9"   [python 187ms]
18:16:01  不需要翻译 -> 直接回车
18:16:01      [回车+等下一个框 203ms]
18:16:01  ---------- 第 402 个文本框 (上一轮共 0.39s) ----------
18:16:01  原文: "A_10"   [取文本 0ms, 焦点 Edit 'A_10']
18:16:01  translate.py -> need=0  text="A_10"   [python 235ms]
18:16:01  不需要翻译 -> 直接回车
18:16:01      [回车+等下一个框 219ms]
18:16:01  ---------- 第 403 个文本框 (上一轮共 0.47s) ----------
18:16:01  原文: "A_11"   [取文本 0ms, 焦点 Edit 'A_11']
18:16:02  translate.py -> need=0  text="A_11"   [python 203ms]
18:16:02  不需要翻译 -> 直接回车
18:16:02      [回车+等下一个框 219ms]
18:16:02  ---------- 第 404 个文本框 (上一轮共 0.42s) ----------
18:16:02  原文: "A_12"   [取文本 0ms, 焦点 Edit 'A_12']
18:16:02  translate.py -> need=0  text="A_12"   [python 219ms]
18:16:02  不需要翻译 -> 直接回车
18:16:02      [回车+等下一个框 219ms]
18:16:02  ---------- 第 405 个文本框 (上一轮共 0.44s) ----------
18:16:02  原文: "A_13"   [取文本 0ms, 焦点 Edit 'A_13']
18:16:03  translate.py -> need=0  text="A_13"   [python 203ms]
18:16:03  不需要翻译 -> 直接回车
18:16:03      [回车+等下一个框 203ms]
18:16:03  ---------- 第 406 个文本框 (上一轮共 0.41s) ----------
18:16:03  原文: "A_15"   [取文本 0ms, 焦点 Edit 'A_15']
18:16:03  translate.py -> need=0  text="A_15"   [python 203ms]
18:16:03  不需要翻译 -> 直接回车
18:16:03      [回车+等下一个框 234ms]
18:16:03  ---------- 第 407 个文本框 (上一轮共 0.44s) ----------
18:16:03  原文: "B_Main"   [取文本 0ms, 焦点 Edit 'B_Main']
18:16:03  translate.py -> need=0  text="B_Main"   [python 219ms]
18:16:03  不需要翻译 -> 直接回车
18:16:04      [回车+等下一个框 203ms]
18:16:04  ---------- 第 408 个文本框 (上一轮共 0.42s) ----------
18:16:04  原文: "B_1"   [取文本 0ms, 焦点 Edit 'B_1']
18:16:04  translate.py -> need=0  text="B_1"   [python 203ms]
18:16:04  不需要翻译 -> 直接回车
18:16:04      [回车+等下一个框 203ms]
18:16:04  ---------- 第 409 个文本框 (上一轮共 0.41s) ----------
18:16:04  原文: "B_2"   [取文本 0ms, 焦点 Edit 'B_2']
18:16:04  translate.py -> need=0  text="B_2"   [python 204ms]
18:16:04  不需要翻译 -> 直接回车
18:16:04      [回车+等下一个框 218ms]
18:16:04  ---------- 第 410 个文本框 (上一轮共 0.47s) ----------
18:16:04  原文: "B_3"   [取文本 0ms, 焦点 Edit 'B_3']
18:16:05  translate.py -> need=0  text="B_3"   [python 219ms]
18:16:05  不需要翻译 -> 直接回车
18:16:05      [回车+等下一个框 203ms]
18:16:05  ---------- 第 411 个文本框 (上一轮共 0.44s) ----------
18:16:05  原文: "B_4"   [取文本 0ms, 焦点 Edit 'B_4']
18:16:05  translate.py -> need=0  text="B_4"   [python 203ms]
18:16:05  不需要翻译 -> 直接回车
18:16:05      [回车+等下一个框 203ms]
18:16:05  ---------- 第 412 个文本框 (上一轮共 0.41s) ----------
18:16:05  原文: "B_5"   [取文本 16ms, 焦点 Edit 'B_5']
18:16:05  translate.py -> need=0  text="B_5"   [python 203ms]
18:16:05  不需要翻译 -> 直接回车
18:16:06      [回车+等下一个框 234ms]
18:16:06  ---------- 第 413 个文本框 (上一轮共 0.45s) ----------
18:16:06  原文: "B_6"   [取文本 0ms, 焦点 Edit 'B_6']
18:16:06  translate.py -> need=0  text="B_6"   [python 203ms]
18:16:06  不需要翻译 -> 直接回车
18:16:06      [回车+等下一个框 203ms]
18:16:06  ---------- 第 414 个文本框 (上一轮共 0.42s) ----------
18:16:06  原文: "B_7"   [取文本 0ms, 焦点 Edit 'B_7']
18:16:06  translate.py -> need=0  text="B_7"   [python 219ms]
18:16:06  不需要翻译 -> 直接回车
18:16:07      [回车+等下一个框 203ms]
18:16:07  ---------- 第 415 个文本框 (上一轮共 0.42s) ----------
18:16:07  原文: "B_8"   [取文本 0ms, 焦点 Edit 'B_8']
18:16:07  translate.py -> need=0  text="B_8"   [python 204ms]
18:16:07  不需要翻译 -> 直接回车
18:16:07      [回车+等下一个框 218ms]
18:16:07  ---------- 第 416 个文本框 (上一轮共 0.44s) ----------
18:16:07  原文: "B_9"   [取文本 0ms, 焦点 Edit 'B_9']
18:16:07  translate.py -> need=0  text="B_9"   [python 203ms]
18:16:07  不需要翻译 -> 直接回车
18:16:07      [回车+等下一个框 235ms]
18:16:07  ---------- 第 417 个文本框 (上一轮共 0.44s) ----------
18:16:07  原文: "B_10"   [取文本 0ms, 焦点 Edit 'B_10']
18:16:08  translate.py -> need=0  text="B_10"   [python 187ms]
18:16:08  不需要翻译 -> 直接回车
18:16:08      [回车+等下一个框 203ms]
18:16:08  ---------- 第 418 个文本框 (上一轮共 0.39s) ----------
18:16:08  原文: "B_11"   [取文本 0ms, 焦点 Edit 'B_11']
18:16:08  translate.py -> need=0  text="B_11"   [python 235ms]
18:16:08  不需要翻译 -> 直接回车
18:16:08      [回车+等下一个框 219ms]
18:16:08  ---------- 第 419 个文本框 (上一轮共 0.45s) ----------
18:16:08  原文: "B_12"   [取文本 0ms, 焦点 Edit 'B_12']
18:16:09  translate.py -> need=0  text="B_12"   [python 203ms]
18:16:09  不需要翻译 -> 直接回车
18:16:09      [回车+等下一个框 203ms]
18:16:09  ---------- 第 420 个文本框 (上一轮共 0.41s) ----------
18:16:09  原文: "B_13"   [取文本 0ms, 焦点 Edit 'B_13']
18:16:09  translate.py -> need=0  text="B_13"   [python 203ms]
18:16:09  不需要翻译 -> 直接回车
18:16:09      [回车+等下一个框 203ms]
18:16:09  ---------- 第 421 个文本框 (上一轮共 0.41s) ----------
18:16:09  原文: "B_14"   [取文本 0ms, 焦点 Edit 'B_14']
18:16:09  translate.py -> need=0  text="B_14"   [python 219ms]
18:16:09  不需要翻译 -> 直接回车
18:16:10      [回车+等下一个框 219ms]
18:16:10  ---------- 第 422 个文本框 (上一轮共 0.44s) ----------
18:16:10  原文: "B_15"   [取文本 0ms, 焦点 Edit 'B_15']
18:16:10  translate.py -> need=0  text="B_15"   [python 203ms]
18:16:10  不需要翻译 -> 直接回车
18:16:10      [回车+等下一个框 218ms]
18:16:10  ---------- 第 423 个文本框 (上一轮共 0.42s) ----------
18:16:10  原文: "B_16"   [取文本 0ms, 焦点 Edit 'B_16']
18:16:10  translate.py -> need=0  text="B_16"   [python 203ms]
18:16:10  不需要翻译 -> 直接回车
18:16:10      [回车+等下一个框 203ms]
18:16:10  ---------- 第 424 个文本框 (上一轮共 0.42s) ----------
18:16:10  原文: "B_17"   [取文本 0ms, 焦点 Edit 'B_17']
18:16:11  translate.py -> need=0  text="B_17"   [python 188ms]
18:16:11  不需要翻译 -> 直接回车
18:16:11      [回车+等下一个框 203ms]
18:16:11  ---------- 第 425 个文本框 (上一轮共 0.39s) ----------
18:16:11  原文: "B_18"   [取文本 0ms, 焦点 Edit 'B_18']
18:16:11  translate.py -> need=0  text="B_18"   [python 187ms]
18:16:11  不需要翻译 -> 直接回车
18:16:11      [回车+等下一个框 204ms]
18:16:11  ---------- 第 426 个文本框 (上一轮共 0.39s) ----------
18:16:11  原文: "B_19"   [取文本 0ms, 焦点 Edit 'B_19']
18:16:11  translate.py -> need=0  text="B_19"   [python 203ms]
18:16:11  不需要翻译 -> 直接回车
18:16:12      [回车+等下一个框 218ms]
18:16:12  ---------- 第 427 个文本框 (上一轮共 0.42s) ----------
18:16:12  原文: "B_20"   [取文本 0ms, 焦点 Edit 'B_20']
18:16:12  translate.py -> need=0  text="B_20"   [python 219ms]
18:16:12  不需要翻译 -> 直接回车
18:16:12      [回车+等下一个框 219ms]
18:16:12  ---------- 第 428 个文本框 (上一轮共 0.44s) ----------
18:16:12  原文: "C_Main"   [取文本 0ms, 焦点 Edit 'C_Main']
18:16:12  translate.py -> need=0  text="C_Main"   [python 219ms]
18:16:12  不需要翻译 -> 直接回车
18:16:12      [回车+等下一个框 203ms]
18:16:12  ---------- 第 429 个文本框 (上一轮共 0.42s) ----------
18:16:12  原文: "C_1"   [取文本 15ms, 焦点 Edit 'C_1']
18:16:13  translate.py -> need=0  text="C_1"   [python 204ms]
18:16:13  不需要翻译 -> 直接回车
18:16:13      [回车+等下一个框 203ms]
18:16:13  ---------- 第 430 个文本框 (上一轮共 0.42s) ----------
18:16:13  原文: "C_2"   [取文本 0ms, 焦点 Edit 'C_2']
18:16:13  translate.py -> need=0  text="C_2"   [python 187ms]
18:16:13  不需要翻译 -> 直接回车
18:16:13      [回车+等下一个框 203ms]
18:16:13  ---------- 第 431 个文本框 (上一轮共 0.39s) ----------
18:16:13  原文: "C_3"   [取文本 0ms, 焦点 Edit 'C_3']
18:16:13  translate.py -> need=0  text="C_3"   [python 188ms]
18:16:13  不需要翻译 -> 直接回车
18:16:14      [回车+等下一个框 219ms]
18:16:14  ---------- 第 432 个文本框 (上一轮共 0.42s) ----------
18:16:14  原文: "C_4"   [取文本 0ms, 焦点 Edit 'C_4']
18:16:14  translate.py -> need=0  text="C_4"   [python 203ms]
18:16:14  不需要翻译 -> 直接回车
18:16:14      [回车+等下一个框 203ms]
18:16:14  ---------- 第 433 个文本框 (上一轮共 0.42s) ----------
18:16:14  原文: "\bSystem user name: "   [取文本 0ms, 焦点 Edit '\bSystem user name: ']
18:16:15  translate.py -> need=1  text="<strong>System</strong> user name: "   [python 938ms]
18:16:15  翻译前基准: "<strong>System</strong> user name: "   [粘贴 156ms, 取基准 0ms]
18:16:16  按翻译热键 (第 1 次, step 模式)   [全选+确认 312ms]
18:16:16      第 1 次轮询看到内容变了
18:16:17  译文已稳定 (轮询 3 次)
18:16:17      [等译文 0.61s, 轮询 3 次]
18:16:17  译文: "<strong>系统</strong>用户名："
18:16:17  translateposthtml.py -> "\b系统 用户名："   [python 110ms]
18:16:17      [粘回译文 140ms]
18:16:17      [回车+等下一个框 235ms]
18:16:17  ---------- 第 434 个文本框 (上一轮共 3.06s) ----------
18:16:17  原文: "UseDefaultDeveloperName"   [取文本 0ms, 焦点 Edit 'UseDefaultDeveloperN']
18:16:17  translate.py -> need=0  text="UseDefaultDeveloperName"   [python 187ms]
18:16:17  不需要翻译 -> 直接回车
18:16:18      [回车+等下一个框 203ms]
18:16:18  ---------- 第 435 个文本框 (上一轮共 0.39s) ----------
18:16:18  原文: "Project Administrator"   [取文本 0ms, 焦点 Edit 'Project Administrato']
18:16:18  translate.py -> need=1  text="Project Administrator"   [python 750ms]
18:16:18  翻译前基准: "Project Administrator"   [粘贴 156ms, 取基准 0ms]
18:16:19  按翻译热键 (第 1 次, step 模式)   [全选+确认 297ms]
18:16:20      第 1 次轮询看到内容变了
18:16:20  译文已稳定 (轮询 2 次)
18:16:20      [等译文 0.47s, 轮询 2 次]
18:16:20  译文: "项目管理员"
18:16:20  translateposthtml.py -> "项目管理员"   [python 94ms]
18:16:20      [粘回译文 156ms]
18:16:20      [回车+等下一个框 203ms]
18:16:20  ---------- 第 436 个文本框 (上一轮共 2.70s) ----------
18:16:20  原文: "DeveloperName"   [取文本 0ms, 焦点 Edit 'DeveloperName']
18:16:20  translate.py -> need=0  text="DeveloperName"   [python 203ms]
18:16:20  不需要翻译 -> 直接回车
18:16:21      [回车+等下一个框 204ms]
18:16:21  ---------- 第 437 个文本框 (上一轮共 0.42s) ----------
18:16:21  原文: "\bSystem computer name: "   [取文本 0ms, 焦点 Edit '\bSystem computer na']
18:16:22  translate.py -> need=1  text="<strong>System</strong> computer name: "   [python 844ms]
18:16:22  翻译前基准: "<strong>System</strong> computer name: "   [粘贴 141ms, 取基准 0ms]
18:16:22  按翻译热键 (第 1 次, step 模式)   [全选+确认 296ms]
18:16:23      第 1 次轮询看到内容变了
18:16:23  译文已稳定 (轮询 2 次)
18:16:23      [等译文 0.45s, 轮询 2 次]
18:16:23  译文: "<strong>系统</strong>计算机名称："
18:16:23  translateposthtml.py -> "\b系统 计算机名称："   [python 94ms]
18:16:23      [粘回译文 172ms]
18:16:23      [回车+等下一个框 234ms]
18:16:23  ---------- 第 438 个文本框 (上一轮共 2.78s) ----------
18:16:23  原文: "UseDefaultComputerName"   [取文本 0ms, 焦点 Edit 'UseDefaultComputerNa']
18:16:24  translate.py -> need=0  text="UseDefaultComputerName"   [python 188ms]
18:16:24  不需要翻译 -> 直接回车
18:16:24      [回车+等下一个框 234ms]
18:16:24  ---------- 第 439 个文本框 (上一轮共 0.42s) ----------
18:16:24  原文: "ShowInfos"   [取文本 0ms, 焦点 Edit 'ShowInfos']
18:16:24  translate.py -> need=0  text="ShowInfos"   [python 188ms]
18:16:24  不需要翻译 -> 直接回车
18:16:24      [回车+等下一个框 203ms]
18:16:24  ---------- 第 440 个文本框 (上一轮共 0.39s) ----------
18:16:24  原文: "RefreshOnChange"   [取文本 0ms, 焦点 Edit 'RefreshOnChange']
18:16:24  translate.py -> need=0  text="RefreshOnChange"   [python 172ms]
18:16:24  不需要翻译 -> 直接回车
18:16:25      [回车+等下一个框 203ms]
18:16:25  ---------- 第 441 个文本框 (上一轮共 0.39s) ----------
18:16:25  原文: "BoldPublicClasses"   [取文本 0ms, 焦点 Edit 'BoldPublicClasses']
18:16:25  translate.py -> need=0  text="BoldPublicClasses"   [python 187ms]
18:16:25  不需要翻译 -> 直接回车
18:16:25      [回车+等下一个框 203ms]
18:16:25  ---------- 第 442 个文本框 (上一轮共 0.39s) ----------
18:16:25  原文: "BoldPublicMembers"   [取文本 0ms, 焦点 Edit 'BoldPublicMembers']
18:16:25  translate.py -> need=0  text="BoldPublicMembers"   [python 188ms]
18:16:25  不需要翻译 -> 直接回车
18:16:25      [回车+等下一个框 218ms]
18:16:25  ---------- 第 443 个文本框 (上一轮共 0.41s) ----------
18:16:25  原文: "AlwaysOpenCodeWindow"   [取文本 0ms, 焦点 Edit 'AlwaysOpenCodeWindow']
18:16:26  translate.py -> need=0  text="AlwaysOpenCodeWindow"   [python 188ms]
18:16:26  不需要翻译 -> 直接回车
18:16:26      [回车+等下一个框 203ms]
18:16:26  ---------- 第 444 个文本框 (上一轮共 0.39s) ----------
18:16:26  原文: "RefreshOnSave"   [取文本 0ms, 焦点 Edit 'RefreshOnSave']
18:16:26  translate.py -> need=0  text="RefreshOnSave"   [python 188ms]
18:16:26  不需要翻译 -> 直接回车
18:16:26      [回车+等下一个框 203ms]
18:16:26  ---------- 第 445 个文本框 (上一轮共 0.41s) ----------
18:16:26  原文: "IdentifyEventMethods"   [取文本 0ms, 焦点 Edit 'IdentifyEventMethods']
18:16:26  translate.py -> need=0  text="IdentifyEventMethods"   [python 219ms]
18:16:26  不需要翻译 -> 直接回车
18:16:27      [回车+等下一个框 203ms]
18:16:27  ---------- 第 446 个文本框 (上一轮共 0.42s) ----------
18:16:27  原文: "Project Explorer\Options"   [取文本 0ms, 焦点 Edit 'Project Explorer\Opt']
18:16:28  translate.py -> need=1  text="Project Explorer\Options"   [python 875ms]
18:16:28  翻译前基准: "Project Explorer\Options"   [粘贴 156ms, 取基准 0ms]
18:16:28  按翻译热键 (第 1 次, step 模式)   [全选+确认 297ms]
18:16:29      第 2 次轮询看到内容变了
18:16:29  译文已稳定 (轮询 4 次)
18:16:29      [等译文 0.78s, 轮询 4 次]
18:16:29  译文: "项目资源管理器\选项"
18:16:29  translateposthtml.py -> "项目资源管理器\选项"   [python 94ms]
18:16:30      [粘回译文 188ms]
18:16:30      [回车+等下一个框 203ms]
18:16:30  ---------- 第 447 个文本框 (上一轮共 3.14s) ----------
18:16:30  原文: "OpenResWithAddin"   [取文本 0ms, 焦点 Edit 'OpenResWithAddin']
18:16:30  translate.py -> need=0  text="OpenResWithAddin"   [python 204ms]
18:16:30  不需要翻译 -> 直接回车
18:16:30      [回车+等下一个框 203ms]
18:16:30  ---------- 第 448 个文本框 (上一轮共 0.41s) ----------
18:16:30  原文: "ToolbarVisible"   [取文本 0ms, 焦点 Edit 'ToolbarVisible']
18:16:30  translate.py -> need=0  text="ToolbarVisible"   [python 218ms]
18:16:30  不需要翻译 -> 直接回车
18:16:31      [回车+等下一个框 204ms]
18:16:31  ---------- 第 449 个文本框 (上一轮共 0.42s) ----------
18:16:31  原文: "PELineStyle"   [取文本 0ms, 焦点 Edit 'PELineStyle']
18:16:31  translate.py -> need=0  text="PELineStyle"   [python 218ms]
18:16:31  不需要翻译 -> 直接回车
18:16:31      [回车+等下一个框 219ms]
18:16:31  ---------- 第 450 个文本框 (上一轮共 0.45s) ----------
18:16:31  原文: "View Code"   [取文本 0ms, 焦点 Edit 'View Code']
18:16:31  translate.py -> need=1  text="View Code"   [python 187ms]
18:16:31  翻译前基准: "View Code"   [粘贴 172ms, 取基准 0ms]
18:16:32  按翻译热键 (第 1 次, step 模式)   [全选+确认 313ms]
18:16:33      第 1 次轮询看到内容变了
18:16:33  译文已稳定 (轮询 2 次)
18:16:33      [等译文 0.45s, 轮询 2 次]
18:16:33  译文: "视图代码"
18:16:33  translateposthtml.py -> "视图代码"   [python 125ms]
18:16:33      [粘回译文 156ms]
18:16:33      [回车+等下一个框 235ms]
18:16:33  ---------- 第 451 个文本框 (上一轮共 2.20s) ----------
18:16:33  原文: "\PEToolbarButtons"   [取文本 0ms, 焦点 Edit '\PEToolbarButtons']
18:16:34  translate.py -> need=0  text="\PEToolbarButtons"   [python 187ms]
18:16:34  不需要翻译 -> 直接回车
18:16:34      [回车+等下一个框 219ms]
18:16:34  ---------- 第 452 个文本框 (上一轮共 0.41s) ----------
18:16:34  原文: "View Designer"   [取文本 0ms, 焦点 Edit 'View Designer']
18:16:34  translate.py -> need=1  text="View Designer"   [python 172ms]
18:16:34  翻译前基准: "View Designer"   [粘贴 156ms, 取基准 0ms]
18:16:34  按翻译热键 (第 1 次, step 模式)   [全选+确认 297ms]
18:16:35      第 1 次轮询看到内容变了
18:16:35  译文已稳定 (轮询 2 次)
18:16:35      [等译文 0.47s, 轮询 2 次]
18:16:35  译文: "视图设计器"
18:16:36  translateposthtml.py -> "视图设计器"   [python 94ms]
18:16:36      [粘回译文 172ms]
18:16:36      [回车+等下一个框 203ms]
18:16:36  ---------- 第 453 个文本框 (上一轮共 2.14s) ----------
18:16:36  原文: "Synchronize"   [取文本 0ms, 焦点 Edit 'Synchronize']
18:16:36  translate.py -> need=0  text="Synchronize"   [python 234ms]
18:16:36  不需要翻译 -> 直接回车
18:16:36      [回车+等下一个框 219ms]
18:16:36  ---------- 第 454 个文本框 (上一轮共 0.45s) ----------
18:16:36  原文: "AutoCheckoutEnabled"   [取文本 0ms, 焦点 Edit 'AutoCheckoutEnabled']
18:16:37  translate.py -> need=0  text="AutoCheckoutEnabled"   [python 219ms]
18:16:37  不需要翻译 -> 直接回车
18:16:37      [回车+等下一个框 234ms]
18:16:37  ---------- 第 455 个文本框 (上一轮共 0.45s) ----------
18:16:37  原文: "SourceSafe"   [取文本 0ms, 焦点 Edit 'SourceSafe']
18:16:37  translate.py -> need=0  text="SourceSafe"   [python 187ms]
18:16:37  不需要翻译 -> 直接回车
18:16:37      [回车+等下一个框 219ms]
18:16:37  ---------- 第 456 个文本框 (上一轮共 0.41s) ----------
18:16:37  原文: "ShowEntireAlways"   [取文本 0ms, 焦点 Edit 'ShowEntireAlways']
18:16:37  translate.py -> need=0  text="ShowEntireAlways"   [python 235ms]
18:16:37  不需要翻译 -> 直接回车
18:16:38      [回车+等下一个框 218ms]
18:16:38  ---------- 第 457 个文本框 (上一轮共 0.47s) ----------
18:16:38  原文: "PopupNeeded"   [取文本 0ms, 焦点 Edit 'PopupNeeded']
18:16:38  translate.py -> need=0  text="PopupNeeded"   [python 203ms]
18:16:38  不需要翻译 -> 直接回车
18:16:38      [回车+等下一个框 203ms]
18:16:38  ---------- 第 458 个文本框 (上一轮共 0.41s) ----------
18:16:38  原文: "AcceptIfNotRO"   [取文本 0ms, 焦点 Edit 'AcceptIfNotRO']
18:16:38  translate.py -> need=0  text="AcceptIfNotRO"   [python 188ms]
18:16:38  不需要翻译 -> 直接回车
18:16:38      [回车+等下一个框 203ms]
18:16:38  ---------- 第 459 个文本框 (上一轮共 0.39s) ----------
18:16:38  原文: "AlwaysAskEP"   [取文本 0ms, 焦点 Edit 'AlwaysAskEP']
18:16:39  translate.py -> need=0  text="AlwaysAskEP"   [python 187ms]
18:16:39  不需要翻译 -> 直接回车
18:16:39      [回车+等下一个框 203ms]
18:16:39  ---------- 第 460 个文本框 (上一轮共 0.39s) ----------
18:16:39  原文: "PromptForComments"   [取文本 0ms, 焦点 Edit 'PromptForComments']
18:16:39  translate.py -> need=0  text="PromptForComments"   [python 188ms]
18:16:39  不需要翻译 -> 直接回车
18:16:39      [回车+等下一个框 219ms]
18:16:39  ---------- 第 461 个文本框 (上一轮共 0.41s) ----------
18:16:39  原文: "ForceComments"   [取文本 0ms, 焦点 Edit 'ForceComments']
18:16:39  translate.py -> need=0  text="ForceComments"   [python 203ms]
18:16:39  不需要翻译 -> 直接回车
18:16:40      [回车+等下一个框 219ms]
18:16:40  ---------- 第 462 个文本框 (上一轮共 0.42s) ----------
18:16:40  原文: "CommentsOnlyInCI"   [取文本 0ms, 焦点 Edit 'CommentsOnlyInCI']
18:16:40  translate.py -> need=0  text="CommentsOnlyInCI"   [python 187ms]
18:16:40  不需要翻译 -> 直接回车
18:16:40      [回车+等下一个框 219ms]
18:16:40  ---------- 第 463 个文本框 (上一轮共 0.41s) ----------
18:16:40  原文: "10"   [取文本 0ms, 焦点 Edit '10']
18:16:40  translate.py -> need=0  text="10"   [python 219ms]
18:16:40  不需要翻译 -> 直接回车
18:16:41      [回车+等下一个框 218ms]
18:16:41  ---------- 第 464 个文本框 (上一轮共 0.44s) ----------
18:16:41  原文: "AxCsOptions.ctlPane_Other_AutoSave.InitOptions"   [取文本 0ms, 焦点 Edit 'AxCsOptions.ctlPane_']
18:16:41  translate.py -> need=0  text="AxCsOptions.ctlPane_Other_AutoSave.InitOptions"   [python 188ms]
18:16:41  不需要翻译 -> 直接回车
18:16:41      [回车+等下一个框 219ms]
18:16:41  ---------- 第 465 个文本框 (上一轮共 0.41s) ----------
18:16:41  原文: ") '"   [取文本 0ms, 焦点 Edit ') '']
18:16:41  translate.py -> need=0  text=") '"   [python 203ms]
18:16:41  不需要翻译 -> 直接回车
18:16:41      [回车+等下一个框 203ms]
18:16:41  ---------- 第 466 个文本框 (上一轮共 0.41s) ----------
18:16:41  原文: "AxCsOptions.ctlPane_Other_History.InitOptions"   [取文本 0ms, 焦点 Edit 'AxCsOptions.ctlPane_']
18:16:42  translate.py -> need=0  text="AxCsOptions.ctlPane_Other_History.InitOptions"   [python 187ms]
18:16:42  不需要翻译 -> 直接回车
18:16:42      [回车+等下一个框 203ms]
18:16:42  ---------- 第 467 个文本框 (上一轮共 0.39s) ----------
18:16:42  原文: "Enabled"   [取文本 0ms, 焦点 Edit 'Enabled']
18:16:42  translate.py -> need=0  text="Enabled"   [python 219ms]
18:16:42  不需要翻译 -> 直接回车
18:16:42      [回车+等下一个框 203ms]
18:16:42  ---------- 第 468 个文本框 (上一轮共 0.42s) ----------
18:16:42  原文: "AutoReplace"   [取文本 0ms, 焦点 Edit 'AutoReplace']
18:16:42  translate.py -> need=0  text="AutoReplace"   [python 219ms]
18:16:42  不需要翻译 -> 直接回车
18:16:43      [回车+等下一个框 234ms]
18:16:43  ---------- 第 469 个文本框 (上一轮共 0.45s) ----------
18:16:43  原文: "Confirmation"   [取文本 0ms, 焦点 Edit 'Confirmation']
18:16:43  translate.py -> need=0  text="Confirmation"   [python 204ms]
18:16:43  不需要翻译 -> 直接回车
18:16:43      [回车+等下一个框 203ms]
18:16:43  ---------- 第 470 个文本框 (上一轮共 0.41s) ----------
18:16:43  原文: "AllowInStrings"   [取文本 0ms, 焦点 Edit 'AllowInStrings']
18:16:43  translate.py -> need=0  text="AllowInStrings"   [python 203ms]
18:16:43  不需要翻译 -> 直接回车
18:16:43      [回车+等下一个框 203ms]
18:16:43  ---------- 第 471 个文本框 (上一轮共 0.41s) ----------
18:16:43  原文: "AllowInComments"   [取文本 0ms, 焦点 Edit 'AllowInComments']
18:16:44  translate.py -> need=0  text="AllowInComments"   [python 203ms]
18:16:44  不需要翻译 -> 直接回车
18:16:44      [回车+等下一个框 203ms]
18:16:44  ---------- 第 472 个文本框 (上一轮共 0.41s) ----------
18:16:44  原文: "AutoHeaderInsert"   [取文本 0ms, 焦点 Edit 'AutoHeaderInsert']
18:16:44  translate.py -> need=0  text="AutoHeaderInsert"   [python 219ms]
18:16:44  不需要翻译 -> 直接回车
18:16:44      [回车+等下一个框 203ms]
18:16:44  ---------- 第 473 个文本框 (上一轮共 0.42s) ----------
18:16:44  原文: "CodeAutomation\Headers"   [取文本 0ms, 焦点 Edit 'CodeAutomation\Heade']
18:16:44  translate.py -> need=0  text="CodeAutomation\Headers"   [python 219ms]
18:16:44  不需要翻译 -> 直接回车
18:16:45      [回车+等下一个框 203ms]
18:16:45  ---------- 第 474 个文本框 (上一轮共 0.42s) ----------
18:16:45  原文: "MemberHeaderInsertBefore"   [取文本 0ms, 焦点 Edit 'MemberHeaderInsertBe']
18:16:45  translate.py -> need=0  text="MemberHeaderInsertBefore"   [python 234ms]
18:16:45  不需要翻译 -> 直接回车
18:16:45      [回车+等下一个框 203ms]
18:16:45  ---------- 第 475 个文本框 (上一轮共 0.44s) ----------
18:16:45  原文: "ReportErrors"   [取文本 0ms, 焦点 Edit 'ReportErrors']
18:16:45  translate.py -> need=0  text="ReportErrors"   [python 204ms]
18:16:45  不需要翻译 -> 直接回车
18:16:46      [回车+等下一个框 203ms]
18:16:46  ---------- 第 476 个文本框 (上一轮共 0.42s) ----------
18:16:46  原文: "Logging"   [取文本 0ms, 焦点 Edit 'Logging']
18:16:46  translate.py -> need=0  text="Logging"   [python 203ms]
18:16:46  不需要翻译 -> 直接回车
18:16:46      [回车+等下一个框 204ms]
18:16:46  ---------- 第 477 个文本框 (上一轮共 0.42s) ----------
18:16:46  原文: "512"   [取文本 0ms, 焦点 Edit '512']
18:16:46  translate.py -> need=0  text="512"   [python 188ms]
18:16:46  不需要翻译 -> 直接回车
18:16:46      [回车+等下一个框 203ms]
18:16:46  ---------- 第 478 个文本框 (上一轮共 0.39s) ----------
18:16:46  原文: "LogFileSize"   [取文本 0ms, 焦点 Edit 'LogFileSize']
18:16:47  translate.py -> need=0  text="LogFileSize"   [python 234ms]
18:16:47  不需要翻译 -> 直接回车
18:16:47      [回车+等下一个框 203ms]
18:16:47  ---------- 第 479 个文本框 (上一轮共 0.44s) ----------
18:16:47  原文: "(Type);Name;Index;Caption;Text;TabStop;TabIndex;ToolTipText;Left;Top;Width;Height"   [取文本 0ms, 焦点 Edit '(Type);Name;Index;Ca']
18:16:47  translate.py -> need=0  text="(Type);Name;Index;Caption;Text;TabStop;TabIndex;ToolTipText;Left;Top;Width;Height"   [python 188ms]
18:16:47  不需要翻译 -> 直接回车
18:16:47      [回车+等下一个框 203ms]
18:16:47  ---------- 第 480 个文本框 (上一轮共 0.39s) ----------
18:16:47  原文: "Properties"   [取文本 0ms, 焦点 Edit 'Properties']
18:16:47  translate.py -> need=0  text="Properties"   [python 250ms]
18:16:47  不需要翻译 -> 直接回车
18:16:48      [回车+等下一个框 219ms]
18:16:48  ---------- 第 481 个文本框 (上一轮共 0.47s) ----------
18:16:48  原文: "PropertyTips"   [取文本 0ms, 焦点 Edit 'PropertyTips']
18:16:48  translate.py -> need=0  text="PropertyTips"   [python 203ms]
18:16:48  不需要翻译 -> 直接回车
18:16:48      [回车+等下一个框 203ms]
18:16:48  ---------- 第 482 个文本框 (上一轮共 0.41s) ----------
18:16:48  原文: "AxCsOptions.ctlPane_PropertyTips.InitOptions"   [取文本 0ms, 焦点 Edit 'AxCsOptions.ctlPane_']
18:16:48  translate.py -> need=0  text="AxCsOptions.ctlPane_PropertyTips.InitOptions"   [python 219ms]
18:16:48  不需要翻译 -> 直接回车
18:16:48      [回车+等下一个框 203ms]
18:16:48  ---------- 第 483 个文本框 (上一轮共 0.44s) ----------
18:16:48  原文: "250"   [取文本 0ms, 焦点 Edit '250']
18:16:49  translate.py -> need=0  text="250"   [python 188ms]
18:16:49  不需要翻译 -> 直接回车
18:16:49      [回车+等下一个框 219ms]
18:16:49  ---------- 第 484 个文本框 (上一轮共 0.41s) ----------
18:16:49  原文: "Delay"   [取文本 0ms, 焦点 Edit 'Delay']
18:16:49  translate.py -> need=0  text="Delay"   [python 203ms]
18:16:49  不需要翻译 -> 直接回车
18:16:49      [回车+等下一个框 203ms]
18:16:49  ---------- 第 485 个文本框 (上一轮共 0.42s) ----------
18:16:49  原文: "Software"   [取文本 0ms, 焦点 Edit 'Software']
18:16:49  translate.py -> need=0  text="Software"   [python 171ms]
18:16:49  不需要翻译 -> 直接回车
18:16:50      [回车+等下一个框 204ms]
18:16:50  ---------- 第 486 个文本框 (上一轮共 0.38s) ----------
18:16:50  原文: "Microsoft"   [取文本 0ms, 焦点 Edit 'Microsoft']
18:16:50  translate.py -> need=0  text="Microsoft"   [python 187ms]
18:16:50  不需要翻译 -> 直接回车
18:16:50      [回车+等下一个框 203ms]
18:16:50  ---------- 第 487 个文本框 (上一轮共 0.39s) ----------
18:16:50  原文: "Visual Basic"   [取文本 0ms, 焦点 Edit 'Visual Basic']
18:16:51  translate.py -> need=0  text="Visual Basic"   [python 875ms]
18:16:51  不需要翻译 -> 直接回车
18:16:51      [回车+等下一个框 234ms]
18:16:51  ---------- 第 488 个文本框 (上一轮共 1.14s) ----------
18:16:51  原文: "CheckLibVersions"   [取文本 0ms, 焦点 Edit 'CheckLibVersions']
18:16:51  translate.py -> need=0  text="CheckLibVersions"   [python 219ms]
18:16:51  不需要翻译 -> 直接回车
18:16:52      [回车+等下一个框 234ms]
18:16:52  ---------- 第 489 个文本框 (上一轮共 0.45s) ----------
18:16:52  原文: "LastOutputPanePos"   [取文本 0ms, 焦点 Edit 'LastOutputPanePos']
18:16:52  translate.py -> need=0  text="LastOutputPanePos"   [python 203ms]
18:16:52  不需要翻译 -> 直接回车
18:16:52      [回车+等下一个框 219ms]
18:16:52  ---------- 第 490 个文本框 (上一轮共 0.42s) ----------
18:16:52  原文: "EVALUATION VERSION - "   [取文本 0ms, 焦点 Edit 'EVALUATION VERSION -']
18:16:53  translate.py -> need=1  text="EVALUATION VERSION - "   [python 906ms]
18:16:53  翻译前基准: "EVALUATION VERSION - "   [粘贴 156ms, 取基准 0ms]
18:16:53  按翻译热键 (第 1 次, step 模式)   [全选+确认 313ms]
18:16:54      第 1 次轮询看到内容变了
18:16:54  译文已稳定 (轮询 2 次)
18:16:54      [等译文 0.47s, 轮询 2 次]
18:16:54  译文: "评估版本-"
18:16:55  translateposthtml.py -> "评估版本-"   [python 94ms]
18:16:55      [粘回译文 141ms]
18:16:55      [回车+等下一个框 234ms]
18:16:55  ---------- 第 491 个文本框 (上一轮共 2.88s) ----------
18:16:55  原文: "EXPIRED"   [取文本 0ms, 焦点 Edit 'EXPIRED']
18:16:55  translate.py -> need=0  text="EXPIRED"   [python 234ms]
18:16:55  不需要翻译 -> 直接回车
18:16:55      [回车+等下一个框 219ms]
18:16:55  ---------- 第 492 个文本框 (上一轮共 0.45s) ----------
18:16:55  原文: " day(s) remaining"   [取文本 0ms, 焦点 Edit ' day(s) remaining']
18:16:56  translate.py -> need=1  text=" day(s) remaining"   [python 1000ms]
18:16:57  翻译前基准: " day(s) remaining"   [粘贴 141ms, 取基准 0ms]
18:16:57  按翻译热键 (第 1 次, step 模式)   [全选+确认 296ms]
18:16:58      第 1 次轮询看到内容变了
18:16:58  译文已稳定 (轮询 2 次)
18:16:58      [等译文 0.47s, 轮询 2 次]
18:16:58  译文: "剩余天数"
18:16:58  translateposthtml.py -> "剩余天数"   [python 93ms]
18:16:58      [粘回译文 141ms]
18:16:58      [回车+等下一个框 203ms]
18:16:58  ---------- 第 493 个文本框 (上一轮共 2.91s) ----------
18:16:58  原文: "AppPath"   [取文本 0ms, 焦点 Edit 'AppPath']
18:16:59  translate.py -> need=0  text="AppPath"   [python 188ms]
18:16:59  不需要翻译 -> 直接回车
18:16:59      [回车+等下一个框 203ms]
18:16:59  ---------- 第 494 个文本框 (上一轮共 0.39s) ----------
18:16:59  原文: "\Common Files"   [取文本 0ms, 焦点 Edit '\Common Files']
18:16:59  translate.py -> need=0  text="\Common Files"   [python 203ms]
18:16:59  不需要翻译 -> 直接回车
18:16:59      [回车+等下一个框 203ms]
18:16:59  ---------- 第 495 个文本框 (上一轮共 0.41s) ----------
18:16:59  原文: "AxTools Shared\"   [取文本 0ms, 焦点 Edit 'AxTools Shared\']
18:17:00  translate.py -> need=0  text="AxTools Shared\"   [python 828ms]
18:17:00  不需要翻译 -> 直接回车
18:17:00      [回车+等下一个框 219ms]
18:17:00  ---------- 第 496 个文本框 (上一轮共 1.05s) ----------
18:17:00  原文: "\AxTools Shared\"   [取文本 0ms, 焦点 Edit '\AxTools Shared\']
18:17:00  translate.py -> need=0  text="\AxTools Shared\"   [python 219ms]
18:17:00  不需要翻译 -> 直接回车
18:17:01      [回车+等下一个框 218ms]
18:17:01  ---------- 第 497 个文本框 (上一轮共 0.44s) ----------
18:17:01  原文: "AxCS.dll"   [取文本 0ms, 焦点 Edit 'AxCS.dll']
18:17:01  translate.py -> need=0  text="AxCS.dll"   [python 188ms]
18:17:01  不需要翻译 -> 直接回车
18:17:01      [回车+等下一个框 219ms]
18:17:01  ---------- 第 498 个文本框 (上一轮共 0.41s) ----------
18:17:01  原文: "AxCsAutoList.dll"   [取文本 0ms, 焦点 Edit 'AxCsAutoList.dll']
18:17:01  translate.py -> need=0  text="AxCsAutoList.dll"   [python 203ms]
18:17:01  不需要翻译 -> 直接回车
18:17:01      [回车+等下一个框 203ms]
18:17:01  ---------- 第 499 个文本框 (上一轮共 0.41s) ----------
18:17:01  原文: "AutoLoginPassword"   [取文本 0ms, 焦点 Edit 'AutoLoginPassword']
18:17:02  translate.py -> need=0  text="AutoLoginPassword"   [python 219ms]
18:17:02  不需要翻译 -> 直接回车
18:17:02      [回车+等下一个框 203ms]
18:17:02  ---------- 第 500 个文本框 (上一轮共 0.44s) ----------
18:17:02  原文: "TaskList"   [取文本 0ms, 焦点 Edit 'TaskList']
18:17:02  translate.py -> need=0  text="TaskList"   [python 204ms]
18:17:02  不需要翻译 -> 直接回车
18:17:02      [回车+等下一个框 234ms]
18:17:02  ---------- 第 501 个文本框 (上一轮共 0.44s) ----------
18:17:02  原文: "AxCsOptions.ctlPane_Tasks_Password.InitOptions"   [取文本 0ms, 焦点 Edit 'AxCsOptions.ctlPane_']
18:17:03  translate.py -> need=0  text="AxCsOptions.ctlPane_Tasks_Password.InitOptions"   [python 234ms]
18:17:03  不需要翻译 -> 直接回车
18:17:03      [回车+等下一个框 219ms]
18:17:03  ---------- 第 502 个文本框 (上一轮共 0.45s) ----------
18:17:03  原文: "AxCsOptions.ctlPane_Tasks_Rights.InitOptions"   [取文本 0ms, 焦点 Edit 'AxCsOptions.ctlPane_']
18:17:03  translate.py -> need=0  text="AxCsOptions.ctlPane_Tasks_Rights.InitOptions"   [python 219ms]
18:17:03  不需要翻译 -> 直接回车
18:17:03      [回车+等下一个框 219ms]
18:17:03  ---------- 第 503 个文本框 (上一轮共 0.44s) ----------
18:17:03  原文: "CodeSMART"   [取文本 0ms, 焦点 Edit 'CodeSMART']
18:17:03  translate.py -> need=0  text="CodeSMART"   [python 203ms]
18:17:03  不需要翻译 -> 直接回车
18:17:04      [回车+等下一个框 218ms]
18:17:04  ---------- 第 504 个文本框 (上一轮共 0.42s) ----------
18:17:04  原文: "Only an administrator can modify task list operation rights. These options will not be saved."   [取文本 0ms, 焦点 Edit 'Only an administrato']
18:17:04  translate.py -> need=1  text="Only an administrator can modify task list operation rights. These options will not be saved."   [python 829ms]
18:17:05  翻译前基准: "Only an administrator can modify task list operation rights. These options will not be saved."   [粘贴 171ms, 取基准 0ms]
18:17:05  按翻译热键 (第 1 次, step 模式)   [全选+确认 297ms]
18:17:06      第 1 次轮询看到内容变了
18:17:06  译文已稳定 (轮询 2 次)
18:17:06      [等译文 0.45s, 轮询 2 次]
18:17:06  译文: "只有管理员可以修改任务列表操作权限。这些选项将不会被保存。"
18:17:06  translateposthtml.py -> "只有管理员可以修改任务列表操作权限。这些选项将不会被保存。"   [python 110ms]
18:17:06      [粘回译文 140ms]
18:17:06      [回车+等下一个框 219ms]
18:17:06  ---------- 第 505 个文本框 (上一轮共 2.78s) ----------
18:17:06  原文: "AxCsOptions.ctlPane_Tasks_Rights.SaveOptions"   [取文本 0ms, 焦点 Edit 'AxCsOptions.ctlPane_']
18:17:07  translate.py -> need=0  text="AxCsOptions.ctlPane_Tasks_Rights.SaveOptions"   [python 218ms]
18:17:07  不需要翻译 -> 直接回车
18:17:07      [回车+等下一个框 219ms]
18:17:07  ---------- 第 506 个文本框 (上一轮共 0.44s) ----------
18:17:07  原文: "You need administrative rights in order to modify this setting"   [取文本 0ms, 焦点 Edit 'You need administrat']
18:17:08  translate.py -> need=1  text="You need administrative rights in order to modify this setting"   [python 797ms]
18:17:08  翻译前基准: "You need administrative rights in order to modify this setting"   [粘贴 156ms, 取基准 0ms]
18:17:08  按翻译热键 (第 1 次, step 模式)   [全选+确认 297ms]
18:17:09      第 1 次轮询看到内容变了
18:17:09  译文已稳定 (轮询 2 次)
18:17:09      [等译文 0.45s, 轮询 2 次]
18:17:09  译文: "您需要管理权限才能修改此设置"
18:17:09  translateposthtml.py -> "您需要管理权限才能修改此设置"   [python 109ms]
18:17:09      [粘回译文 141ms]
18:17:10      [回车+等下一个框 234ms]
18:17:10  ---------- 第 507 个文本框 (上一轮共 2.75s) ----------
18:17:10  原文: "AxCsOptions.ctlPane_Tasks_Rights.chkAndEditAssignmentData_Click"   [取文本 0ms, 焦点 Edit 'AxCsOptions.ctlPane_']
18:17:10  translate.py -> need=0  text="AxCsOptions.ctlPane_Tasks_Rights.chkAndEditAssignmentData_Click"   [python 219ms]
18:17:10  不需要翻译 -> 直接回车
18:17:10      [回车+等下一个框 219ms]
18:17:10  ---------- 第 508 个文本框 (上一轮共 0.44s) ----------
18:17:10  原文: "AxCsOptions.ctlPane_Tasks_Rights.IsAdmin"   [取文本 0ms, 焦点 Edit 'AxCsOptions.ctlPane_']
18:17:10  translate.py -> need=0  text="AxCsOptions.ctlPane_Tasks_Rights.IsAdmin"   [python 203ms]
18:17:10  不需要翻译 -> 直接回车
18:17:10      [回车+等下一个框 203ms]
18:17:10  ---------- 第 509 个文本框 (上一轮共 0.41s) ----------
18:17:10  原文: "Right granted by the administrative user to the team members "   [取文本 0ms, 焦点 Edit 'Right granted by the']
18:17:11  translate.py -> need=1  text="Right granted by the administrative user to the team members "   [python 797ms]
18:17:11  翻译前基准: "Right granted by the administrative user to the team members "   [粘贴 140ms, 取基准 0ms]
18:17:12  按翻译热键 (第 1 次, step 模式)   [全选+确认 297ms]
18:17:13      第 1 次轮询看到内容变了
18:17:13  译文已稳定 (轮询 2 次)
18:17:13      [等译文 0.49s, 轮询 2 次]
18:17:13  译文: "管理用户授予团队成员的权限"
18:17:13  translateposthtml.py -> "管理用户授予团队成员的权限"   [python 94ms]
18:17:13      [粘回译文 140ms]
18:17:13      [回车+等下一个框 219ms]
18:17:13  ---------- 第 510 个文本框 (上一轮共 2.75s) ----------
18:17:13  原文: "ShowMigrateMenu"   [取文本 0ms, 焦点 Edit 'ShowMigrateMenu']
18:17:13  translate.py -> need=0  text="ShowMigrateMenu"   [python 219ms]
18:17:13  不需要翻译 -> 直接回车
18:17:14      [回车+等下一个框 218ms]
18:17:14  ---------- 第 511 个文本框 (上一轮共 0.44s) ----------
18:17:14  原文: "CodeAutomation\Error Handling"   [取文本 0ms, 焦点 Edit 'CodeAutomation\Error']
18:17:15  translate.py -> need=0  text="CodeAutomation\Error Handling"   [python 907ms]
18:17:15  不需要翻译 -> 直接回车
18:17:15      [回车+等下一个框 203ms]
18:17:15  ---------- 第 512 个文本框 (上一轮共 1.11s) ----------
18:17:15  原文: "SkipEmptyMembers"   [取文本 0ms, 焦点 Edit 'SkipEmptyMembers']
18:17:15  translate.py -> need=0  text="SkipEmptyMembers"   [python 203ms]
18:17:15  不需要翻译 -> 直接回车
18:17:15      [回车+等下一个框 219ms]
18:17:15  ---------- 第 513 个文本框 (上一轮共 0.42s) ----------
18:17:15  原文: "LNLabelStyle"   [取文本 0ms, 焦点 Edit 'LNLabelStyle']
18:17:15  translate.py -> need=0  text="LNLabelStyle"   [python 203ms]
18:17:15  不需要翻译 -> 直接回车
18:17:16      [回车+等下一个框 219ms]
18:17:16  ---------- 第 514 个文本框 (上一轮共 0.42s) ----------
18:17:16  原文: "OnlyWhereNoEHCode"   [取文本 0ms, 焦点 Edit 'OnlyWhereNoEHCode']
18:17:16  translate.py -> need=0  text="OnlyWhereNoEHCode"   [python 187ms]
18:17:16  不需要翻译 -> 直接回车
18:17:16      [回车+等下一个框 203ms]
18:17:16  ---------- 第 515 个文本框 (上一轮共 0.39s) ----------
18:17:16  原文: "UseCSTags"   [取文本 0ms, 焦点 Edit 'UseCSTags']
18:17:16  translate.py -> need=0  text="UseCSTags"   [python 203ms]
18:17:16  不需要翻译 -> 直接回车
18:17:16      [回车+等下一个框 203ms]
18:17:16  ---------- 第 516 个文本框 (上一轮共 0.41s) ----------
18:17:16  原文: "CodeAutomation"   [取文本 0ms, 焦点 Edit 'CodeAutomation']
18:17:17  translate.py -> need=0  text="CodeAutomation"   [python 204ms]
18:17:17  不需要翻译 -> 直接回车
18:17:17      [回车+等下一个框 203ms]
18:17:17  ---------- 第 517 个文本框 (上一轮共 0.42s) ----------
18:17:17  原文: "Backup"   [取文本 0ms, 焦点 Edit 'Backup']
18:17:17  translate.py -> need=0  text="Backup"   [python 188ms]
18:17:17  不需要翻译 -> 直接回车
18:17:17      [回车+等下一个框 203ms]
18:17:17  ---------- 第 518 个文本框 (上一轮共 0.39s) ----------
18:17:17  原文: "BackupPath"   [取文本 0ms, 焦点 Edit 'BackupPath']
18:17:17  translate.py -> need=0  text="BackupPath"   [python 203ms]
18:17:17  不需要翻译 -> 直接回车
18:17:18      [回车+等下一个框 203ms]
18:17:18  ---------- 第 519 个文本框 (上一轮共 0.41s) ----------
18:17:18  原文: "ClearImmediate"   [取文本 0ms, 焦点 Edit 'ClearImmediate']
18:17:18  translate.py -> need=0  text="ClearImmediate"   [python 188ms]
18:17:18  不需要翻译 -> 直接回车
18:17:18      [回车+等下一个框 203ms]
18:17:18  ---------- 第 520 个文本框 (上一轮共 0.41s) ----------
18:17:18  原文: "OnRun"   [取文本 0ms, 焦点 Edit 'OnRun']
18:17:18  translate.py -> need=0  text="OnRun"   [python 204ms]
18:17:18  不需要翻译 -> 直接回车
18:17:18      [回车+等下一个框 203ms]
18:17:18  ---------- 第 521 个文本框 (上一轮共 0.41s) ----------
18:17:18  原文: "EnableStopper"   [取文本 0ms, 焦点 Edit 'EnableStopper']
18:17:19  translate.py -> need=0  text="EnableStopper"   [python 187ms]
18:17:19  不需要翻译 -> 直接回车
18:17:19      [回车+等下一个框 203ms]
18:17:19  ---------- 第 522 个文本框 (上一轮共 0.39s) ----------
18:17:19  原文: "AxCsOptions.ctlPane_ProjEx_Sorting.InitOptions"   [取文本 0ms, 焦点 Edit 'AxCsOptions.ctlPane_']
18:17:19  translate.py -> need=0  text="AxCsOptions.ctlPane_ProjEx_Sorting.InitOptions"   [python 203ms]
18:17:19  不需要翻译 -> 直接回车
18:17:19      [回车+等下一个框 204ms]
18:17:19  ---------- 第 523 个文本框 (上一轮共 0.42s) ----------
18:17:19  原文: "AxCsOptions.ctlPane_ProjEx_Sorting.SaveOptions"   [取文本 0ms, 焦点 Edit 'AxCsOptions.ctlPane_']
18:17:19  translate.py -> need=0  text="AxCsOptions.ctlPane_ProjEx_Sorting.SaveOptions"   [python 219ms]
18:17:19  不需要翻译 -> 直接回车
18:17:20      [回车+等下一个框 219ms]
18:17:20  ---------- 第 524 个文本框 (上一轮共 0.44s) ----------
18:17:20  原文: "SortNodes"   [取文本 0ms, 焦点 Edit 'SortNodes']
18:17:20  translate.py -> need=0  text="SortNodes"   [python 187ms]
18:17:20  不需要翻译 -> 直接回车
18:17:20      [回车+等下一个框 203ms]
18:17:20  ---------- 第 525 个文本框 (上一轮共 0.39s) ----------
18:17:20  原文: "SortByType"   [取文本 0ms, 焦点 Edit 'SortByType']
18:17:20  translate.py -> need=0  text="SortByType"   [python 203ms]
18:17:20  不需要翻译 -> 直接回车
18:17:20      [回车+等下一个框 219ms]
18:17:20  ---------- 第 526 个文本框 (上一轮共 0.42s) ----------
18:17:20  原文: "SortByScope"   [取文本 0ms, 焦点 Edit 'SortByScope']
18:17:21  translate.py -> need=0  text="SortByScope"   [python 188ms]
18:17:21  不需要翻译 -> 直接回车
18:17:21      [回车+等下一个框 203ms]
18:17:21  ---------- 第 527 个文本框 (上一轮共 0.39s) ----------
18:17:21  原文: "AxCsOptions.ctlPane_ProjEx_Sorting.InitTreeSortOrder"   [取文本 0ms, 焦点 Edit 'AxCsOptions.ctlPane_']
18:17:21  translate.py -> need=0  text="AxCsOptions.ctlPane_ProjEx_Sorting.InitTreeSortOrder"   [python 187ms]
18:17:21  不需要翻译 -> 直接回车
18:17:21      [回车+等下一个框 219ms]
18:17:21  ---------- 第 528 个文本框 (上一轮共 0.41s) ----------
18:17:21  原文: "AxCsOptions.ctlPane_ProjEx_Sorting.EnableCustom"   [取文本 0ms, 焦点 Edit 'AxCsOptions.ctlPane_']
18:17:21  translate.py -> need=0  text="AxCsOptions.ctlPane_ProjEx_Sorting.EnableCustom"   [python 203ms]
18:17:21  不需要翻译 -> 直接回车
18:17:22      [回车+等下一个框 203ms]
18:17:22  ---------- 第 529 个文本框 (上一轮共 0.41s) ----------
18:17:22  原文: "AxCsOptions.ctlPane_ProjEx_Sorting.chkScope_Click"   [取文本 0ms, 焦点 Edit 'AxCsOptions.ctlPane_']
18:17:22  translate.py -> need=0  text="AxCsOptions.ctlPane_ProjEx_Sorting.chkScope_Click"   [python 219ms]
18:17:22  不需要翻译 -> 直接回车
18:17:22      [回车+等下一个框 219ms]
18:17:22  ---------- 第 530 个文本框 (上一轮共 0.44s) ----------
18:17:22  原文: "Enables/disables nodes sorting depending on their scopes."   [取文本 0ms, 焦点 Edit 'Enables/disables nod']
18:17:23  translate.py -> need=1  text="Enables/disables nodes sorting depending on their scopes."   [python 875ms]
18:17:23  翻译前基准: "Enables/disables nodes sorting depending on their scopes."   [粘贴 156ms, 取基准 0ms]
18:17:23  按翻译热键 (第 1 次, step 模式)   [全选+确认 313ms]
18:17:24      第 1 次轮询看到内容变了
18:17:24  译文已稳定 (轮询 2 次)
18:17:24      [等译文 0.45s, 轮询 2 次]
18:17:24  译文: "根据节点的作用域启用/禁用节点排序。"
18:17:25  translateposthtml.py -> "根据节点的作用域启用/禁用节点排序。"   [python 140ms]
18:17:25      [粘回译文 141ms]
18:17:25      [回车+等下一个框 203ms]
18:17:25  ---------- 第 531 个文本框 (上一轮共 2.88s) ----------
18:17:25  原文: "AxCsOptions.ctlPane_ProjEx_Sorting.chkScope_GotFocus"   [取文本 0ms, 焦点 Edit 'AxCsOptions.ctlPane_']
18:17:25  translate.py -> need=0  text="AxCsOptions.ctlPane_ProjEx_Sorting.chkScope_GotFocus"   [python 203ms]
18:17:25  不需要翻译 -> 直接回车
18:17:25      [回车+等下一个框 234ms]
18:17:25  ---------- 第 532 个文本框 (上一轮共 0.44s) ----------
18:17:25  原文: "AxCsOptions.ctlPane_ProjEx_Sorting.chkType_Click"   [取文本 0ms, 焦点 Edit 'AxCsOptions.ctlPane_']
18:17:26  translate.py -> need=0  text="AxCsOptions.ctlPane_ProjEx_Sorting.chkType_Click"   [python 219ms]
18:17:26  不需要翻译 -> 直接回车
18:17:26      [回车+等下一个框 203ms]
18:17:26  ---------- 第 533 个文本框 (上一轮共 0.42s) ----------
18:17:26  原文: "Enables/disables nodes sorting depending on their types."   [取文本 0ms, 焦点 Edit 'Enables/disables nod']
18:17:27  translate.py -> need=1  text="Enables/disables nodes sorting depending on their types."   [python 875ms]
18:17:27  翻译前基准: "Enables/disables nodes sorting depending on their types."   [粘贴 141ms, 取基准 0ms]
18:17:27  按翻译热键 (第 1 次, step 模式)   [全选+确认 297ms]
18:17:28      第 1 次轮询看到内容变了
18:17:28  译文已稳定 (轮询 2 次)
18:17:28      [等译文 0.47s, 轮询 2 次]
18:17:28  译文: "根据节点类型启用/禁用节点排序。"
18:17:28  translateposthtml.py -> "根据节点类型启用/禁用节点排序。"   [python 94ms]
18:17:28      [粘回译文 156ms]
18:17:29      [回车+等下一个框 219ms]
18:17:29  ---------- 第 534 个文本框 (上一轮共 2.80s) ----------
18:17:29  原文: "AxCsOptions.ctlPane_ProjEx_Sorting.chkType_GotFocus"   [取文本 0ms, 焦点 Edit 'AxCsOptions.ctlPane_']
18:17:29  translate.py -> need=0  text="AxCsOptions.ctlPane_ProjEx_Sorting.chkType_GotFocus"   [python 188ms]
18:17:29  不需要翻译 -> 直接回车
18:17:29      [回车+等下一个框 234ms]
18:17:29  ---------- 第 535 个文本框 (上一轮共 0.42s) ----------
18:17:29  原文: "AutoParse"   [取文本 0ms, 焦点 Edit 'AutoParse']
18:17:29  translate.py -> need=0  text="AutoParse"   [python 203ms]
18:17:29  不需要翻译 -> 直接回车
18:17:29      [回车+等下一个框 203ms]
18:17:29  ---------- 第 536 个文本框 (上一轮共 0.41s) ----------
18:17:29  原文: "CodeFlow"   [取文本 0ms, 焦点 Edit 'CodeFlow']
18:17:30  translate.py -> need=0  text="CodeFlow"   [python 219ms]
18:17:30  不需要翻译 -> 直接回车
18:17:30      [回车+等下一个框 203ms]
18:17:30  ---------- 第 537 个文本框 (上一轮共 0.42s) ----------
18:17:30  原文: "MainDicPath"   [取文本 0ms, 焦点 Edit 'MainDicPath']
18:17:30  translate.py -> need=0  text="MainDicPath"   [python 203ms]
18:17:30  不需要翻译 -> 直接回车
18:17:30      [回车+等下一个框 219ms]
18:17:30  ---------- 第 538 个文本框 (上一轮共 0.44s) ----------
18:17:30  原文: "SpellUs.lex"   [取文本 0ms, 焦点 Edit 'SpellUs.lex']
18:17:30  translate.py -> need=0  text="SpellUs.lex"   [python 203ms]
18:17:30  不需要翻译 -> 直接回车
18:17:31      [回车+等下一个框 203ms]
18:17:31  ---------- 第 539 个文本框 (上一轮共 0.41s) ----------
18:17:31  原文: "MainDicFile"   [取文本 0ms, 焦点 Edit 'MainDicFile']
18:17:31  translate.py -> need=0  text="MainDicFile"   [python 203ms]
18:17:31  不需要翻译 -> 直接回车
18:17:31      [回车+等下一个框 219ms]
18:17:31  ---------- 第 540 个文本框 (上一轮共 0.42s) ----------
18:17:31  原文: "Spelling"   [取文本 0ms, 焦点 Edit 'Spelling']
18:17:31  translate.py -> need=0  text="Spelling"   [python 187ms]
18:17:31  不需要翻译 -> 直接回车
18:17:32      [回车+等下一个框 203ms]
18:17:32  ---------- 第 541 个文本框 (上一轮共 0.39s) ----------
18:17:32  原文: "spellcz.lex"   [取文本 0ms, 焦点 Edit 'spellcz.lex']
18:17:32  translate.py -> need=0  text="spellcz.lex"   [python 203ms]
18:17:32  不需要翻译 -> 直接回车
18:17:32      [回车+等下一个框 204ms]
18:17:32  ---------- 第 542 个文本框 (上一轮共 0.41s) ----------
18:17:32  原文: "Czech"   [取文本 0ms, 焦点 Edit 'Czech']
18:17:32  translate.py -> need=0  text="Czech"   [python 188ms]
18:17:32  不需要翻译 -> 直接回车
18:17:32      [回车+等下一个框 203ms]
18:17:32  ---------- 第 543 个文本框 (上一轮共 0.41s) ----------
18:17:32  原文: "spelldan.lex"   [取文本 0ms, 焦点 Edit 'spelldan.lex']
18:17:33  translate.py -> need=0  text="spelldan.lex"   [python 203ms]
18:17:33  不需要翻译 -> 直接回车
18:17:33      [回车+等下一个框 203ms]
18:17:33  ---------- 第 544 个文本框 (上一轮共 0.41s) ----------
18:17:33  原文: "Danish"   [取文本 0ms, 焦点 Edit 'Danish']
18:17:33  translate.py -> need=0  text="Danish"   [python 203ms]
18:17:33  不需要翻译 -> 直接回车
18:17:33      [回车+等下一个框 235ms]
18:17:33  ---------- 第 545 个文本框 (上一轮共 0.44s) ----------
18:17:33  原文: "spellesp.lex"   [取文本 0ms, 焦点 Edit 'spellesp.lex']
18:17:33  translate.py -> need=0  text="spellesp.lex"   [python 218ms]
18:17:33  不需要翻译 -> 直接回车
18:17:34      [回车+等下一个框 203ms]
18:17:34  ---------- 第 546 个文本框 (上一轮共 0.42s) ----------
18:17:34  原文: "Spanish"   [取文本 0ms, 焦点 Edit 'Spanish']
18:17:34  translate.py -> need=0  text="Spanish"   [python 204ms]
18:17:34  不需要翻译 -> 直接回车
18:17:34      [回车+等下一个框 203ms]
18:17:34  ---------- 第 547 个文本框 (上一轮共 0.41s) ----------
18:17:34  原文: "spellfra.lex"   [取文本 0ms, 焦点 Edit 'spellfra.lex']
18:17:34  translate.py -> need=0  text="spellfra.lex"   [python 187ms]
18:17:34  不需要翻译 -> 直接回车
18:17:34      [回车+等下一个框 203ms]
18:17:34  ---------- 第 548 个文本框 (上一轮共 0.41s) ----------
18:17:34  原文: "French"   [取文本 0ms, 焦点 Edit 'French']
18:17:35  translate.py -> need=0  text="French"   [python 203ms]
18:17:35  不需要翻译 -> 直接回车
18:17:35      [回车+等下一个框 203ms]
18:17:35  ---------- 第 549 个文本框 (上一轮共 0.41s) ----------
18:17:35  原文: "spellger.lex"   [取文本 0ms, 焦点 Edit 'spellger.lex']
18:17:35  translate.py -> need=0  text="spellger.lex"   [python 219ms]
18:17:35  不需要翻译 -> 直接回车
18:17:35      [回车+等下一个框 203ms]
18:17:35  ---------- 第 550 个文本框 (上一轮共 0.42s) ----------
18:17:35  原文: "German"   [取文本 0ms, 焦点 Edit 'German']
18:17:35  translate.py -> need=0  text="German"   [python 219ms]
18:17:35  不需要翻译 -> 直接回车
18:17:36      [回车+等下一个框 203ms]
18:17:36  ---------- 第 551 个文本框 (上一轮共 0.42s) ----------
18:17:36  原文: "spellita.lex"   [取文本 0ms, 焦点 Edit 'spellita.lex']
18:17:36  translate.py -> need=0  text="spellita.lex"   [python 219ms]
18:17:36  不需要翻译 -> 直接回车
18:17:36      [回车+等下一个框 203ms]
18:17:36  ---------- 第 552 个文本框 (上一轮共 0.42s) ----------
18:17:36  原文: "SuggestOnDblClick"   [取文本 0ms, 焦点 Edit 'SuggestOnDblClick']
18:17:36  translate.py -> need=0  text="SuggestOnDblClick"   [python 219ms]
18:17:36  不需要翻译 -> 直接回车
18:17:37      [回车+等下一个框 203ms]
18:17:37  ---------- 第 553 个文本框 (上一轮共 0.42s) ----------
18:17:37  原文: "AxCsOptions.ctlPane_Tasks_UserName.Label1_HyperlinkClicked"   [取文本 0ms, 焦点 Edit 'AxCsOptions.ctlPane_']
18:17:37  translate.py -> need=0  text="AxCsOptions.ctlPane_Tasks_UserName.Label1_HyperlinkClicked"   [python 203ms]
18:17:37  不需要翻译 -> 直接回车
18:17:37      [回车+等下一个框 234ms]
18:17:37  ---------- 第 554 个文本框 (上一轮共 0.44s) ----------
18:17:37  原文: "ShowLNMenu"   [取文本 0ms, 焦点 Edit 'ShowLNMenu']
18:17:37  translate.py -> need=0  text="ShowLNMenu"   [python 188ms]
18:17:37  不需要翻译 -> 直接回车
18:17:37      [回车+等下一个框 203ms]
18:17:37  ---------- 第 555 个文本框 (上一轮共 0.39s) ----------
18:17:37  原文: "BaseNum"   [取文本 0ms, 焦点 Edit 'BaseNum']
18:17:38  translate.py -> need=0  text="BaseNum"   [python 203ms]
18:17:38  不需要翻译 -> 直接回车
18:17:38      [回车+等下一个框 219ms]
18:17:38  ---------- 第 556 个文本框 (上一轮共 0.42s) ----------
18:17:38  原文: "StepNum"   [取文本 0ms, 焦点 Edit 'StepNum']
18:17:38  translate.py -> need=0  text="StepNum"   [python 203ms]
18:17:38  不需要翻译 -> 直接回车
18:17:38      [回车+等下一个框 219ms]
18:17:38  ---------- 第 557 个文本框 (上一轮共 0.42s) ----------
18:17:38  原文: "LNSkip"   [取文本 0ms, 焦点 Edit 'LNSkip']
18:17:38  translate.py -> need=0  text="LNSkip"   [python 203ms]
18:17:38  不需要翻译 -> 直接回车
18:17:39      [回车+等下一个框 218ms]
18:17:39  ---------- 第 558 个文本框 (上一轮共 0.42s) ----------
18:17:39  原文: "LNInsertInEH"   [取文本 0ms, 焦点 Edit 'LNInsertInEH']
18:17:39  translate.py -> need=0  text="LNInsertInEH"   [python 219ms]
18:17:39  不需要翻译 -> 直接回车
18:17:39      [回车+等下一个框 235ms]
18:17:39  ---------- 第 559 个文本框 (上一轮共 0.45s) ----------
18:17:39  原文: "NewControlSpy"   [取文本 0ms, 焦点 Edit 'NewControlSpy']
18:17:39  translate.py -> need=0  text="NewControlSpy"   [python 187ms]
18:17:39  不需要翻译 -> 直接回车
18:17:39      [回车+等下一个框 203ms]
18:17:39  ---------- 第 560 个文本框 (上一轮共 0.41s) ----------
18:17:39  原文: "ApplyStdProps"   [取文本 0ms, 焦点 Edit 'ApplyStdProps']
18:17:40  translate.py -> need=0  text="ApplyStdProps"   [python 187ms]
18:17:40  不需要翻译 -> 直接回车
18:17:40      [回车+等下一个框 203ms]
18:17:40  ---------- 第 561 个文本框 (上一轮共 0.39s) ----------
18:17:40  原文: "EnableAutoText"   [取文本 0ms, 焦点 Edit 'EnableAutoText']
18:17:40  translate.py -> need=0  text="EnableAutoText"   [python 219ms]
18:17:40  不需要翻译 -> 直接回车
18:17:40      [回车+等下一个框 203ms]
18:17:40  ---------- 第 562 个文本框 (上一轮共 0.42s) ----------
18:17:40  原文: "AutoText Manager"   [取文本 0ms, 焦点 Edit 'AutoText Manager']
18:17:40  translate.py -> need=1  text="AutoText Manager"   [python 203ms]
18:17:41  翻译前基准: "AutoText Manager"   [粘贴 157ms, 取基准 0ms]
18:17:41  按翻译热键 (第 1 次, step 模式)   [全选+确认 312ms]
18:17:42      第 1 次轮询看到内容变了
18:17:42  译文已稳定 (轮询 2 次)
18:17:42      [等译文 0.47s, 轮询 2 次]
18:17:42  译文: "自动图文集管理器"
18:17:42  translateposthtml.py -> "自动图文集管理器"   [python 94ms]
18:17:42      [粘回译文 156ms]
18:17:42      [回车+等下一个框 203ms]
18:17:42  ---------- 第 563 个文本框 (上一轮共 2.14s) ----------
18:17:42  原文: "EnableSpace"   [取文本 0ms, 焦点 Edit 'EnableSpace']
18:17:43  translate.py -> need=0  text="EnableSpace"   [python 250ms]
18:17:43  不需要翻译 -> 直接回车
18:17:43      [回车+等下一个框 203ms]
18:17:43  ---------- 第 564 个文本框 (上一轮共 0.45s) ----------
18:17:43  原文: "EnableEnter"   [取文本 0ms, 焦点 Edit 'EnableEnter']
18:17:43  translate.py -> need=0  text="EnableEnter"   [python 203ms]
18:17:43  不需要翻译 -> 直接回车
18:17:43      [回车+等下一个框 235ms]
18:17:43  ---------- 第 565 个文本框 (上一轮共 0.44s) ----------
18:17:43  原文: "No Modifier"   [取文本 0ms, 焦点 Edit 'No Modifier']
18:17:44  translate.py -> need=1  text="No Modifier"   [python 859ms]
18:17:44  翻译前基准: "No Modifier"   [粘贴 156ms, 取基准 0ms]
18:17:45  按翻译热键 (第 1 次, step 模式)   [全选+确认 313ms]
18:17:45      第 1 次轮询看到内容变了
18:17:46  译文已稳定 (轮询 2 次)
18:17:46      [等译文 0.45s, 轮询 2 次]
18:17:46  译文: "无修改器"
18:17:46  translateposthtml.py -> "无修改器"   [python 109ms]
18:17:46      [粘回译文 172ms]
18:17:46      [回车+等下一个框 203ms]
18:17:46  ---------- 第 566 个文本框 (上一轮共 2.83s) ----------
18:17:46  原文: "SpaceWith"   [取文本 0ms, 焦点 Edit 'SpaceWith']
18:17:46  translate.py -> need=0  text="SpaceWith"   [python 187ms]
18:17:46  不需要翻译 -> 直接回车
18:17:47      [回车+等下一个框 203ms]
18:17:47  ---------- 第 567 个文本框 (上一轮共 0.39s) ----------
18:17:47  原文: "\SpaceKey"   [取文本 0ms, 焦点 Edit '\SpaceKey']
18:17:47  translate.py -> need=0  text="\SpaceKey"   [python 188ms]
18:17:47  不需要翻译 -> 直接回车
18:17:47      [回车+等下一个框 219ms]
18:17:47  ---------- 第 568 个文本框 (上一轮共 0.41s) ----------
18:17:47  原文: "ViewType"   [取文本 0ms, 焦点 Edit 'ViewType']
18:17:47  translate.py -> need=0  text="ViewType"   [python 218ms]
18:17:47  不需要翻译 -> 直接回车
18:17:47      [回车+等下一个框 203ms]
18:17:47  ---------- 第 569 个文本框 (上一轮共 0.42s) ----------
18:17:47  原文: "Code Snippets"   [取文本 0ms, 焦点 Edit 'Code Snippets']
18:17:48  translate.py -> need=0  text="Code Snippets"   [python 829ms]
18:17:48  不需要翻译 -> 直接回车
18:17:48      [回车+等下一个框 203ms]
18:17:48  ---------- 第 570 个文本框 (上一轮共 1.03s) ----------
18:17:48  原文: "AxCsOptions.ctlPane_DB_Offline.txtDbPathValue"   [取文本 0ms, 焦点 Edit 'AxCsOptions.ctlPane_']
18:17:49  translate.py -> need=0  text="AxCsOptions.ctlPane_DB_Offline.txtDbPathValue"   [python 187ms]
18:17:49  不需要翻译 -> 直接回车
18:17:49      [回车+等下一个框 203ms]
18:17:49  ---------- 第 571 个文本框 (上一轮共 0.39s) ----------
18:17:49  原文: "Databases\Offline"   [取文本 0ms, 焦点 Edit 'Databases\Offline']
18:17:49  translate.py -> need=0  text="Databases\Offline"   [python 188ms]
18:17:49  不需要翻译 -> 直接回车
18:17:49      [回车+等下一个框 219ms]
18:17:49  ---------- 第 572 个文本框 (上一轮共 0.41s) ----------
18:17:49  原文: "OfflineDBPath"   [取文本 0ms, 焦点 Edit 'OfflineDBPath']
18:17:49  translate.py -> need=0  text="OfflineDBPath"   [python 218ms]
18:17:49  不需要翻译 -> 直接回车
18:17:50      [回车+等下一个框 203ms]
18:17:50  ---------- 第 573 个文本框 (上一轮共 0.42s) ----------
18:17:50  原文: "UseMdiTabs"   [取文本 0ms, 焦点 Edit 'UseMdiTabs']
18:17:50  translate.py -> need=0  text="UseMdiTabs"   [python 219ms]
18:17:50  不需要翻译 -> 直接回车
18:17:50      [回车+等下一个框 250ms]
18:17:50  ---------- 第 574 个文本框 (上一轮共 0.47s) ----------
18:17:50  原文: "Get Files from %SccApp%"   [取文本 0ms, 焦点 Edit 'Get Files from %SccA']
18:17:51  translate.py -> need=0  text="Get Files from %SccApp%"   [python 828ms]
18:17:51  不需要翻译 -> 直接回车
18:17:51      [回车+等下一个框 219ms]
18:17:51  ---------- 第 575 个文本框 (上一轮共 1.05s) ----------
18:17:51  原文: "GetLatestCaption"   [取文本 0ms, 焦点 Edit 'GetLatestCaption']
18:17:51  translate.py -> need=0  text="GetLatestCaption"   [python 188ms]
18:17:51  不需要翻译 -> 直接回车
18:17:52      [回车+等下一个框 218ms]
18:17:52  ---------- 第 576 个文本框 (上一轮共 0.41s) ----------
18:17:52  原文: "Check Out Files from %SccApp%"   [取文本 0ms, 焦点 Edit 'Check Out Files from']
18:17:52  translate.py -> need=1  text="Check Out Files from %SccApp%"   [python 813ms]
18:17:52  翻译前基准: "Check Out Files from %SccApp%"   [粘贴 156ms, 取基准 0ms]
18:17:53  按翻译热键 (第 1 次, step 模式)   [全选+确认 297ms]
18:17:54      第 1 次轮询看到内容变了
18:17:54  译文已稳定 (轮询 2 次)
18:17:54      [等译文 0.45s, 轮询 2 次]
18:17:54  译文: "从%SccApp%签出文件"
18:17:54  translateposthtml.py -> "从%SccApp%签出文件"   [python 109ms]
18:17:54      [粘回译文 172ms]
18:17:54      [回车+等下一个框 219ms]
18:17:54  ---------- 第 577 个文本框 (上一轮共 2.78s) ----------
18:17:54  原文: "CheckOutCaption"   [取文本 0ms, 焦点 Edit 'CheckOutCaption']
18:17:55  translate.py -> need=0  text="CheckOutCaption"   [python 218ms]
18:17:55  不需要翻译 -> 直接回车
18:17:55      [回车+等下一个框 203ms]
18:17:55  ---------- 第 578 个文本框 (上一轮共 0.42s) ----------
18:17:55  原文: "Check In Files to %SccApp%"   [取文本 0ms, 焦点 Edit 'Check In Files to %S']
18:17:56  translate.py -> need=1  text="Check In Files to %SccApp%"   [python 860ms]
18:17:56  翻译前基准: "Check In Files to %SccApp%"   [粘贴 140ms, 取基准 0ms]
18:17:56  按翻译热键 (第 1 次, step 模式)   [全选+确认 297ms]
18:17:57      第 1 次轮询看到内容变了
18:17:57  译文已稳定 (轮询 2 次)
18:17:57      [等译文 0.47s, 轮询 2 次]
18:17:57  译文: "将文件检入到%SccApp%"
18:17:57  translateposthtml.py -> "将文件检入到%SccApp%"   [python 93ms]
18:17:57      [粘回译文 141ms]
18:17:57      [回车+等下一个框 203ms]
18:17:57  ---------- 第 579 个文本框 (上一轮共 2.77s) ----------
18:17:57  原文: "CheckInCaption"   [取文本 0ms, 焦点 Edit 'CheckInCaption']
18:17:58  translate.py -> need=0  text="CheckInCaption"   [python 203ms]
18:17:58  不需要翻译 -> 直接回车
18:17:58      [回车+等下一个框 203ms]
18:17:58  ---------- 第 580 个文本框 (上一轮共 0.41s) ----------
18:17:58  原文: "Undo Check Out of Files from %SccApp%"   [取文本 0ms, 焦点 Edit 'Undo Check Out of Fi']
18:17:59  translate.py -> need=1  text="Undo Check Out of Files from %SccApp%"   [python 875ms]
18:17:59  翻译前基准: "Undo Check Out of Files from %SccApp%"   [粘贴 157ms, 取基准 0ms]
18:17:59  按翻译热键 (第 1 次, step 模式)   [全选+确认 296ms]
18:18:00      第 1 次轮询看到内容变了
18:18:00  译文已稳定 (轮询 2 次)
18:18:00      [等译文 0.49s, 轮询 2 次]
18:18:00  译文: "撤消从%SccApp%签出文件"
18:18:00  translateposthtml.py -> "撤消从%SccApp%签出文件"   [python 109ms]
18:18:01      [粘回译文 172ms]
18:18:01      [回车+等下一个框 219ms]
18:18:01  ---------- 第 581 个文本框 (上一轮共 2.86s) ----------
18:18:01  原文: "UndoCheckOutCaption"   [取文本 0ms, 焦点 Edit 'UndoCheckOutCaption']
18:18:01  translate.py -> need=0  text="UndoCheckOutCaption"   [python 187ms]
18:18:01  不需要翻译 -> 直接回车
18:18:01      [回车+等下一个框 203ms]
18:18:01  ---------- 第 582 个文本框 (上一轮共 0.41s) ----------
18:18:01  原文: "Provider"   [取文本 0ms, 焦点 Edit 'Provider']
18:18:01  translate.py -> need=0  text="Provider"   [python 187ms]
18:18:01  不需要翻译 -> 直接回车
18:18:02      [回车+等下一个框 235ms]
18:18:02  ---------- 第 583 个文本框 (上一轮共 0.44s) ----------
18:18:02  原文: "Perforce"   [取文本 0ms, 焦点 Edit 'Perforce']
18:18:02  translate.py -> need=0  text="Perforce"   [python 204ms]
18:18:02  不需要翻译 -> 直接回车
18:18:02      [回车+等下一个框 234ms]
18:18:02  ---------- 第 584 个文本框 (上一轮共 0.44s) ----------
18:18:02  原文: "SourceGear Vault"   [取文本 0ms, 焦点 Edit 'SourceGear Vault']
18:18:03  translate.py -> need=0  text="SourceGear Vault"   [python 922ms]
18:18:03  不需要翻译 -> 直接回车
18:18:03      [回车+等下一个框 250ms]
18:18:03  ---------- 第 585 个文本框 (上一轮共 1.17s) ----------
18:18:03  原文: "ClearCase"   [取文本 0ms, 焦点 Edit 'ClearCase']
18:18:03  translate.py -> need=0  text="ClearCase"   [python 203ms]
18:18:03  不需要翻译 -> 直接回车
18:18:04      [回车+等下一个框 203ms]
18:18:04  ---------- 第 586 个文本框 (上一轮共 0.41s) ----------
18:18:04  原文: "{Date}"   [取文本 0ms, 焦点 Edit '{Date}']
18:18:04  translate.py -> need=0  text="{Date}"   [python 188ms]
18:18:04  不需要翻译 -> 直接回车
18:18:04      [回车+等下一个框 250ms]
18:18:04  ---------- 第 587 个文本框 (上一轮共 0.44s) ----------
18:18:04  原文: "DateFormat"   [取文本 0ms, 焦点 Edit 'DateFormat']
18:18:04  translate.py -> need=0  text="DateFormat"   [python 234ms]
18:18:04  不需要翻译 -> 直接回车
18:18:04      [回车+等下一个框 203ms]
18:18:04  ---------- 第 588 个文本框 (上一轮共 0.44s) ----------
18:18:04  原文: "m/d/yyyy"   [取文本 0ms, 焦点 Edit 'm/d/yyyy']
18:18:05  translate.py -> need=0  text="m/d/yyyy"   [python 219ms]
18:18:05  不需要翻译 -> 直接回车
18:18:05      [回车+等下一个框 203ms]
18:18:05  ---------- 第 589 个文本框 (上一轮共 0.42s) ----------
18:18:05  原文: "StandardParameters"   [取文本 0ms, 焦点 Edit 'StandardParameters']
18:18:05  translate.py -> need=0  text="StandardParameters"   [python 203ms]
18:18:05  不需要翻译 -> 直接回车
18:18:05      [回车+等下一个框 219ms]
18:18:05  ---------- 第 590 个文本框 (上一轮共 0.44s) ----------
18:18:05  原文: "{Time}"   [取文本 0ms, 焦点 Edit '{Time}']
18:18:06  translate.py -> need=0  text="{Time}"   [python 188ms]
18:18:06  不需要翻译 -> 直接回车
18:18:06      [回车+等下一个框 219ms]
18:18:06  ---------- 第 591 个文本框 (上一轮共 0.41s) ----------
18:18:06  原文: "TimeFormat"   [取文本 0ms, 焦点 Edit 'TimeFormat']
18:18:06  translate.py -> need=0  text="TimeFormat"   [python 203ms]
18:18:06  不需要翻译 -> 直接回车
18:18:06      [回车+等下一个框 203ms]
18:18:06  ---------- 第 592 个文本框 (上一轮共 0.41s) ----------
18:18:06  原文: "hh:mm:ss"   [取文本 0ms, 焦点 Edit 'hh:mm:ss']
18:18:07  translate.py -> need=0  text="hh:mm:ss"   [python 828ms]
18:18:07  不需要翻译 -> 直接回车
18:18:07      [回车+等下一个框 203ms]
18:18:07  ---------- 第 593 个文本框 (上一轮共 1.03s) ----------
18:18:07  原文: "MouseWheelSupport"   [取文本 0ms, 焦点 Edit 'MouseWheelSupport']
18:18:07  translate.py -> need=0  text="MouseWheelSupport"   [python 203ms]
18:18:07  不需要翻译 -> 直接回车
18:18:08      [回车+等下一个框 219ms]
18:18:08  ---------- 第 594 个文本框 (上一轮共 0.42s) ----------
18:18:08  原文: "EnableCVA"   [取文本 0ms, 焦点 Edit 'EnableCVA']
18:18:08  translate.py -> need=0  text="EnableCVA"   [python 188ms]
18:18:08  不需要翻译 -> 直接回车
18:18:08      [回车+等下一个框 203ms]
18:18:08  ---------- 第 595 个文本框 (上一轮共 0.39s) ----------
18:18:08  原文: "CodeView"   [取文本 0ms, 焦点 Edit 'CodeView']
18:18:08  translate.py -> need=0  text="CodeView"   [python 187ms]
18:18:08  不需要翻译 -> 直接回车
18:18:08      [回车+等下一个框 203ms]
18:18:08  ---------- 第 596 个文本框 (上一轮共 0.39s) ----------
18:18:08  原文: "StepLimit"   [取文本 0ms, 焦点 Edit 'StepLimit']
18:18:09  translate.py -> need=0  text="StepLimit"   [python 219ms]
18:18:09  不需要翻译 -> 直接回车
18:18:09      [回车+等下一个框 250ms]
18:18:09  ---------- 第 597 个文本框 (上一轮共 0.47s) ----------
18:18:09  原文: "AggresiveRefresh"   [取文本 0ms, 焦点 Edit 'AggresiveRefresh']
18:18:09  translate.py -> need=0  text="AggresiveRefresh"   [python 234ms]
18:18:09  不需要翻译 -> 直接回车
18:18:09      [回车+等下一个框 204ms]
18:18:09  ---------- 第 598 个文本框 (上一轮共 0.44s) ----------
18:18:09  原文: "AxCsOptions.ctlPane_CVA_Details.EnableCtls"   [取文本 0ms, 焦点 Edit 'AxCsOptions.ctlPane_']
18:18:10  translate.py -> need=0  text="AxCsOptions.ctlPane_CVA_Details.EnableCtls"   [python 234ms]
18:18:10  不需要翻译 -> 直接回车
18:18:10      [回车+等下一个框 219ms]
18:18:10  ---------- 第 599 个文本框 (上一轮共 0.45s) ----------
18:18:10  原文: "ShowLineHilited"   [取文本 0ms, 焦点 Edit 'ShowLineHilited']
18:18:10  translate.py -> need=0  text="ShowLineHilited"   [python 218ms]
18:18:10  不需要翻译 -> 直接回车
18:18:10      [回车+等下一个框 204ms]
18:18:10  ---------- 第 600 个文本框 (上一轮共 0.42s) ----------
18:18:10  原文: "ShowRightBar"   [取文本 0ms, 焦点 Edit 'ShowRightBar']
18:18:10  translate.py -> need=0  text="ShowRightBar"   [python 188ms]
18:18:10  不需要翻译 -> 直接回车
18:18:11      [回车+等下一个框 203ms]
18:18:11  ---------- 第 601 个文本框 (上一轮共 0.41s) ----------
18:18:11  原文: "AtColumn"   [取文本 0ms, 焦点 Edit 'AtColumn']
18:18:11  translate.py -> need=0  text="AtColumn"   [python 187ms]
18:18:11  不需要翻译 -> 直接回车
18:18:11      [回车+等下一个框 203ms]
18:18:11  ---------- 第 602 个文本框 (上一轮共 0.39s) ----------
18:18:11  原文: "ShowBranchLines"   [取文本 0ms, 焦点 Edit 'ShowBranchLines']
18:18:11  translate.py -> need=0  text="ShowBranchLines"   [python 188ms]
18:18:11  不需要翻译 -> 直接回车
18:18:11      [回车+等下一个框 203ms]
18:18:11  ---------- 第 603 个文本框 (上一轮共 0.39s) ----------
18:18:11  原文: "ShowDetails"   [取文本 0ms, 焦点 Edit 'ShowDetails']
18:18:12  translate.py -> need=0  text="ShowDetails"   [python 188ms]
18:18:12  不需要翻译 -> 直接回车
18:18:12      [回车+等下一个框 203ms]
18:18:12  ---------- 第 604 个文本框 (上一轮共 0.39s) ----------
18:18:12  原文: "EnableTextSuggestList"   [取文本 0ms, 焦点 Edit 'EnableTextSuggestLis']
18:18:12  translate.py -> need=0  text="EnableTextSuggestList"   [python 187ms]
18:18:12  不需要翻译 -> 直接回车
18:18:12      [回车+等下一个框 219ms]
18:18:12  ---------- 第 605 个文本框 (上一轮共 0.41s) ----------
18:18:12  原文: "TextSuggest"   [取文本 0ms, 焦点 Edit 'TextSuggest']
18:18:12  translate.py -> need=0  text="TextSuggest"   [python 219ms]
18:18:12  不需要翻译 -> 直接回车
18:18:13      [回车+等下一个框 218ms]
18:18:13  ---------- 第 606 个文本框 (上一轮共 0.44s) ----------
18:18:13  原文: "AddControlStatements"   [取文本 0ms, 焦点 Edit 'AddControlStatements']
18:18:13  translate.py -> need=0  text="AddControlStatements"   [python 204ms]
18:18:13  不需要翻译 -> 直接回车
18:18:13      [回车+等下一个框 203ms]
18:18:13  ---------- 第 607 个文本框 (上一轮共 0.41s) ----------
18:18:13  原文: "AddStandardStatements"   [取文本 0ms, 焦点 Edit 'AddStandardStatement']
18:18:13  translate.py -> need=0  text="AddStandardStatements"   [python 250ms]
18:18:13  不需要翻译 -> 直接回车
18:18:13      [回车+等下一个框 218ms]
18:18:13  ---------- 第 608 个文本框 (上一轮共 0.47s) ----------
18:18:13  原文: "AddUserDefinedStatements"   [取文本 0ms, 焦点 Edit 'AddUserDefinedStatem']
18:18:14  translate.py -> need=0  text="AddUserDefinedStatements"   [python 188ms]
18:18:14  不需要翻译 -> 直接回车
18:18:14      [回车+等下一个框 219ms]
18:18:14  ---------- 第 609 个文本框 (上一轮共 0.42s) ----------
18:18:14  原文: "MaxListRows"   [取文本 0ms, 焦点 Edit 'MaxListRows']
18:18:14  translate.py -> need=0  text="MaxListRows"   [python 219ms]
18:18:14  不需要翻译 -> 直接回车
18:18:14      [回车+等下一个框 203ms]
18:18:14  ---------- 第 610 个文本框 (上一轮共 0.42s) ----------
18:18:14  原文: "MaxColumnChars"   [取文本 0ms, 焦点 Edit 'MaxColumnChars']
18:18:15  translate.py -> need=0  text="MaxColumnChars"   [python 219ms]
18:18:15  不需要翻译 -> 直接回车
18:18:15      [回车+等下一个框 203ms]
18:18:15  ---------- 第 611 个文本框 (上一轮共 0.42s) ----------
18:18:15  原文: "AxCsOptions.ctlPane_CVA_Tunning.EnableCtls"   [取文本 0ms, 焦点 Edit 'AxCsOptions.ctlPane_']
18:18:15  translate.py -> need=0  text="AxCsOptions.ctlPane_CVA_Tunning.EnableCtls"   [python 219ms]
18:18:15  不需要翻译 -> 直接回车
18:18:15      [回车+等下一个框 203ms]
18:18:15  ---------- 第 612 个文本框 (上一轮共 0.42s) ----------
18:18:15  原文: "AlwaysCenter"   [取文本 0ms, 焦点 Edit 'AlwaysCenter']
18:18:15  translate.py -> need=0  text="AlwaysCenter"   [python 203ms]
18:18:15  不需要翻译 -> 直接回车
18:18:16      [回车+等下一个框 203ms]
18:18:16  ---------- 第 613 个文本框 (上一轮共 0.41s) ----------
18:18:16  原文: "ContainingMouseCursor"   [取文本 0ms, 焦点 Edit 'ContainingMouseCurso']
18:18:16  translate.py -> need=0  text="ContainingMouseCursor"   [python 203ms]
18:18:16  不需要翻译 -> 直接回车
18:18:16      [回车+等下一个框 219ms]
18:18:16  ---------- 第 614 个文本框 (上一轮共 0.42s) ----------
18:18:16  原文: "Western"   [取文本 0ms, 焦点 Edit 'Western']
18:18:16  translate.py -> need=0  text="Western"   [python 203ms]
18:18:16  不需要翻译 -> 直接回车
18:18:16      [回车+等下一个框 235ms]
18:18:16  ---------- 第 615 个文本框 (上一轮共 0.44s) ----------
18:18:16  原文: "Hebrew"   [取文本 0ms, 焦点 Edit 'Hebrew']
18:18:17  translate.py -> need=0  text="Hebrew"   [python 218ms]
18:18:17  不需要翻译 -> 直接回车
18:18:17      [回车+等下一个框 219ms]
18:18:17  ---------- 第 616 个文本框 (上一轮共 0.44s) ----------
18:18:17  原文: "Arabic"   [取文本 0ms, 焦点 Edit 'Arabic']
18:18:17  translate.py -> need=0  text="Arabic"   [python 219ms]
18:18:17  不需要翻译 -> 直接回车
18:18:17      [回车+等下一个框 219ms]
18:18:17  ---------- 第 617 个文本框 (上一轮共 0.45s) ----------
18:18:17  原文: "Greek"   [取文本 0ms, 焦点 Edit 'Greek']
18:18:18  translate.py -> need=0  text="Greek"   [python 203ms]
18:18:18  不需要翻译 -> 直接回车
18:18:18      [回车+等下一个框 219ms]
18:18:18  ---------- 第 618 个文本框 (上一轮共 0.42s) ----------
18:18:18  原文: "Turkish"   [取文本 0ms, 焦点 Edit 'Turkish']
18:18:18  translate.py -> need=0  text="Turkish"   [python 219ms]
18:18:18  不需要翻译 -> 直接回车
18:18:18      [回车+等下一个框 203ms]
18:18:18  ---------- 第 619 个文本框 (上一轮共 0.44s) ----------
18:18:18  原文: "Baltic"   [取文本 0ms, 焦点 Edit 'Baltic']
18:18:18  translate.py -> need=0  text="Baltic"   [python 234ms]
18:18:18  不需要翻译 -> 直接回车
18:18:19      [回车+等下一个框 203ms]
18:18:19  ---------- 第 620 个文本框 (上一轮共 0.44s) ----------
18:18:19  原文: "Central European"   [取文本 0ms, 焦点 Edit 'Central European']
18:18:19  translate.py -> need=1  text="Central European"   [python 843ms]
18:18:20  翻译前基准: "Central European"   [粘贴 204ms, 取基准 0ms]
18:18:20  按翻译热键 (第 1 次, step 模式)   [全选+确认 296ms]
18:18:21      第 1 次轮询看到内容变了
18:18:21  译文已稳定 (轮询 2 次)
18:18:21      [等译文 0.45s, 轮询 2 次]
18:18:21  译文: "中欧"
18:18:21  translateposthtml.py -> "中欧"   [python 109ms]
18:18:21      [粘回译文 172ms]
18:18:22      [回车+等下一个框 219ms]
18:18:22  ---------- 第 621 个文本框 (上一轮共 2.89s) ----------
18:18:22  原文: "Cyrillic"   [取文本 0ms, 焦点 Edit 'Cyrillic']
18:18:22  translate.py -> need=0  text="Cyrillic"   [python 218ms]
18:18:22  不需要翻译 -> 直接回车
18:18:22      [回车+等下一个框 235ms]
18:18:22  ---------- 第 622 个文本框 (上一轮共 0.45s) ----------
18:18:22  原文: "Thai"   [取文本 0ms, 焦点 Edit 'Thai']
18:18:22  translate.py -> need=0  text="Thai"   [python 187ms]
18:18:22  不需要翻译 -> 直接回车
18:18:22      [回车+等下一个框 203ms]
18:18:22  ---------- 第 623 个文本框 (上一轮共 0.41s) ----------
18:18:22  原文: "Vietnamese"   [取文本 0ms, 焦点 Edit 'Vietnamese']
18:18:23  translate.py -> need=0  text="Vietnamese"   [python 203ms]
18:18:23  不需要翻译 -> 直接回车
18:18:23      [回车+等下一个框 219ms]
18:18:23  ---------- 第 624 个文本框 (上一轮共 0.44s) ----------
18:18:23  原文: "HistoryMaxItems"   [取文本 0ms, 焦点 Edit 'HistoryMaxItems']
18:18:23  translate.py -> need=0  text="HistoryMaxItems"   [python 187ms]
18:18:23  不需要翻译 -> 直接回车
18:18:23      [回车+等下一个框 203ms]
18:18:23  ---------- 第 625 个文本框 (上一轮共 0.39s) ----------
18:18:23  原文: "OpenWindow"   [取文本 0ms, 焦点 Edit 'OpenWindow']
18:18:23  translate.py -> need=0  text="OpenWindow"   [python 219ms]
18:18:23  不需要翻译 -> 直接回车
18:18:24      [回车+等下一个框 219ms]
18:18:24  ---------- 第 626 个文本框 (上一轮共 0.44s) ----------
18:18:24  原文: "GetPENavigation"   [取文本 0ms, 焦点 Edit 'GetPENavigation']
18:18:24  translate.py -> need=0  text="GetPENavigation"   [python 218ms]
18:18:24  不需要翻译 -> 直接回车
18:18:24      [回车+等下一个框 204ms]
18:18:24  ---------- 第 627 个文本框 (上一轮共 0.42s) ----------
18:18:24  原文: "GetImmW"   [取文本 0ms, 焦点 Edit 'GetImmW']
18:18:24  translate.py -> need=0  text="GetImmW"   [python 203ms]
18:18:24  不需要翻译 -> 直接回车
18:18:24      [回车+等下一个框 203ms]
18:18:24  ---------- 第 628 个文本框 (上一轮共 0.41s) ----------
18:18:24  原文: "GetCodeW"   [取文本 0ms, 焦点 Edit 'GetCodeW']
18:18:25  translate.py -> need=0  text="GetCodeW"   [python 203ms]
18:18:25  不需要翻译 -> 直接回车
18:18:25      [回车+等下一个框 203ms]
18:18:25  ---------- 第 629 个文本框 (上一轮共 0.41s) ----------
18:18:25  原文: "GetCodeViewing"   [取文本 0ms, 焦点 Edit 'GetCodeViewing']
18:18:25  translate.py -> need=0  text="GetCodeViewing"   [python 203ms]
18:18:25  不需要翻译 -> 直接回车
18:18:25      [回车+等下一个框 219ms]
18:18:25  ---------- 第 630 个文本框 (上一轮共 0.42s) ----------
18:18:25  原文: "ShowWarningsCSI"   [取文本 0ms, 焦点 Edit 'ShowWarningsCSI']
18:18:25  translate.py -> need=0  text="ShowWarningsCSI"   [python 203ms]
18:18:25  不需要翻译 -> 直接回车
18:18:26      [回车+等下一个框 219ms]
18:18:26  ---------- 第 631 个文本框 (上一轮共 0.42s) ----------
18:18:26  原文: "AddCompInHistory"   [取文本 0ms, 焦点 Edit 'AddCompInHistory']
18:18:26  translate.py -> need=0  text="AddCompInHistory"   [python 219ms]
18:18:26  不需要翻译 -> 直接回车
18:18:26      [回车+等下一个框 218ms]
18:18:26  ---------- 第 632 个文本框 (上一轮共 0.44s) ----------
18:18:26  原文: "ApplyFilter"   [取文本 0ms, 焦点 Edit 'ApplyFilter']
18:18:26  translate.py -> need=0  text="ApplyFilter"   [python 235ms]
18:18:26  不需要翻译 -> 直接回车
18:18:27      [回车+等下一个框 218ms]
18:18:27  ---------- 第 633 个文本框 (上一轮共 0.47s) ----------
18:18:27  原文: "MembAPIPrivate"   [取文本 0ms, 焦点 Edit 'MembAPIPrivate']
18:18:27  translate.py -> need=0  text="MembAPIPrivate"   [python 203ms]
18:18:27  不需要翻译 -> 直接回车
18:18:27      [回车+等下一个框 235ms]
18:18:27  ---------- 第 634 个文本框 (上一轮共 0.44s) ----------
18:18:27  原文: "Show API Declarations"   [取文本 0ms, 焦点 Edit 'Show API Declaration']
18:18:28  translate.py -> need=1  text="Show API Declarations"   [python 1046ms]
18:18:28  翻译前基准: "Show API Declarations"   [粘贴 156ms, 取基准 0ms]
18:18:29  按翻译热键 (第 1 次, step 模式)   [全选+确认 297ms]
18:18:29      第 1 次轮询看到内容变了
18:18:30  译文已稳定 (轮询 2 次)
18:18:30      [等译文 0.45s, 轮询 2 次]
18:18:30  译文: "显示API声明"
18:18:30  translateposthtml.py -> "显示API声明"   [python 94ms]
18:18:30      [粘回译文 187ms]
18:18:30      [回车+等下一个框 219ms]
18:18:30  ---------- 第 635 个文本框 (上一轮共 3.02s) ----------
18:18:30  原文: "API"   [取文本 0ms, 焦点 Edit 'API']
18:18:30  translate.py -> need=0  text="API"   [python 219ms]
18:18:30  不需要翻译 -> 直接回车
18:18:30      [回车+等下一个框 203ms]
18:18:30  ---------- 第 636 个文本框 (上一轮共 0.44s) ----------
18:18:30  原文: "MembEventPrivate"   [取文本 0ms, 焦点 Edit 'MembEventPrivate']
18:18:31  translate.py -> need=0  text="MembEventPrivate"   [python 218ms]
18:18:31  不需要翻译 -> 直接回车
18:18:31      [回车+等下一个框 219ms]
18:18:31  ---------- 第 637 个文本框 (上一轮共 0.45s) ----------
18:18:31  原文: "Show Event Declarations"   [取文本 0ms, 焦点 Edit 'Show Event Declarati']
18:18:32  translate.py -> need=1  text="Show Event Declarations"   [python 906ms]
18:18:32  翻译前基准: "Show Event Declarations"   [粘贴 188ms, 取基准 0ms]
18:18:32  按翻译热键 (第 1 次, step 模式)   [全选+确认 312ms]
18:18:33      第 1 次轮询看到内容变了
18:18:33  译文已稳定 (轮询 2 次)
18:18:33      [等译文 0.45s, 轮询 2 次]
18:18:33  译文: "显示事件声明"
18:18:33  translateposthtml.py -> "显示事件声明"   [python 63ms]
18:18:34      [粘回译文 140ms]
18:18:34      [回车+等下一个框 219ms]
18:18:34  ---------- 第 638 个文本框 (上一轮共 2.86s) ----------
18:18:34  原文: "EventDef"   [取文本 0ms, 焦点 Edit 'EventDef']
18:18:34  translate.py -> need=0  text="EventDef"   [python 188ms]
18:18:34  不需要翻译 -> 直接回车
18:18:34      [回车+等下一个框 218ms]
18:18:34  ---------- 第 639 个文本框 (上一轮共 0.41s) ----------
18:18:34  原文: "Enum"   [取文本 0ms, 焦点 Edit 'Enum']
18:18:34  translate.py -> need=0  text="Enum"   [python 204ms]
18:18:34  不需要翻译 -> 直接回车
18:18:35      [回车+等下一个框 203ms]
18:18:35  ---------- 第 640 个文本框 (上一轮共 0.41s) ----------
18:18:35  原文: "Enum Declarations"   [取文本 0ms, 焦点 Edit 'Enum Declarations']
18:18:35  translate.py -> need=0  text="Enum Declarations"   [python 812ms]
18:18:35  不需要翻译 -> 直接回车
18:18:36      [回车+等下一个框 219ms]
18:18:36  ---------- 第 641 个文本框 (上一轮共 1.03s) ----------
18:18:36  原文: "Type"   [取文本 0ms, 焦点 Edit 'Type']
18:18:36  translate.py -> need=0  text="Type"   [python 187ms]
18:18:36  不需要翻译 -> 直接回车
18:18:36      [回车+等下一个框 219ms]
18:18:36  ---------- 第 642 个文本框 (上一轮共 0.42s) ----------
18:18:36  原文: "Type Declarations"   [取文本 0ms, 焦点 Edit 'Type Declarations']
18:18:37  translate.py -> need=1  text="Type Declarations"   [python 922ms]
18:18:37  翻译前基准: "Type Declarations"   [粘贴 140ms, 取基准 0ms]
18:18:37  按翻译热键 (第 1 次, step 模式)   [全选+确认 297ms]
18:18:38      第 1 次轮询看到内容变了
18:18:38  译文已稳定 (轮询 2 次)
18:18:38      [等译文 0.45s, 轮询 2 次]
18:18:38  译文: "类型声明"
18:18:39  translateposthtml.py -> "类型声明"   [python 109ms]
18:18:39      [粘回译文 172ms]
18:18:39      [回车+等下一个框 219ms]
18:18:39  ---------- 第 643 个文本框 (上一轮共 2.89s) ----------
18:18:39  原文: "MembEventProcPrivate"   [取文本 0ms, 焦点 Edit 'MembEventProcPrivate']
18:18:39  translate.py -> need=0  text="MembEventProcPrivate"   [python 188ms]
18:18:39  不需要翻译 -> 直接回车
18:18:39      [回车+等下一个框 203ms]
18:18:39  ---------- 第 644 个文本框 (上一轮共 0.39s) ----------
18:18:39  原文: "Show Event Procedures"   [取文本 0ms, 焦点 Edit 'Show Event Procedure']
18:18:40  translate.py -> need=1  text="Show Event Procedures"   [python 859ms]
18:18:40  翻译前基准: "Show Event Procedures"   [粘贴 141ms, 取基准 0ms]
18:18:41  按翻译热键 (第 1 次, step 模式)   [全选+确认 297ms]
18:18:41      第 1 次轮询看到内容变了
18:18:42  译文已稳定 (轮询 2 次)
18:18:42      [等译文 0.47s, 轮询 2 次]
18:18:42  译文: "展会活动流程"
18:18:42  translateposthtml.py -> "展会活动流程"   [python 93ms]
18:18:42      [粘回译文 157ms]
18:18:42      [回车+等下一个框 218ms]
18:18:42  ---------- 第 645 个文本框 (上一轮共 2.78s) ----------
18:18:42  原文: "EventImp"   [取文本 0ms, 焦点 Edit 'EventImp']
18:18:42  translate.py -> need=0  text="EventImp"   [python 219ms]
18:18:42  不需要翻译 -> 直接回车
18:18:43      [回车+等下一个框 203ms]
18:18:43  ---------- 第 646 个文本框 (上一轮共 0.44s) ----------
18:18:43  原文: "MembPropertyPrivate"   [取文本 0ms, 焦点 Edit 'MembPropertyPrivate']
18:18:43  translate.py -> need=0  text="MembPropertyPrivate"   [python 203ms]
18:18:43  不需要翻译 -> 直接回车
18:18:43      [回车+等下一个框 203ms]
18:18:43  ---------- 第 647 个文本框 (上一轮共 0.42s) ----------
18:18:43  原文: "Show Property Procedures"   [取文本 0ms, 焦点 Edit 'Show Property Proced']
18:18:44  translate.py -> need=1  text="Show Property Procedures"   [python 812ms]
18:18:44  翻译前基准: "Show Property Procedures"   [粘贴 141ms, 取基准 0ms]
18:18:44  按翻译热键 (第 1 次, step 模式)   [全选+确认 297ms]
18:18:45      第 1 次轮询看到内容变了
18:18:45  译文已稳定 (轮询 2 次)
18:18:45      [等译文 0.45s, 轮询 2 次]
18:18:45  译文: "显示属性程序"
18:18:45  translateposthtml.py -> "显示属性程序"   [python 94ms]
18:18:46      [粘回译文 140ms]
18:18:46      [回车+等下一个框 219ms]
18:18:46  ---------- 第 648 个文本框 (上一轮共 2.73s) ----------
18:18:46  原文: "Props"   [取文本 0ms, 焦点 Edit 'Props']
18:18:46  translate.py -> need=0  text="Props"   [python 219ms]
18:18:46  不需要翻译 -> 直接回车
18:18:46      [回车+等下一个框 203ms]
18:18:46  ---------- 第 649 个文本框 (上一轮共 0.44s) ----------
18:18:46  原文: "MembMethodPrivate"   [取文本 0ms, 焦点 Edit 'MembMethodPrivate']
18:18:46  translate.py -> need=0  text="MembMethodPrivate"   [python 187ms]
18:18:46  不需要翻译 -> 直接回车
18:18:47      [回车+等下一个框 203ms]
18:18:47  ---------- 第 650 个文本框 (上一轮共 0.39s) ----------
18:18:47  原文: "Show Standard Procedures"   [取文本 0ms, 焦点 Edit 'Show Standard Proced']
18:18:47  translate.py -> need=1  text="Show Standard Procedures"   [python 844ms]
18:18:48  翻译前基准: "Show Standard Procedures"   [粘贴 156ms, 取基准 0ms]
18:18:48  按翻译热键 (第 1 次, step 模式)   [全选+确认 297ms]
18:18:49      第 1 次轮询看到内容变了
18:18:49  译文已稳定 (轮询 2 次)
18:18:49      [等译文 0.45s, 轮询 2 次]
18:18:49  译文: "显示标准程序"
18:18:49  translateposthtml.py -> "显示标准程序"   [python 110ms]
18:18:49      [粘回译文 156ms]
18:18:49      [回车+等下一个框 203ms]
18:18:49  ---------- 第 651 个文本框 (上一轮共 2.81s) ----------
18:18:49  原文: "Method"   [取文本 0ms, 焦点 Edit 'Method']
18:18:50  translate.py -> need=0  text="Method"   [python 187ms]
18:18:50  不需要翻译 -> 直接回车
18:18:50      [回车+等下一个框 203ms]
18:18:50  ---------- 第 652 个文本框 (上一轮共 0.39s) ----------
18:18:50  原文: "AxCsOptions.Debug.AllowOnlyNumbers"   [取文本 0ms, 焦点 Edit 'AxCsOptions.Debug.Al']
18:18:50  translate.py -> need=0  text="AxCsOptions.Debug.AllowOnlyNumbers"   [python 235ms]
18:18:50  不需要翻译 -> 直接回车
18:18:50      [回车+等下一个框 203ms]
18:18:50  ---------- 第 653 个文本框 (上一轮共 0.44s) ----------
18:18:50  原文: "mailto:"   [取文本 0ms, 焦点 Edit 'mailto:']
18:18:50  translate.py -> need=0  text="mailto:"   [python 203ms]
18:18:50  不需要翻译 -> 直接回车
18:18:51      [回车+等下一个框 203ms]
18:18:51  ---------- 第 654 个文本框 (上一轮共 0.41s) ----------
18:18:51  原文: "?subject="   [取文本 0ms, 焦点 Edit '?subject=']
18:18:51  translate.py -> need=0  text="?subject="   [python 188ms]
18:18:51  不需要翻译 -> 直接回车
18:18:51      [回车+等下一个框 203ms]
18:18:51  ---------- 第 655 个文本框 (上一轮共 0.39s) ----------
18:18:51  原文: "&cc="   [取文本 0ms, 焦点 Edit '&cc=']
18:18:51  translate.py -> need=0  text="&cc="   [python 187ms]
18:18:51  不需要翻译 -> 直接回车
18:18:51      [回车+等下一个框 203ms]
18:18:51  ---------- 第 656 个文本框 (上一轮共 0.39s) ----------
18:18:51  原文: "&body="   [取文本 0ms, 焦点 Edit '&body=']
18:18:52  translate.py -> need=0  text="&body="   [python 188ms]
18:18:52  不需要翻译 -> 直接回车
18:18:52      [回车+等下一个框 203ms]
18:18:52  ---------- 第 657 个文本框 (上一轮共 0.39s) ----------
18:18:52  原文: "open"   [取文本 0ms, 焦点 Edit 'open']
18:18:52  translate.py -> need=0  text="open"   [python 203ms]
18:18:52  不需要翻译 -> 直接回车
18:18:52      [回车+等下一个框 234ms]
18:18:52  ---------- 第 658 个文本框 (上一轮共 0.44s) ----------
18:18:52  原文: "Out of memory"   [取文本 0ms, 焦点 Edit 'Out of memory']
18:18:53  translate.py -> need=1  text="Out of memory"   [python 891ms]
18:18:53  翻译前基准: "Out of memory"   [粘贴 156ms, 取基准 0ms]
18:18:54  按翻译热键 (第 1 次, step 模式)   [全选+确认 297ms]
18:18:54      第 1 次轮询看到内容变了
18:18:55  译文已稳定 (轮询 2 次)
18:18:55      [等译文 0.47s, 轮询 2 次]
18:18:55  译文: "内存不足"
18:18:55  translateposthtml.py -> "内存不足"   [python 156ms]
18:18:55      [粘回译文 141ms]
18:18:55      [回车+等下一个框 203ms]
18:18:55  ---------- 第 659 个文本框 (上一轮共 2.91s) ----------
18:18:55  原文: ".CShell"   [取文本 0ms, 焦点 Edit '.CShell']
18:18:55  translate.py -> need=0  text=".CShell"   [python 218ms]
18:18:55  不需要翻译 -> 直接回车
18:18:56      [回车+等下一个框 219ms]
18:18:56  ---------- 第 660 个文本框 (上一轮共 0.44s) ----------
18:18:56  原文: "AxCsOptions.CsOptions.Init"   [取文本 0ms, 焦点 Edit 'AxCsOptions.CsOption']
18:18:56  translate.py -> need=0  text="AxCsOptions.CsOptions.Init"   [python 203ms]
18:18:56  不需要翻译 -> 直接回车
18:18:56      [回车+等下一个框 219ms]
18:18:56  ---------- 第 661 个文本框 (上一轮共 0.42s) ----------
18:18:56  原文: "Personal.mdb"   [取文本 16ms, 焦点 Edit 'Personal.mdb']
18:18:56  translate.py -> need=0  text="Personal.mdb"   [python 218ms]
18:18:56  不需要翻译 -> 直接回车
18:18:56      [回车+等下一个框 204ms]
18:18:56  ---------- 第 662 个文本框 (上一轮共 0.44s) ----------
18:18:56  原文: "Team.mdb"   [取文本 0ms, 焦点 Edit 'Team.mdb']
18:18:57  translate.py -> need=0  text="Team.mdb"   [python 218ms]
18:18:57  不需要翻译 -> 直接回车
18:18:57      [回车+等下一个框 203ms]
18:18:57  ---------- 第 663 个文本框 (上一轮共 0.44s) ----------
18:18:57  原文: "%s"   [取文本 0ms, 焦点 Edit '%s']
18:18:57  translate.py -> need=0  text="%s"   [python 203ms]
18:18:57  不需要翻译 -> 直接回车
18:18:57      [回车+等下一个框 250ms]
18:18:57  ---------- 第 664 个文本框 (上一轮共 0.45s) ----------
18:18:57  原文: "Could not find the '%s' database."   [取文本 0ms, 焦点 Edit 'Could not find the '']
18:18:58  translate.py -> need=1  text="Could not find the '%s' database."   [python 828ms]
18:18:58  翻译前基准: "Could not find the '%s' database."   [粘贴 141ms, 取基准 0ms]
18:18:59  按翻译热键 (第 1 次, step 模式)   [全选+确认 312ms]
18:18:59      第 1 次轮询看到内容变了
18:19:00  译文已稳定 (轮询 2 次)
18:19:00      [等译文 0.47s, 轮询 2 次]
18:19:00  译文: "找不到'%s'数据库。"
18:19:00  translateposthtml.py -> "找不到'%s'数据库。"   [python 125ms]
18:19:00      [粘回译文 172ms]
18:19:00      [回车+等下一个框 203ms]
18:19:00  ---------- 第 665 个文本框 (上一轮共 2.83s) ----------
18:19:00  原文: "The location '%s' doesn't seem to be valid."   [取文本 0ms, 焦点 Edit 'The location '%s' do']
18:19:01  translate.py -> need=1  text="The location '%s' doesn't seem to be valid."   [python 828ms]
18:19:01  翻译前基准: "The location '%s' doesn't seem to be valid."   [粘贴 141ms, 取基准 0ms]
18:19:01  按翻译热键 (第 1 次, step 模式)   [全选+确认 297ms]
18:19:02      第 1 次轮询看到内容变了
18:19:02  译文已稳定 (轮询 2 次)
18:19:02      [等译文 0.45s, 轮询 2 次]
18:19:02  译文: "位置'%s'似乎无效。"
18:19:03  translateposthtml.py -> "位置'%s'似乎无效。"   [python 109ms]
18:19:03      [粘回译文 172ms]
18:19:03      [回车+等下一个框 203ms]
18:19:03  ---------- 第 666 个文本框 (上一轮共 2.77s) ----------
18:19:03  原文: "\r\n"   [取文本 0ms, 焦点 Edit '
']
18:19:03  translate.py -> need=0  text=""   [python 203ms]
18:19:03  不需要翻译 -> 直接回车
18:19:03      [回车+等下一个框 203ms]
18:19:03  ---------- 第 667 个文本框 (上一轮共 0.41s) ----------
18:19:03  原文: "Select the location of the '%s' database."   [取文本 0ms, 焦点 Edit 'Select the location ']
18:19:05  translate.py -> need=1  text="Select the location of the '%s' database."   [python 1328ms]
18:19:05  翻译前基准: "Select the location of the '%s' database."   [粘贴 141ms, 取基准 0ms]
18:19:05  按翻译热键 (第 1 次, step 模式)   [全选+确认 296ms]
18:19:06      第 1 次轮询看到内容变了
18:19:06  译文已稳定 (轮询 2 次)
18:19:06      [等译文 0.45s, 轮询 2 次]
18:19:06  译文: "选择'%s'数据库的位置。"
18:19:06  translateposthtml.py -> "选择'%s'数据库的位置。"   [python 110ms]
18:19:06      [粘回译文 172ms]
18:19:07      [回车+等下一个框 218ms]
18:19:07  ---------- 第 668 个文本框 (上一轮共 3.27s) ----------
18:19:07  原文: "You can pick one of the last used file locations or browse for a different one."   [取文本 0ms, 焦点 Edit 'You can pick one of ']
18:19:08  translate.py -> need=1  text="You can pick one of the last used file locations or browse for a different one."   [python 985ms]
18:19:08  翻译前基准: "You can pick one of the last used file locations or browse for a different one."   [粘贴 156ms, 取基准 0ms]
18:19:08  按翻译热键 (第 1 次, step 模式)   [全选+确认 297ms]
18:19:11  等译文超时(2500ms), 轮询了 17 次, 内容一次都没变 -> 判定 STranslate 没反应
18:19:11  !! 文本框没有任何变化, 判定这次没翻译成功   [等了 2.83s, 轮询 17 次]
18:19:12  按翻译热键 (第 2 次, step 模式)   [全选+确认 297ms]
18:19:13      第 1 次轮询看到内容变了
18:19:13  译文已稳定 (轮询 2 次)
18:19:13      [等译文 0.47s, 轮询 2 次]
18:19:13  译文: "您可以选择最后使用的文件位置之一或浏览其他位置。"
18:19:13  translateposthtml.py -> "您可以选择最后使用的文件位置之一或浏览其他位置。"   [python 93ms]
18:19:13      [粘回译文 203ms]
18:19:13      [回车+等下一个框 204ms]
18:19:13  ---------- 第 669 个文本框 (上一轮共 6.72s) ----------
18:19:13  原文: "htm\CodeViewAssistant_Configuring.htm"   [取文本 0ms, 焦点 Edit 'htm\CodeViewAssistan']
18:19:14  translate.py -> need=0  text="htm\CodeViewAssistant_Configuring.htm"   [python 203ms]
18:19:14  不需要翻译 -> 直接回车
18:19:14      [回车+等下一个框 203ms]
18:19:14  ---------- 第 670 个文本框 (上一轮共 0.41s) ----------
18:19:14  原文: "AxCsOptions.FCvaOptions.cmdMain_Click"   [取文本 0ms, 焦点 Edit 'AxCsOptions.FCvaOpti']
18:19:14  translate.py -> need=0  text="AxCsOptions.FCvaOptions.cmdMain_Click"   [python 188ms]
18:19:14  不需要翻译 -> 直接回车
18:19:14      [回车+等下一个框 203ms]
18:19:14  ---------- 第 671 个文本框 (上一轮共 0.39s) ----------
18:19:14  原文: "htm\Configuring_ControlPanel.htm#General"   [取文本 0ms, 焦点 Edit 'htm\Configuring_Cont']
18:19:14  translate.py -> need=0  text="htm\Configuring_ControlPanel.htm#General"   [python 203ms]
18:19:14  不需要翻译 -> 直接回车
18:19:15      [回车+等下一个框 219ms]
18:19:15  ---------- 第 672 个文本框 (上一轮共 0.44s) ----------
18:19:15  原文: "htm\Configuring_ControlPanel.htm#Databases"   [取文本 0ms, 焦点 Edit 'htm\Configuring_Cont']
18:19:15  translate.py -> need=0  text="htm\Configuring_ControlPanel.htm#Databases"   [python 203ms]
18:19:15  不需要翻译 -> 直接回车
18:19:15      [回车+等下一个框 203ms]
18:19:15  ---------- 第 673 个文本框 (上一轮共 0.41s) ----------
18:19:15  原文: "htm\Configuring_ControlPanel.htm#Interface"   [取文本 0ms, 焦点 Edit 'htm\Configuring_Cont']
18:19:15  translate.py -> need=0  text="htm\Configuring_ControlPanel.htm#Interface"   [python 219ms]
18:19:15  不需要翻译 -> 直接回车
18:19:15      [回车+等下一个框 218ms]
18:19:15  ---------- 第 674 个文本框 (上一轮共 0.44s) ----------
18:19:15  原文: "htm\Configuring_ControlPanel.htm#International"   [取文本 0ms, 焦点 Edit 'htm\Configuring_Cont']
18:19:16  translate.py -> need=0  text="htm\Configuring_ControlPanel.htm#International"   [python 203ms]
18:19:16  不需要翻译 -> 直接回车
18:19:16      [回车+等下一个框 204ms]
18:19:16  ---------- 第 675 个文本框 (上一轮共 0.41s) ----------
18:19:16  原文: "htm\Configuring_ControlPanel.htm#CodeAnalyzer"   [取文本 0ms, 焦点 Edit 'htm\Configuring_Cont']
18:19:16  translate.py -> need=0  text="htm\Configuring_ControlPanel.htm#CodeAnalyzer"   [python 187ms]
18:19:16  不需要翻译 -> 直接回车
18:19:16      [回车+等下一个框 234ms]
18:19:16  ---------- 第 676 个文本框 (上一轮共 0.42s) ----------
18:19:16  原文: "htm\Configuring_ControlPanel.htm#DesignerAnalyzer"   [取文本 0ms, 焦点 Edit 'htm\Configuring_Cont']
18:19:16  translate.py -> need=0  text="htm\Configuring_ControlPanel.htm#DesignerAnalyzer"   [python 204ms]
18:19:16  不需要翻译 -> 直接回车
18:19:17      [回车+等下一个框 203ms]
18:19:17  ---------- 第 677 个文本框 (上一轮共 0.41s) ----------
18:19:17  原文: "htm\Configuring_ControlPanel.htm#LibraryManager"   [取文本 15ms, 焦点 Edit 'htm\Configuring_Cont']
18:19:17  translate.py -> need=0  text="htm\Configuring_ControlPanel.htm#LibraryManager"   [python 188ms]
18:19:17  不需要翻译 -> 直接回车
18:19:17      [回车+等下一个框 203ms]
18:19:17  ---------- 第 678 个文本框 (上一轮共 0.42s) ----------
18:19:17  原文: "htm\Configuring_ControlPanel.htm#CodeViewAssistant"   [取文本 0ms, 焦点 Edit 'htm\Configuring_Cont']
18:19:17  translate.py -> need=0  text="htm\Configuring_ControlPanel.htm#CodeViewAssistant"   [python 203ms]
18:19:17  不需要翻译 -> 直接回车
18:19:17      [回车+等下一个框 203ms]
18:19:17  ---------- 第 679 个文本框 (上一轮共 0.42s) ----------
18:19:17  原文: "htm\Configuring_ControlPanel.htm#CodingTools"   [取文本 0ms, 焦点 Edit 'htm\Configuring_Cont']
18:19:18  translate.py -> need=0  text="htm\Configuring_ControlPanel.htm#CodingTools"   [python 188ms]
18:19:18  不需要翻译 -> 直接回车
18:19:18      [回车+等下一个框 234ms]
18:19:18  ---------- 第 680 个文本框 (上一轮共 0.42s) ----------
18:19:18  原文: "htm\Configuring_ControlPanel.htm#CommentingTools"   [取文本 0ms, 焦点 Edit 'htm\Configuring_Cont']
18:19:18  translate.py -> need=0  text="htm\Configuring_ControlPanel.htm#CommentingTools"   [python 219ms]
18:19:18  不需要翻译 -> 直接回车
18:19:18      [回车+等下一个框 203ms]
18:19:18  ---------- 第 681 个文本框 (上一轮共 0.44s) ----------
18:19:18  原文: "htm\Configuring_ControlPanel.htm#ErrorHandling"   [取文本 0ms, 焦点 Edit 'htm\Configuring_Cont']
18:19:19  translate.py -> need=0  text="htm\Configuring_ControlPanel.htm#ErrorHandling"   [python 234ms]
18:19:19  不需要翻译 -> 直接回车
18:19:19      [回车+等下一个框 203ms]
18:19:19  ---------- 第 682 个文本框 (上一轮共 0.44s) ----------
18:19:19  原文: "htm\Configuring_ControlPanel.htm#ProjectExplorer"   [取文本 0ms, 焦点 Edit 'htm\Configuring_Cont']
18:19:19  translate.py -> need=0  text="htm\Configuring_ControlPanel.htm#ProjectExplorer"   [python 203ms]
18:19:19  不需要翻译 -> 直接回车
18:19:19      [回车+等下一个框 219ms]
18:19:19  ---------- 第 683 个文本框 (上一轮共 0.42s) ----------
18:19:19  原文: "htm\Configuring_ControlPanel.htm#PropertyTips"   [取文本 0ms, 焦点 Edit 'htm\Configuring_Cont']
18:19:19  translate.py -> need=0  text="htm\Configuring_ControlPanel.htm#PropertyTips"   [python 188ms]
18:19:19  不需要翻译 -> 直接回车
18:19:20      [回车+等下一个框 203ms]
18:19:20  ---------- 第 684 个文本框 (上一轮共 0.41s) ----------
18:19:20  原文: "htm\Configuring_ControlPanel.htm#SourceCodeControl"   [取文本 0ms, 焦点 Edit 'htm\Configuring_Cont']
18:19:20  translate.py -> need=0  text="htm\Configuring_ControlPanel.htm#SourceCodeControl"   [python 204ms]
18:19:20  不需要翻译 -> 直接回车
18:19:20      [回车+等下一个框 203ms]
18:19:20  ---------- 第 685 个文本框 (上一轮共 0.41s) ----------
18:19:20  原文: "htm\Configuring_ControlPanel.htm#SpellingChecker"   [取文本 15ms, 焦点 Edit 'htm\Configuring_Cont']
18:19:20  translate.py -> need=0  text="htm\Configuring_ControlPanel.htm#SpellingChecker"   [python 203ms]
18:19:20  不需要翻译 -> 直接回车
18:19:20      [回车+等下一个框 204ms]
18:19:20  ---------- 第 686 个文本框 (上一轮共 0.42s) ----------
18:19:20  原文: "htm\Configuring_ControlPanel.htm#Spies"   [取文本 0ms, 焦点 Edit 'htm\Configuring_Cont']
18:19:21  translate.py -> need=0  text="htm\Configuring_ControlPanel.htm#Spies"   [python 203ms]
18:19:21  不需要翻译 -> 直接回车
18:19:21      [回车+等下一个框 203ms]
18:19:21  ---------- 第 687 个文本框 (上一轮共 0.44s) ----------
18:19:21  原文: "htm\Configuring_ControlPanel.htm#TaskList"   [取文本 0ms, 焦点 Edit 'htm\Configuring_Cont']
18:19:21  translate.py -> need=0  text="htm\Configuring_ControlPanel.htm#TaskList"   [python 203ms]
18:19:21  不需要翻译 -> 直接回车
18:19:21      [回车+等下一个框 203ms]
18:19:21  ---------- 第 688 个文本框 (上一轮共 0.41s) ----------
18:19:21  原文: "htm\Configuring_ControlPanel.htm#About"   [取文本 0ms, 焦点 Edit 'htm\Configuring_Cont']
18:19:21  translate.py -> need=0  text="htm\Configuring_ControlPanel.htm#About"   [python 203ms]
18:19:21  不需要翻译 -> 直接回车
18:19:22      [回车+等下一个框 204ms]
18:19:22  ---------- 第 689 个文本框 (上一轮共 0.42s) ----------
18:19:22  原文: "htm\Configuring_ControlPanel.htm"   [取文本 0ms, 焦点 Edit 'htm\Configuring_Cont']
18:19:22  translate.py -> need=0  text="htm\Configuring_ControlPanel.htm"   [python 172ms]
18:19:22  不需要翻译 -> 直接回车
18:19:22      [回车+等下一个框 203ms]
18:19:22  ---------- 第 690 个文本框 (上一轮共 0.39s) ----------
18:19:22  原文: "AxCsOptions.FOptions.cmdMain_Click"   [取文本 0ms, 焦点 Edit 'AxCsOptions.FOptions']
18:19:22  translate.py -> need=0  text="AxCsOptions.FOptions.cmdMain_Click"   [python 187ms]
18:19:22  不需要翻译 -> 直接回车
18:19:22      [回车+等下一个框 203ms]
18:19:22  ---------- 第 691 个文本框 (上一轮共 0.39s) ----------
18:19:22  原文: "Click to save changes and close this dialog."   [取文本 0ms, 焦点 Edit 'Click to save change']
18:19:23  translate.py -> need=1  text="Click to save changes and close this dialog."   [python 938ms]
18:19:24  翻译前基准: "Click to save changes and close this dialog."   [粘贴 156ms, 取基准 0ms]
18:19:24  按翻译热键 (第 1 次, step 模式)   [全选+确认 297ms]
18:19:25      第 1 次轮询看到内容变了
18:19:25  译文已稳定 (轮询 2 次)
18:19:25      [等译文 0.45s, 轮询 2 次]
18:19:25  译文: "单击以保存更改并关闭此对话框。"
18:19:25  translateposthtml.py -> "单击以保存更改并关闭此对话框。"   [python 141ms]
18:19:25      [粘回译文 140ms]
18:19:25      [回车+等下一个框 219ms]
18:19:25  ---------- 第 692 个文本框 (上一轮共 2.89s) ----------
18:19:25  原文: "Click to cancel changes and close this dialog."   [取文本 0ms, 焦点 Edit 'Click to cancel chan']
18:19:26  translate.py -> need=1  text="Click to cancel changes and close this dialog."   [python 813ms]
18:19:26  翻译前基准: "Click to cancel changes and close this dialog."   [粘贴 156ms, 取基准 0ms]
18:19:27  按翻译热键 (第 1 次, step 模式)   [全选+确认 297ms]
18:19:27      第 1 次轮询看到内容变了
18:19:28  译文已稳定 (轮询 2 次)
18:19:28      [等译文 0.45s, 轮询 2 次]
18:19:28  译文: "单击以取消更改并关闭此对话框。"
18:19:28  translateposthtml.py -> "单击以取消更改并关闭此对话框。"   [python 93ms]
18:19:28      [粘回译文 157ms]
18:19:28      [回车+等下一个框 203ms]
18:19:28  ---------- 第 693 个文本框 (上一轮共 2.73s) ----------
18:19:28  原文: "Click to open this subsystem's online documentation."   [取文本 0ms, 焦点 Edit 'Click to open this s']
18:19:29  translate.py -> need=1  text="Click to open this subsystem's online documentation."   [python 797ms]
18:19:29  翻译前基准: "Click to open this subsystem's online documentation."   [粘贴 141ms, 取基准 0ms]
18:19:29  按翻译热键 (第 1 次, step 模式)   [全选+确认 297ms]
18:19:30      第 1 次轮询看到内容变了
18:19:30  译文已稳定 (轮询 2 次)
18:19:30      [等译文 0.45s, 轮询 2 次]
18:19:30  译文: "单击以打开此子系统的联机文档。"
18:19:30  translateposthtml.py -> "单击以打开此子系统的联机文档。"   [python 109ms]
18:19:31      [粘回译文 141ms]
18:19:31      [回车+等下一个框 219ms]
18:19:31  ---------- 第 694 个文本框 (上一轮共 2.74s) ----------
18:19:31  原文: "AxCsOptions.FOptions.cmdMain_GotFocus"   [取文本 0ms, 焦点 Edit 'AxCsOptions.FOptions']
18:19:31  translate.py -> need=0  text="AxCsOptions.FOptions.cmdMain_GotFocus"   [python 219ms]
18:19:31  不需要翻译 -> 直接回车
18:19:31      [回车+等下一个框 218ms]
18:19:31  ---------- 第 695 个文本框 (上一轮共 0.44s) ----------
18:19:31  原文: "AxCsOptions.FOptions.cmdMain_GotFocus"   [取文本 0ms, 焦点 Edit 'AxCsOptions.FOptions']
18:19:31  translate.py -> need=0  text="AxCsOptions.FOptions.cmdMain_GotFocus"   [python 219ms]
18:19:31  不需要翻译 -> 直接回车
18:19:32      [回车+等下一个框 203ms]
18:19:32  ---------- 第 696 个文本框 (上一轮共 0.42s) ----------
18:19:32  原文: "AxCsOptions.FOptions.cmdMain_GotFocus"   [取文本 0ms, 焦点 Edit 'AxCsOptions.FOptions']
18:19:32  translate.py -> need=0  text="AxCsOptions.FOptions.cmdMain_GotFocus"   [python 203ms]
18:19:32  不需要翻译 -> 直接回车
18:19:32      [回车+等下一个框 203ms]
18:19:32  ---------- 第 697 个文本框 (上一轮共 0.42s) ----------
18:19:32  原文: "AxCsOptions.FOptions.cmdMain_GotFocus"   [取文本 0ms, 焦点 Edit 'AxCsOptions.FOptions']
18:19:32  translate.py -> need=0  text="AxCsOptions.FOptions.cmdMain_GotFocus"   [python 219ms]
18:19:32  不需要翻译 -> 直接回车
18:19:33      [回车+等下一个框 219ms]
18:19:33  ---------- 第 698 个文本框 (上一轮共 0.44s) ----------
18:19:33  原文: "AxCsOptions.FOptions.cmdMain_GotFocus"   [取文本 0ms, 焦点 Edit 'AxCsOptions.FOptions']
18:19:33  translate.py -> need=0  text="AxCsOptions.FOptions.cmdMain_GotFocus"   [python 203ms]
18:19:33  不需要翻译 -> 直接回车
18:19:33      [回车+等下一个框 203ms]
18:19:33  ---------- 第 699 个文本框 (上一轮共 0.41s) ----------
18:19:33  原文: "AxCsOptions.FOptions.cmdMain_GotFocus"   [取文本 0ms, 焦点 Edit 'AxCsOptions.FOptions']
18:19:33  translate.py -> need=0  text="AxCsOptions.FOptions.cmdMain_GotFocus"   [python 203ms]
18:19:33  不需要翻译 -> 直接回车
18:19:33      [回车+等下一个框 203ms]
18:19:33  ---------- 第 700 个文本框 (上一轮共 0.41s) ----------
18:19:33  原文: "AxCsOptions.FOptions.cmdMain_GotFocus"   [取文本 0ms, 焦点 Edit 'AxCsOptions.FOptions']
18:19:34  translate.py -> need=0  text="AxCsOptions.FOptions.cmdMain_GotFocus"   [python 219ms]
18:19:34  不需要翻译 -> 直接回车
18:19:34      [回车+等下一个框 203ms]
18:19:34  ---------- 第 701 个文本框 (上一轮共 0.42s) ----------
18:19:34  原文: "AxCsOptions.FOptions.cmdMain_GotFocus"   [取文本 0ms, 焦点 Edit 'AxCsOptions.FOptions']
18:19:34  translate.py -> need=0  text="AxCsOptions.FOptions.cmdMain_GotFocus"   [python 203ms]
18:19:34  不需要翻译 -> 直接回车
18:19:34      [回车+等下一个框 203ms]
18:19:34  ---------- 第 702 个文本框 (上一轮共 0.41s) ----------
18:19:34  原文: "AxCsOptions.FOptions.cmdMain_GotFocus"   [取文本 0ms, 焦点 Edit 'AxCsOptions.FOptions']
18:19:34  translate.py -> need=0  text="AxCsOptions.FOptions.cmdMain_GotFocus"   [python 203ms]
18:19:34  不需要翻译 -> 直接回车
18:19:35      [回车+等下一个框 235ms]
18:19:35  ---------- 第 703 个文本框 (上一轮共 0.44s) ----------
18:19:35  原文: "AxCsOptions.FOptions.cmdMain_GotFocus"   [取文本 0ms, 焦点 Edit 'AxCsOptions.FOptions']
18:19:35  translate.py -> need=0  text="AxCsOptions.FOptions.cmdMain_GotFocus"   [python 187ms]
18:19:35  不需要翻译 -> 直接回车
18:19:35      [回车+等下一个框 219ms]
18:19:35  ---------- 第 704 个文本框 (上一轮共 0.41s) ----------
18:19:35  原文: "AxCsOptions.FOptions.cmdMain_GotFocus"   [取文本 0ms, 焦点 Edit 'AxCsOptions.FOptions']
18:19:35  translate.py -> need=0  text="AxCsOptions.FOptions.cmdMain_GotFocus"   [python 219ms]
18:19:35  不需要翻译 -> 直接回车
18:19:35      [回车+等下一个框 218ms]
18:19:35  ---------- 第 705 个文本框 (上一轮共 0.44s) ----------
18:19:35  原文: "AxCsOptions.FOptions.cmdMain_GotFocus"   [取文本 0ms, 焦点 Edit 'AxCsOptions.FOptions']
18:19:36  translate.py -> need=0  text="AxCsOptions.FOptions.cmdMain_GotFocus"   [python 203ms]
18:19:36  不需要翻译 -> 直接回车
18:19:36      [回车+等下一个框 235ms]
18:19:36  ---------- 第 706 个文本框 (上一轮共 0.45s) ----------
18:19:36  原文: "AxCsOptions.FOptions.cmdMain_GotFocus"   [取文本 0ms, 焦点 Edit 'AxCsOptions.FOptions']
18:19:36  translate.py -> need=0  text="AxCsOptions.FOptions.cmdMain_GotFocus"   [python 203ms]
18:19:36  不需要翻译 -> 直接回车
18:19:36      [回车+等下一个框 203ms]
18:19:36  ---------- 第 707 个文本框 (上一轮共 0.41s) ----------
18:19:36  原文: "AxCsOptions.FOptions.cmdMain_GotFocus"   [取文本 0ms, 焦点 Edit 'AxCsOptions.FOptions']
18:19:37  translate.py -> need=0  text="AxCsOptions.FOptions.cmdMain_GotFocus"   [python 234ms]
18:19:37  不需要翻译 -> 直接回车
18:19:37      [回车+等下一个框 219ms]
18:19:37  ---------- 第 708 个文本框 (上一轮共 0.45s) ----------
18:19:37  原文: "AxCsOptions.FOptions.cmdMain_GotFocus"   [取文本 0ms, 焦点 Edit 'AxCsOptions.FOptions']
18:19:37  translate.py -> need=0  text="AxCsOptions.FOptions.cmdMain_GotFocus"   [python 187ms]
18:19:37  不需要翻译 -> 直接回车
18:19:37      [回车+等下一个框 219ms]
18:19:37  ---------- 第 709 个文本框 (上一轮共 0.41s) ----------
18:19:37  原文: "AxCsOptions.FOptions.cmdMain_GotFocus"   [取文本 0ms, 焦点 Edit 'AxCsOptions.FOptions']
18:19:37  translate.py -> need=0  text="AxCsOptions.FOptions.cmdMain_GotFocus"   [python 203ms]
18:19:37  不需要翻译 -> 直接回车
18:19:38      [回车+等下一个框 203ms]
18:19:38  ---------- 第 710 个文本框 (上一轮共 0.41s) ----------
18:19:38  原文: "AxCsOptions.FOptions.cmdMain_GotFocus"   [取文本 0ms, 焦点 Edit 'AxCsOptions.FOptions']
18:19:38  translate.py -> need=0  text="AxCsOptions.FOptions.cmdMain_GotFocus"   [python 219ms]
18:19:38  不需要翻译 -> 直接回车
18:19:38      [回车+等下一个框 203ms]
18:19:38  ---------- 第 711 个文本框 (上一轮共 0.42s) ----------
18:19:38  原文: "AxCsOptions.FOptions.cmdMain_GotFocus"   [取文本 0ms, 焦点 Edit 'AxCsOptions.FOptions']
18:19:38  translate.py -> need=0  text="AxCsOptions.FOptions.cmdMain_GotFocus"   [python 219ms]
18:19:38  不需要翻译 -> 直接回车
18:19:38      [回车+等下一个框 219ms]
18:19:38  ---------- 第 712 个文本框 (上一轮共 0.44s) ----------
18:19:38  原文: "AxCsOptions.FOptions.cmdMain_GotFocus"   [取文本 0ms, 焦点 Edit 'AxCsOptions.FOptions']
18:19:39  translate.py -> need=0  text="AxCsOptions.FOptions.cmdMain_GotFocus"   [python 219ms]
18:19:39  不需要翻译 -> 直接回车
18:19:39      [回车+等下一个框 218ms]
18:19:39  ---------- 第 713 个文本框 (上一轮共 0.44s) ----------
18:19:39  原文: "AxCsOptions.FOptions.cmdMain_GotFocus"   [取文本 0ms, 焦点 Edit 'AxCsOptions.FOptions']
18:19:39  translate.py -> need=0  text="AxCsOptions.FOptions.cmdMain_GotFocus"   [python 203ms]
18:19:39  不需要翻译 -> 直接回车
18:19:39      [回车+等下一个框 204ms]
18:19:39  ---------- 第 714 个文本框 (上一轮共 0.41s) ----------
18:19:39  原文: "AxCsOptions.FOptions.cmdMain_GotFocus"   [取文本 0ms, 焦点 Edit 'AxCsOptions.FOptions']
18:19:39  translate.py -> need=0  text="AxCsOptions.FOptions.cmdMain_GotFocus"   [python 187ms]
18:19:39  不需要翻译 -> 直接回车
18:19:40      [回车+等下一个框 203ms]
18:19:40  ---------- 第 715 个文本框 (上一轮共 0.39s) ----------
18:19:40  原文: "AxCsOptions.FOptions.cmdMain_GotFocus"   [取文本 16ms, 焦点 Edit 'AxCsOptions.FOptions']
18:19:40  translate.py -> need=0  text="AxCsOptions.FOptions.cmdMain_GotFocus"   [python 187ms]
18:19:40  不需要翻译 -> 直接回车
18:19:40      [回车+等下一个框 203ms]
18:19:40  ---------- 第 716 个文本框 (上一轮共 0.41s) ----------
18:19:40  原文: "AxCsOptions.FOptions.cmdMain_GotFocus"   [取文本 0ms, 焦点 Edit 'AxCsOptions.FOptions']
18:19:40  translate.py -> need=0  text="AxCsOptions.FOptions.cmdMain_GotFocus"   [python 235ms]
18:19:40  不需要翻译 -> 直接回车
18:19:41      [回车+等下一个框 203ms]
18:19:41  ---------- 第 717 个文本框 (上一轮共 0.44s) ----------
18:19:41  原文: "AxCsOptions.FOptions.cmdMain_GotFocus"   [取文本 0ms, 焦点 Edit 'AxCsOptions.FOptions']
18:19:41  translate.py -> need=0  text="AxCsOptions.FOptions.cmdMain_GotFocus"   [python 203ms]
18:19:41  不需要翻译 -> 直接回车
18:19:41      [回车+等下一个框 203ms]
18:19:41  ---------- 第 718 个文本框 (上一轮共 0.41s) ----------
18:19:41  原文: "AxCsOptions.FOptions.cmdMain_GotFocus"   [取文本 0ms, 焦点 Edit 'AxCsOptions.FOptions']
18:19:41  translate.py -> need=0  text="AxCsOptions.FOptions.cmdMain_GotFocus"   [python 188ms]
18:19:41  不需要翻译 -> 直接回车
18:19:41      [回车+等下一个框 203ms]
18:19:41  ---------- 第 719 个文本框 (上一轮共 0.39s) ----------
18:19:41  原文: "AxCsOptions.FOptions.cmdMain_GotFocus"   [取文本 0ms, 焦点 Edit 'AxCsOptions.FOptions']
18:19:42  translate.py -> need=0  text="AxCsOptions.FOptions.cmdMain_GotFocus"   [python 203ms]
18:19:42  不需要翻译 -> 直接回车
18:19:42      [回车+等下一个框 234ms]
18:19:42  ---------- 第 720 个文本框 (上一轮共 0.44s) ----------
18:19:42  原文: "AxCsOptions.FOptions.cmdMain_GotFocus"   [取文本 0ms, 焦点 Edit 'AxCsOptions.FOptions']
18:19:42  translate.py -> need=0  text="AxCsOptions.FOptions.cmdMain_GotFocus"   [python 188ms]
18:19:42  不需要翻译 -> 直接回车
18:19:42      [回车+等下一个框 219ms]
18:19:42  ---------- 第 721 个文本框 (上一轮共 0.41s) ----------
18:19:42  原文: "AxCsOptions.FOptions.cmdMain_GotFocus"   [取文本 0ms, 焦点 Edit 'AxCsOptions.FOptions']
18:19:42  translate.py -> need=0  text="AxCsOptions.FOptions.cmdMain_GotFocus"   [python 187ms]
18:19:42  不需要翻译 -> 直接回车
18:19:43      [回车+等下一个框 203ms]
18:19:43  ---------- 第 722 个文本框 (上一轮共 0.39s) ----------
18:19:43  原文: "AxCsOptions.FOptions.cmdMain_GotFocus"   [取文本 0ms, 焦点 Edit 'AxCsOptions.FOptions']
18:19:43  translate.py -> need=0  text="AxCsOptions.FOptions.cmdMain_GotFocus"   [python 203ms]
18:19:43  不需要翻译 -> 直接回车
18:19:43      [回车+等下一个框 203ms]
18:19:43  ---------- 第 723 个文本框 (上一轮共 0.41s) ----------
18:19:43  原文: "AxCsOptions.FOptions.cmdMain_GotFocus"   [取文本 0ms, 焦点 Edit 'AxCsOptions.FOptions']
18:19:43  translate.py -> need=0  text="AxCsOptions.FOptions.cmdMain_GotFocus"   [python 204ms]
18:19:43  不需要翻译 -> 直接回车
18:19:43      [回车+等下一个框 203ms]
18:19:43  ---------- 第 724 个文本框 (上一轮共 0.41s) ----------
18:19:43  原文: "AxCsOptions.FOptions.cmdMain_GotFocus"   [取文本 0ms, 焦点 Edit 'AxCsOptions.FOptions']
18:19:44  translate.py -> need=0  text="AxCsOptions.FOptions.cmdMain_GotFocus"   [python 187ms]
18:19:44  不需要翻译 -> 直接回车
18:19:44      [回车+等下一个框 219ms]
18:19:44  ---------- 第 725 个文本框 (上一轮共 0.41s) ----------
18:19:44  原文: "AxCsOptions.FOptions.cmdMain_GotFocus"   [取文本 0ms, 焦点 Edit 'AxCsOptions.FOptions']
18:19:44  translate.py -> need=0  text="AxCsOptions.FOptions.cmdMain_GotFocus"   [python 187ms]
18:19:44  不需要翻译 -> 直接回车
18:19:44      [回车+等下一个框 204ms]
18:19:44  ---------- 第 726 个文本框 (上一轮共 0.41s) ----------
18:19:44  原文: "AxCsOptions.FOptions.cmdMain_GotFocus"   [取文本 0ms, 焦点 Edit 'AxCsOptions.FOptions']
18:19:44  translate.py -> need=0  text="AxCsOptions.FOptions.cmdMain_GotFocus"   [python 203ms]
18:19:44  不需要翻译 -> 直接回车
18:19:45      [回车+等下一个框 203ms]
18:19:45  ---------- 第 727 个文本框 (上一轮共 0.42s) ----------
18:19:45  原文: "AxCsOptions.FOptions.cmdMain_GotFocus"   [取文本 0ms, 焦点 Edit 'AxCsOptions.FOptions']
18:19:45  translate.py -> need=0  text="AxCsOptions.FOptions.cmdMain_GotFocus"   [python 188ms]
18:19:45  不需要翻译 -> 直接回车
18:19:45      [回车+等下一个框 218ms]
18:19:45  ---------- 第 728 个文本框 (上一轮共 0.41s) ----------
18:19:45  原文: "AxCsOptions.FOptions.cmdMain_GotFocus"   [取文本 0ms, 焦点 Edit 'AxCsOptions.FOptions']
18:19:45  translate.py -> need=0  text="AxCsOptions.FOptions.cmdMain_GotFocus"   [python 203ms]
18:19:45  不需要翻译 -> 直接回车
18:19:45      [回车+等下一个框 235ms]
18:19:45  ---------- 第 729 个文本框 (上一轮共 0.44s) ----------
18:19:45  原文: "AxCsOptions.FOptions.cmdMain_GotFocus"   [取文本 0ms, 焦点 Edit 'AxCsOptions.FOptions']
18:19:46  translate.py -> need=0  text="AxCsOptions.FOptions.cmdMain_GotFocus"   [python 203ms]
18:19:46  不需要翻译 -> 直接回车
18:19:46      [回车+等下一个框 219ms]
18:19:46  ---------- 第 730 个文本框 (上一轮共 0.42s) ----------
18:19:46  原文: "AxCsOptions.FOptions.cmdMain_GotFocus"   [取文本 0ms, 焦点 Edit 'AxCsOptions.FOptions']
18:19:46  translate.py -> need=0  text="AxCsOptions.FOptions.cmdMain_GotFocus"   [python 187ms]
18:19:46  不需要翻译 -> 直接回车
18:19:46      [回车+等下一个框 235ms]
18:19:46  ---------- 第 731 个文本框 (上一轮共 0.42s) ----------
18:19:46  原文: "AxCsOptions.FOptions.cmdMain_GotFocus"   [取文本 0ms, 焦点 Edit 'AxCsOptions.FOptions']
18:19:47  translate.py -> need=0  text="AxCsOptions.FOptions.cmdMain_GotFocus"   [python 203ms]
18:19:47  不需要翻译 -> 直接回车
18:19:47      [回车+等下一个框 203ms]
18:19:47  ---------- 第 732 个文本框 (上一轮共 0.41s) ----------
18:19:47  原文: "AxCsOptions.FOptions.cmdMain_GotFocus"   [取文本 0ms, 焦点 Edit 'AxCsOptions.FOptions']
18:19:47  translate.py -> need=0  text="AxCsOptions.FOptions.cmdMain_GotFocus"   [python 203ms]
18:19:47  不需要翻译 -> 直接回车
18:19:47      [回车+等下一个框 234ms]
18:19:47  ---------- 第 733 个文本框 (上一轮共 0.44s) ----------
18:19:47  原文: "AxCsOptions.FOptions.cmdMain_GotFocus"   [取文本 0ms, 焦点 Edit 'AxCsOptions.FOptions']
18:19:47  translate.py -> need=0  text="AxCsOptions.FOptions.cmdMain_GotFocus"   [python 203ms]
18:19:47  不需要翻译 -> 直接回车
18:19:48      [回车+等下一个框 204ms]
18:19:48  ---------- 第 734 个文本框 (上一轮共 0.41s) ----------
18:19:48  原文: "AxCsOptions.FOptions.cmdMain_GotFocus"   [取文本 0ms, 焦点 Edit 'AxCsOptions.FOptions']
18:19:48  translate.py -> need=0  text="AxCsOptions.FOptions.cmdMain_GotFocus"   [python 218ms]
18:19:48  不需要翻译 -> 直接回车
18:19:48      [回车+等下一个框 203ms]
18:19:48  ---------- 第 735 个文本框 (上一轮共 0.44s) ----------
18:19:48  原文: "AxCsOptions.FOptions.cmdMain_GotFocus"   [取文本 0ms, 焦点 Edit 'AxCsOptions.FOptions']
18:19:48  translate.py -> need=0  text="AxCsOptions.FOptions.cmdMain_GotFocus"   [python 234ms]
18:19:48  不需要翻译 -> 直接回车
18:19:48      [回车+等下一个框 204ms]
18:19:48  ---------- 第 736 个文本框 (上一轮共 0.44s) ----------
18:19:48  原文: "AxCsOptions.FOptions.cmdMain_GotFocus"   [取文本 0ms, 焦点 Edit 'AxCsOptions.FOptions']
18:19:49  translate.py -> need=0  text="AxCsOptions.FOptions.cmdMain_GotFocus"   [python 187ms]
18:19:49  不需要翻译 -> 直接回车
18:19:49      [回车+等下一个框 219ms]
18:19:49  ---------- 第 737 个文本框 (上一轮共 0.41s) ----------
18:19:49  原文: "AxCsOptions.FOptions.cmdMain_GotFocus"   [取文本 0ms, 焦点 Edit 'AxCsOptions.FOptions']
18:19:49  translate.py -> need=0  text="AxCsOptions.FOptions.cmdMain_GotFocus"   [python 203ms]
18:19:49  不需要翻译 -> 直接回车
18:19:49      [回车+等下一个框 203ms]
18:19:49  ---------- 第 738 个文本框 (上一轮共 0.41s) ----------
18:19:49  原文: "AxCsOptions.FOptions.cmdMain_GotFocus"   [取文本 0ms, 焦点 Edit 'AxCsOptions.FOptions']
18:19:49  translate.py -> need=0  text="AxCsOptions.FOptions.cmdMain_GotFocus"   [python 203ms]
18:19:49  不需要翻译 -> 直接回车
18:19:50      [回车+等下一个框 203ms]
18:19:50  ---------- 第 739 个文本框 (上一轮共 0.42s) ----------
18:19:50  原文: "AxCsOptions.FOptions.cmdMain_GotFocus"   [取文本 0ms, 焦点 Edit 'AxCsOptions.FOptions']
18:19:50  translate.py -> need=0  text="AxCsOptions.FOptions.cmdMain_GotFocus"   [python 187ms]
18:19:50  不需要翻译 -> 直接回车
18:19:50      [回车+等下一个框 204ms]
18:19:50  ---------- 第 740 个文本框 (上一轮共 0.39s) ----------
18:19:50  原文: "AxCsOptions.FOptions.cmdMain_GotFocus"   [取文本 0ms, 焦点 Edit 'AxCsOptions.FOptions']
18:19:50  translate.py -> need=0  text="AxCsOptions.FOptions.cmdMain_GotFocus"   [python 187ms]
18:19:50  不需要翻译 -> 直接回车
18:19:51      [回车+等下一个框 265ms]
18:19:51  ---------- 第 741 个文本框 (上一轮共 0.47s) ----------
18:19:51  原文: "AxCsOptions.FOptions.cmdMain_GotFocus"   [取文本 0ms, 焦点 Edit 'AxCsOptions.FOptions']
18:19:51  translate.py -> need=0  text="AxCsOptions.FOptions.cmdMain_GotFocus"   [python 235ms]
18:19:51  不需要翻译 -> 直接回车
18:19:51      [回车+等下一个框 203ms]
18:19:51  ---------- 第 742 个文本框 (上一轮共 0.44s) ----------
18:19:51  原文: "AxCsOptions.FOptions.cmdMain_GotFocus"   [取文本 0ms, 焦点 Edit 'AxCsOptions.FOptions']
18:19:51  translate.py -> need=0  text="AxCsOptions.FOptions.cmdMain_GotFocus"   [python 203ms]
18:19:51  不需要翻译 -> 直接回车
18:19:51      [回车+等下一个框 203ms]
18:19:51  ---------- 第 743 个文本框 (上一轮共 0.41s) ----------
18:19:51  原文: "AxCsOptions.FOptions.cmdMain_GotFocus"   [取文本 0ms, 焦点 Edit 'AxCsOptions.FOptions']
18:19:52  translate.py -> need=0  text="AxCsOptions.FOptions.cmdMain_GotFocus"   [python 203ms]
18:19:52  不需要翻译 -> 直接回车
18:19:52      [回车+等下一个框 203ms]
18:19:52  ---------- 第 744 个文本框 (上一轮共 0.41s) ----------
18:19:52  原文: "AxCsOptions.FOptions.cmdMain_GotFocus"   [取文本 0ms, 焦点 Edit 'AxCsOptions.FOptions']
18:19:52  translate.py -> need=0  text="AxCsOptions.FOptions.cmdMain_GotFocus"   [python 188ms]
18:19:52  不需要翻译 -> 直接回车
18:19:52      [回车+等下一个框 219ms]
18:19:52  ---------- 第 745 个文本框 (上一轮共 0.41s) ----------
18:19:52  原文: "AxCsOptions.FOptions.cmdMain_GotFocus"   [取文本 0ms, 焦点 Edit 'AxCsOptions.FOptions']
18:19:52  translate.py -> need=0  text="AxCsOptions.FOptions.cmdMain_GotFocus"   [python 203ms]
18:19:52  不需要翻译 -> 直接回车
18:19:53      [回车+等下一个框 203ms]
18:19:53  ---------- 第 746 个文本框 (上一轮共 0.41s) ----------
18:19:53  原文: "AxCsOptions.FOptions.cmdMain_GotFocus"   [取文本 0ms, 焦点 Edit 'AxCsOptions.FOptions']
18:19:53  translate.py -> need=0  text="AxCsOptions.FOptions.cmdMain_GotFocus"   [python 203ms]
18:19:53  不需要翻译 -> 直接回车
18:19:53      [回车+等下一个框 203ms]
18:19:53  ---------- 第 747 个文本框 (上一轮共 0.41s) ----------
18:19:53  原文: "AxCsOptions.FOptions.cmdMain_GotFocus"   [取文本 0ms, 焦点 Edit 'AxCsOptions.FOptions']
18:19:53  translate.py -> need=0  text="AxCsOptions.FOptions.cmdMain_GotFocus"   [python 172ms]
18:19:53  不需要翻译 -> 直接回车
18:19:53      [回车+等下一个框 219ms]
18:19:53  ---------- 第 748 个文本框 (上一轮共 0.39s) ----------
18:19:53  原文: "AxCsOptions.FOptions.cmdMain_GotFocus"   [取文本 0ms, 焦点 Edit 'AxCsOptions.FOptions']
18:19:54  translate.py -> need=0  text="AxCsOptions.FOptions.cmdMain_GotFocus"   [python 203ms]
18:19:54  不需要翻译 -> 直接回车
18:19:54      [回车+等下一个框 203ms]
18:19:54  ---------- 第 749 个文本框 (上一轮共 0.41s) ----------
18:19:54  原文: "AxCsOptions.FOptions.cmdMain_GotFocus"   [取文本 0ms, 焦点 Edit 'AxCsOptions.FOptions']
18:19:54  translate.py -> need=0  text="AxCsOptions.FOptions.cmdMain_GotFocus"   [python 187ms]
18:19:54  不需要翻译 -> 直接回车
18:19:54      [回车+等下一个框 204ms]
18:19:54  ---------- 第 750 个文本框 (上一轮共 0.39s) ----------
18:19:54  原文: "AxCsOptions.FOptions.cmdMain_GotFocus"   [取文本 0ms, 焦点 Edit 'AxCsOptions.FOptions']
18:19:54  translate.py -> need=0  text="AxCsOptions.FOptions.cmdMain_GotFocus"   [python 218ms]
18:19:54  不需要翻译 -> 直接回车
18:19:55      [回车+等下一个框 219ms]
18:19:55  ---------- 第 751 个文本框 (上一轮共 0.44s) ----------
18:19:55  原文: "AxCsOptions.FOptions.cmdMain_GotFocus"   [取文本 0ms, 焦点 Edit 'AxCsOptions.FOptions']
18:19:55  translate.py -> need=0  text="AxCsOptions.FOptions.cmdMain_GotFocus"   [python 203ms]
18:19:55  不需要翻译 -> 直接回车
18:19:55      [回车+等下一个框 203ms]
18:19:55  ---------- 第 752 个文本框 (上一轮共 0.41s) ----------
18:19:55  原文: "AxCsOptions.FOptions.cmdMain_GotFocus"   [取文本 0ms, 焦点 Edit 'AxCsOptions.FOptions']
18:19:55  translate.py -> need=0  text="AxCsOptions.FOptions.cmdMain_GotFocus"   [python 203ms]
18:19:55  不需要翻译 -> 直接回车
18:19:55      [回车+等下一个框 219ms]
18:19:55  ---------- 第 753 个文本框 (上一轮共 0.42s) ----------
18:19:55  原文: "AxCsOptions.FOptions.cmdMain_GotFocus"   [取文本 0ms, 焦点 Edit 'AxCsOptions.FOptions']
18:19:56  translate.py -> need=0  text="AxCsOptions.FOptions.cmdMain_GotFocus"   [python 203ms]
18:19:56  不需要翻译 -> 直接回车
18:19:56      [回车+等下一个框 219ms]
18:19:56  ---------- 第 754 个文本框 (上一轮共 0.42s) ----------
18:19:56  原文: "AxCsOptions.FOptions.cmdMain_GotFocus"   [取文本 0ms, 焦点 Edit 'AxCsOptions.FOptions']
18:19:56  translate.py -> need=0  text="AxCsOptions.FOptions.cmdMain_GotFocus"   [python 219ms]
18:19:56  不需要翻译 -> 直接回车
18:19:56      [回车+等下一个框 203ms]
18:19:56  ---------- 第 755 个文本框 (上一轮共 0.42s) ----------
18:19:56  原文: "AxCsOptions.FOptions.cmdMain_GotFocus"   [取文本 0ms, 焦点 Edit 'AxCsOptions.FOptions']
18:19:56  translate.py -> need=0  text="AxCsOptions.FOptions.cmdMain_GotFocus"   [python 219ms]
18:19:57  不需要翻译 -> 直接回车
18:19:57      [回车+等下一个框 203ms]
18:19:57  ---------- 第 756 个文本框 (上一轮共 0.44s) ----------
18:19:57  原文: "AxCsOptions.FOptions.cmdMain_GotFocus"   [取文本 0ms, 焦点 Edit 'AxCsOptions.FOptions']
18:19:57  translate.py -> need=0  text="AxCsOptions.FOptions.cmdMain_GotFocus"   [python 188ms]
18:19:57  不需要翻译 -> 直接回车
18:19:57      [回车+等下一个框 203ms]
18:19:57  ---------- 第 757 个文本框 (上一轮共 0.39s) ----------
18:19:57  原文: "AxCsOptions.FOptions.cmdMain_GotFocus"   [取文本 16ms, 焦点 Edit 'AxCsOptions.FOptions']
18:19:57  translate.py -> need=0  text="AxCsOptions.FOptions.cmdMain_GotFocus"   [python 187ms]
18:19:57  不需要翻译 -> 直接回车
18:19:58      [回车+等下一个框 203ms]
18:19:58  ---------- 第 758 个文本框 (上一轮共 0.41s) ----------
18:19:58  原文: "AxCsOptions.FOptions.cmdMain_GotFocus"   [取文本 0ms, 焦点 Edit 'AxCsOptions.FOptions']
18:19:58  translate.py -> need=0  text="AxCsOptions.FOptions.cmdMain_GotFocus"   [python 188ms]
18:19:58  不需要翻译 -> 直接回车
18:19:58      [回车+等下一个框 203ms]
18:19:58  ---------- 第 759 个文本框 (上一轮共 0.39s) ----------
18:19:58  原文: "AxCsOptions.FOptions.cmdMain_GotFocus"   [取文本 16ms, 焦点 Edit 'AxCsOptions.FOptions']
18:19:58  translate.py -> need=0  text="AxCsOptions.FOptions.cmdMain_GotFocus"   [python 203ms]
18:19:58  不需要翻译 -> 直接回车
18:19:58      [回车+等下一个框 218ms]
18:19:58  ---------- 第 760 个文本框 (上一轮共 0.44s) ----------
18:19:58  原文: "AxCsOptions.FOptions.cmdMain_GotFocus"   [取文本 0ms, 焦点 Edit 'AxCsOptions.FOptions']
18:19:59  translate.py -> need=0  text="AxCsOptions.FOptions.cmdMain_GotFocus"   [python 219ms]
18:19:59  不需要翻译 -> 直接回车
18:19:59      [回车+等下一个框 203ms]
18:19:59  ---------- 第 761 个文本框 (上一轮共 0.42s) ----------
18:19:59  原文: "AxCsOptions.FOptions.cmdMain_GotFocus"   [取文本 0ms, 焦点 Edit 'AxCsOptions.FOptions']
18:19:59  translate.py -> need=0  text="AxCsOptions.FOptions.cmdMain_GotFocus"   [python 188ms]
18:19:59  不需要翻译 -> 直接回车
18:19:59      [回车+等下一个框 219ms]
18:19:59  ---------- 第 762 个文本框 (上一轮共 0.41s) ----------
18:19:59  原文: "AxCsOptions.FOptions.cmdMain_GotFocus"   [取文本 0ms, 焦点 Edit 'AxCsOptions.FOptions']
18:19:59  translate.py -> need=0  text="AxCsOptions.FOptions.cmdMain_GotFocus"   [python 203ms]
18:19:59  不需要翻译 -> 直接回车
18:20:00      [回车+等下一个框 203ms]
18:20:00  ---------- 第 763 个文本框 (上一轮共 0.42s) ----------
18:20:00  原文: "AxCsOptions.FOptions.cmdMain_GotFocus"   [取文本 0ms, 焦点 Edit 'AxCsOptions.FOptions']
18:20:00  translate.py -> need=0  text="AxCsOptions.FOptions.cmdMain_GotFocus"   [python 188ms]
18:20:00  不需要翻译 -> 直接回车
18:20:00      [回车+等下一个框 234ms]
18:20:00  ---------- 第 764 个文本框 (上一轮共 0.42s) ----------
18:20:00  原文: "AxCsOptions.FOptions.cmdMain_GotFocus"   [取文本 0ms, 焦点 Edit 'AxCsOptions.FOptions']
18:20:00  translate.py -> need=0  text="AxCsOptions.FOptions.cmdMain_GotFocus"   [python 219ms]
18:20:00  不需要翻译 -> 直接回车
18:20:00      [回车+等下一个框 203ms]
18:20:00  ---------- 第 765 个文本框 (上一轮共 0.44s) ----------
18:20:00  原文: "AxCsOptions.FOptions.cmdMain_GotFocus"   [取文本 0ms, 焦点 Edit 'AxCsOptions.FOptions']
18:20:01  translate.py -> need=0  text="AxCsOptions.FOptions.cmdMain_GotFocus"   [python 187ms]
18:20:01  不需要翻译 -> 直接回车
18:20:01      [回车+等下一个框 203ms]
18:20:01  ---------- 第 766 个文本框 (上一轮共 0.39s) ----------
18:20:01  原文: "AxCsOptions.FOptions.cmdMain_GotFocus"   [取文本 0ms, 焦点 Edit 'AxCsOptions.FOptions']
18:20:01  translate.py -> need=0  text="AxCsOptions.FOptions.cmdMain_GotFocus"   [python 235ms]
18:20:01  不需要翻译 -> 直接回车
18:20:01      [回车+等下一个框 203ms]
18:20:01  ---------- 第 767 个文本框 (上一轮共 0.47s) ----------
18:20:01  原文: "AxCsOptions.FOptions.cmdMain_GotFocus"   [取文本 16ms, 焦点 Edit 'AxCsOptions.FOptions']
18:20:01  translate.py -> need=0  text="AxCsOptions.FOptions.cmdMain_GotFocus"   [python 172ms]
18:20:01  不需要翻译 -> 直接回车
18:20:02      [回车+等下一个框 203ms]
18:20:02  ---------- 第 768 个文本框 (上一轮共 0.39s) ----------
18:20:02  原文: "AxCsOptions.FOptions.cmdMain_GotFocus"   [取文本 0ms, 焦点 Edit 'AxCsOptions.FOptions']
18:20:02  translate.py -> need=0  text="AxCsOptions.FOptions.cmdMain_GotFocus"   [python 219ms]
18:20:02  不需要翻译 -> 直接回车
18:20:02      [回车+等下一个框 203ms]
18:20:02  ---------- 第 769 个文本框 (上一轮共 0.42s) ----------
18:20:02  原文: "AxCsOptions.FOptions.cmdMain_GotFocus"   [取文本 0ms, 焦点 Edit 'AxCsOptions.FOptions']
18:20:02  translate.py -> need=0  text="AxCsOptions.FOptions.cmdMain_GotFocus"   [python 234ms]
18:20:02  不需要翻译 -> 直接回车
18:20:03      [回车+等下一个框 219ms]
18:20:03  ---------- 第 770 个文本框 (上一轮共 0.45s) ----------
18:20:03  原文: "AxCsOptions.FOptions.cmdMain_GotFocus"   [取文本 0ms, 焦点 Edit 'AxCsOptions.FOptions']
18:20:03  translate.py -> need=0  text="AxCsOptions.FOptions.cmdMain_GotFocus"   [python 157ms]
18:20:03  不需要翻译 -> 直接回车
18:20:03      [回车+等下一个框 218ms]
18:20:03  ---------- 第 771 个文本框 (上一轮共 0.39s) ----------
18:20:03  原文: "AxCsOptions.FOptions.cmdMain_GotFocus"   [取文本 0ms, 焦点 Edit 'AxCsOptions.FOptions']
18:20:03  translate.py -> need=0  text="AxCsOptions.FOptions.cmdMain_GotFocus"   [python 219ms]
18:20:03  不需要翻译 -> 直接回车
18:20:03      [回车+等下一个框 219ms]
18:20:03  ---------- 第 772 个文本框 (上一轮共 0.44s) ----------
18:20:03  原文: "AxCsOptions.FOptions.cmdMain_GotFocus"   [取文本 16ms, 焦点 Edit 'AxCsOptions.FOptions']
18:20:04  translate.py -> need=0  text="AxCsOptions.FOptions.cmdMain_GotFocus"   [python 171ms]
18:20:04  不需要翻译 -> 直接回车
18:20:04      [回车+等下一个框 204ms]
18:20:04  ---------- 第 773 个文本框 (上一轮共 0.39s) ----------
18:20:04  原文: "AxCsOptions.FOptions.cmdMain_GotFocus"   [取文本 0ms, 焦点 Edit 'AxCsOptions.FOptions']
18:20:04  translate.py -> need=0  text="AxCsOptions.FOptions.cmdMain_GotFocus"   [python 203ms]
18:20:04  不需要翻译 -> 直接回车
18:20:04      [回车+等下一个框 203ms]
18:20:04  ---------- 第 774 个文本框 (上一轮共 0.42s) ----------
18:20:04  原文: "AxCsOptions.FOptions.cmdMain_GotFocus"   [取文本 0ms, 焦点 Edit 'AxCsOptions.FOptions']
18:20:04  translate.py -> need=0  text="AxCsOptions.FOptions.cmdMain_GotFocus"   [python 219ms]
18:20:04  不需要翻译 -> 直接回车
18:20:05      [回车+等下一个框 219ms]
18:20:05  ---------- 第 775 个文本框 (上一轮共 0.44s) ----------
18:20:05  原文: "AxCsOptions.FOptions.cmdMain_GotFocus"   [取文本 0ms, 焦点 Edit 'AxCsOptions.FOptions']
18:20:05  translate.py -> need=0  text="AxCsOptions.FOptions.cmdMain_GotFocus"   [python 219ms]
18:20:05  不需要翻译 -> 直接回车
18:20:05      [回车+等下一个框 203ms]
18:20:05  ---------- 第 776 个文本框 (上一轮共 0.42s) ----------
18:20:05  原文: "AxCsOptions.FOptions.cmdMain_GotFocus"   [取文本 15ms, 焦点 Edit 'AxCsOptions.FOptions']
18:20:05  translate.py -> need=0  text="AxCsOptions.FOptions.cmdMain_GotFocus"   [python 204ms]
18:20:05  不需要翻译 -> 直接回车
18:20:05      [回车+等下一个框 203ms]
18:20:05  ---------- 第 777 个文本框 (上一轮共 0.42s) ----------
18:20:05  原文: "AxCsOptions.FOptions.cmdMain_GotFocus"   [取文本 0ms, 焦点 Edit 'AxCsOptions.FOptions']
18:20:06  translate.py -> need=0  text="AxCsOptions.FOptions.cmdMain_GotFocus"   [python 187ms]
18:20:06  不需要翻译 -> 直接回车
18:20:06      [回车+等下一个框 203ms]
18:20:06  ---------- 第 778 个文本框 (上一轮共 0.39s) ----------
18:20:06  原文: "AxCsOptions.FOptions.cmdMain_GotFocus"   [取文本 0ms, 焦点 Edit 'AxCsOptions.FOptions']
18:20:06  translate.py -> need=0  text="AxCsOptions.FOptions.cmdMain_GotFocus"   [python 203ms]
18:20:06  不需要翻译 -> 直接回车
18:20:06      [回车+等下一个框 219ms]
18:20:06  ---------- 第 779 个文本框 (上一轮共 0.42s) ----------
18:20:06  原文: "AxCsOptions.FOptions.cmdMain_GotFocus"   [取文本 0ms, 焦点 Edit 'AxCsOptions.FOptions']
18:20:07  translate.py -> need=0  text="AxCsOptions.FOptions.cmdMain_GotFocus"   [python 219ms]
18:20:07  不需要翻译 -> 直接回车
18:20:07      [回车+等下一个框 219ms]
18:20:07  ---------- 第 780 个文本框 (上一轮共 0.44s) ----------
18:20:07  原文: "AxCsOptions.FOptions.cmdMain_GotFocus"   [取文本 0ms, 焦点 Edit 'AxCsOptions.FOptions']
18:20:07  translate.py -> need=0  text="AxCsOptions.FOptions.cmdMain_GotFocus"   [python 187ms]
18:20:07  不需要翻译 -> 直接回车
18:20:07      [回车+等下一个框 235ms]
18:20:07  ---------- 第 781 个文本框 (上一轮共 0.42s) ----------
18:20:07  原文: "AxCsOptions.FOptions.cmdMain_GotFocus"   [取文本 0ms, 焦点 Edit 'AxCsOptions.FOptions']
18:20:07  translate.py -> need=0  text="AxCsOptions.FOptions.cmdMain_GotFocus"   [python 218ms]
18:20:07  不需要翻译 -> 直接回车
18:20:08      [回车+等下一个框 219ms]
18:20:08  ---------- 第 782 个文本框 (上一轮共 0.44s) ----------
18:20:08  原文: "AxCsOptions.FOptions.cmdMain_GotFocus"   [取文本 0ms, 焦点 Edit 'AxCsOptions.FOptions']
18:20:08  translate.py -> need=0  text="AxCsOptions.FOptions.cmdMain_GotFocus"   [python 234ms]
18:20:08  不需要翻译 -> 直接回车
18:20:08      [回车+等下一个框 235ms]
18:20:08  ---------- 第 783 个文本框 (上一轮共 0.47s) ----------
18:20:08  原文: "AxCsOptions.FOptions.cmdMain_GotFocus"   [取文本 0ms, 焦点 Edit 'AxCsOptions.FOptions']
18:20:08  translate.py -> need=0  text="AxCsOptions.FOptions.cmdMain_GotFocus"   [python 203ms]
18:20:08  不需要翻译 -> 直接回车
18:20:08      [回车+等下一个框 203ms]
18:20:08  ---------- 第 784 个文本框 (上一轮共 0.41s) ----------
18:20:08  原文: "AxCsOptions.FOptions.cmdMain_GotFocus"   [取文本 0ms, 焦点 Edit 'AxCsOptions.FOptions']
18:20:09  translate.py -> need=0  text="AxCsOptions.FOptions.cmdMain_GotFocus"   [python 203ms]
18:20:09  不需要翻译 -> 直接回车
18:20:09      [回车+等下一个框 203ms]
18:20:09  ---------- 第 785 个文本框 (上一轮共 0.41s) ----------
18:20:09  原文: "AxCsOptions.FOptions.cmdMain_GotFocus"   [取文本 0ms, 焦点 Edit 'AxCsOptions.FOptions']
18:20:09  translate.py -> need=0  text="AxCsOptions.FOptions.cmdMain_GotFocus"   [python 203ms]
18:20:09  不需要翻译 -> 直接回车
18:20:09      [回车+等下一个框 204ms]
18:20:09  ---------- 第 786 个文本框 (上一轮共 0.41s) ----------
18:20:09  原文: "AxCsOptions.FOptions.cmdMain_GotFocus"   [取文本 0ms, 焦点 Edit 'AxCsOptions.FOptions']
18:20:10  translate.py -> need=0  text="AxCsOptions.FOptions.cmdMain_GotFocus"   [python 203ms]
18:20:10  不需要翻译 -> 直接回车
18:20:10      [回车+等下一个框 218ms]
18:20:10  ---------- 第 787 个文本框 (上一轮共 0.42s) ----------
18:20:10  原文: "AxCsOptions.FOptions.cmdMain_GotFocus"   [取文本 0ms, 焦点 Edit 'AxCsOptions.FOptions']
18:20:10  translate.py -> need=0  text="AxCsOptions.FOptions.cmdMain_GotFocus"   [python 188ms]
18:20:10  不需要翻译 -> 直接回车
18:20:10      [回车+等下一个框 203ms]
18:20:10  ---------- 第 788 个文本框 (上一轮共 0.39s) ----------
18:20:10  原文: "AxCsOptions.FOptions.cmdMain_GotFocus"   [取文本 0ms, 焦点 Edit 'AxCsOptions.FOptions']
18:20:10  translate.py -> need=0  text="AxCsOptions.FOptions.cmdMain_GotFocus"   [python 203ms]
18:20:10  不需要翻译 -> 直接回车
18:20:11      [回车+等下一个框 235ms]
18:20:11  ---------- 第 789 个文本框 (上一轮共 0.44s) ----------
18:20:11  原文: "AxCsOptions.FOptions.cmdMain_GotFocus"   [取文本 0ms, 焦点 Edit 'AxCsOptions.FOptions']
18:20:11  translate.py -> need=0  text="AxCsOptions.FOptions.cmdMain_GotFocus"   [python 265ms]
18:20:11  不需要翻译 -> 直接回车
18:20:11      [回车+等下一个框 219ms]
18:20:11  ---------- 第 790 个文本框 (上一轮共 0.48s) ----------
18:20:11  原文: "AxCsOptions.FOptions.cmdMain_GotFocus"   [取文本 0ms, 焦点 Edit 'AxCsOptions.FOptions']
18:20:11  translate.py -> need=0  text="AxCsOptions.FOptions.cmdMain_GotFocus"   [python 187ms]
18:20:11  不需要翻译 -> 直接回车
18:20:11      [回车+等下一个框 219ms]
18:20:11  ---------- 第 791 个文本框 (上一轮共 0.41s) ----------
18:20:11  原文: "AxCsOptions.FOptions.cmdMain_GotFocus"   [取文本 0ms, 焦点 Edit 'AxCsOptions.FOptions']
18:20:12  translate.py -> need=0  text="AxCsOptions.FOptions.cmdMain_GotFocus"   [python 203ms]
18:20:12  不需要翻译 -> 直接回车
18:20:12      [回车+等下一个框 235ms]
18:20:12  ---------- 第 792 个文本框 (上一轮共 0.44s) ----------
18:20:12  原文: "AxCsOptions.FOptions.cmdMain_GotFocus"   [取文本 0ms, 焦点 Edit 'AxCsOptions.FOptions']
18:20:12  translate.py -> need=0  text="AxCsOptions.FOptions.cmdMain_GotFocus"   [python 218ms]
18:20:12  不需要翻译 -> 直接回车
18:20:12      [回车+等下一个框 204ms]
18:20:12  ---------- 第 793 个文本框 (上一轮共 0.42s) ----------
18:20:12  原文: "AxCsOptions.FOptions.cmdMain_GotFocus"   [取文本 0ms, 焦点 Edit 'AxCsOptions.FOptions']
18:20:12  translate.py -> need=0  text="AxCsOptions.FOptions.cmdMain_GotFocus"   [python 203ms]
18:20:12  不需要翻译 -> 直接回车
18:20:13      [回车+等下一个框 203ms]
18:20:13  ---------- 第 794 个文本框 (上一轮共 0.41s) ----------
18:20:13  原文: "AxCsOptions.FOptions.cmdMain_GotFocus"   [取文本 0ms, 焦点 Edit 'AxCsOptions.FOptions']
18:20:13  translate.py -> need=0  text="AxCsOptions.FOptions.cmdMain_GotFocus"   [python 187ms]
18:20:13  不需要翻译 -> 直接回车
18:20:13      [回车+等下一个框 219ms]
18:20:13  ---------- 第 795 个文本框 (上一轮共 0.42s) ----------
18:20:13  原文: "AxCsOptions.FOptions.cmdMain_GotFocus"   [取文本 0ms, 焦点 Edit 'AxCsOptions.FOptions']
18:20:13  translate.py -> need=0  text="AxCsOptions.FOptions.cmdMain_GotFocus"   [python 218ms]
18:20:13  不需要翻译 -> 直接回车
18:20:14      [回车+等下一个框 204ms]
18:20:14  ---------- 第 796 个文本框 (上一轮共 0.44s) ----------
18:20:14  原文: "AxCsOptions.FOptions.cmdMain_GotFocus"   [取文本 0ms, 焦点 Edit 'AxCsOptions.FOptions']
18:20:14  translate.py -> need=0  text="AxCsOptions.FOptions.cmdMain_GotFocus"   [python 219ms]
18:20:14  不需要翻译 -> 直接回车
18:20:14      [回车+等下一个框 203ms]
18:20:14  ---------- 第 797 个文本框 (上一轮共 0.42s) ----------
18:20:14  原文: "AxCsOptions.FOptions.cmdMain_GotFocus"   [取文本 0ms, 焦点 Edit 'AxCsOptions.FOptions']
18:20:14  translate.py -> need=0  text="AxCsOptions.FOptions.cmdMain_GotFocus"   [python 203ms]
18:20:14  不需要翻译 -> 直接回车
18:20:14      [回车+等下一个框 203ms]
18:20:14  ---------- 第 798 个文本框 (上一轮共 0.41s) ----------
18:20:14  原文: "AxCsOptions.FOptions.cmdMain_GotFocus"   [取文本 0ms, 焦点 Edit 'AxCsOptions.FOptions']
18:20:15  translate.py -> need=0  text="AxCsOptions.FOptions.cmdMain_GotFocus"   [python 219ms]
18:20:15  不需要翻译 -> 直接回车
18:20:15      [回车+等下一个框 203ms]
18:20:15  ---------- 第 799 个文本框 (上一轮共 0.42s) ----------
18:20:15  原文: "AxCsOptions.FOptions.cmdMain_GotFocus"   [取文本 0ms, 焦点 Edit 'AxCsOptions.FOptions']
18:20:15  translate.py -> need=0  text="AxCsOptions.FOptions.cmdMain_GotFocus"   [python 203ms]
18:20:15  不需要翻译 -> 直接回车
18:20:15      [回车+等下一个框 203ms]
18:20:15  ---------- 第 800 个文本框 (上一轮共 0.41s) ----------
18:20:15  原文: "AxCsOptions.FOptions.cmdMain_GotFocus"   [取文本 0ms, 焦点 Edit 'AxCsOptions.FOptions']
18:20:15  translate.py -> need=0  text="AxCsOptions.FOptions.cmdMain_GotFocus"   [python 219ms]
18:20:15  不需要翻译 -> 直接回车
18:20:16      [回车+等下一个框 219ms]
18:20:16  ---------- 第 801 个文本框 (上一轮共 0.45s) ----------
18:20:16  原文: "AxCsOptions.FOptions.cmdMain_GotFocus"   [取文本 0ms, 焦点 Edit 'AxCsOptions.FOptions']
18:20:16  translate.py -> need=0  text="AxCsOptions.FOptions.cmdMain_GotFocus"   [python 219ms]
18:20:16  不需要翻译 -> 直接回车
18:20:16      [回车+等下一个框 203ms]
18:20:16  ---------- 第 802 个文本框 (上一轮共 0.42s) ----------
18:20:16  原文: "AxCsOptions.FOptions.cmdMain_GotFocus"   [取文本 0ms, 焦点 Edit 'AxCsOptions.FOptions']
18:20:16  translate.py -> need=0  text="AxCsOptions.FOptions.cmdMain_GotFocus"   [python 188ms]
18:20:16  不需要翻译 -> 直接回车
18:20:16      [回车+等下一个框 203ms]
18:20:17  ---------- 第 803 个文本框 (上一轮共 0.39s) ----------
18:20:17  原文: "AxCsOptions.FOptions.cmdMain_GotFocus"   [取文本 0ms, 焦点 Edit 'AxCsOptions.FOptions']
18:20:17  translate.py -> need=0  text="AxCsOptions.FOptions.cmdMain_GotFocus"   [python 218ms]
18:20:17  不需要翻译 -> 直接回车
18:20:17      [回车+等下一个框 219ms]
18:20:17  ---------- 第 804 个文本框 (上一轮共 0.44s) ----------
18:20:17  原文: "AxCsOptions.FOptions.cmdMain_GotFocus"   [取文本 0ms, 焦点 Edit 'AxCsOptions.FOptions']
18:20:17  translate.py -> need=0  text="AxCsOptions.FOptions.cmdMain_GotFocus"   [python 203ms]
18:20:17  不需要翻译 -> 直接回车
18:20:17      [回车+等下一个框 219ms]
18:20:17  ---------- 第 805 个文本框 (上一轮共 0.42s) ----------
18:20:17  原文: "AxCsOptions.FOptions.cmdMain_GotFocus"   [取文本 0ms, 焦点 Edit 'AxCsOptions.FOptions']
18:20:18  translate.py -> need=0  text="AxCsOptions.FOptions.cmdMain_GotFocus"   [python 219ms]
18:20:18  不需要翻译 -> 直接回车
18:20:18      [回车+等下一个框 203ms]
18:20:18  ---------- 第 806 个文本框 (上一轮共 0.42s) ----------
18:20:18  原文: "AxCsOptions.FOptions.cmdMain_GotFocus"   [取文本 0ms, 焦点 Edit 'AxCsOptions.FOptions']
18:20:18  translate.py -> need=0  text="AxCsOptions.FOptions.cmdMain_GotFocus"   [python 187ms]
18:20:18  不需要翻译 -> 直接回车
18:20:18      [回车+等下一个框 235ms]
18:20:18  ---------- 第 807 个文本框 (上一轮共 0.42s) ----------
18:20:18  原文: "AxCsOptions.FOptions.cmdMain_GotFocus"   [取文本 0ms, 焦点 Edit 'AxCsOptions.FOptions']
18:20:18  translate.py -> need=0  text="AxCsOptions.FOptions.cmdMain_GotFocus"   [python 203ms]
18:20:18  不需要翻译 -> 直接回车
18:20:19      [回车+等下一个框 219ms]
18:20:19  ---------- 第 808 个文本框 (上一轮共 0.42s) ----------
18:20:19  原文: "AxCsOptions.FOptions.cmdMain_GotFocus"   [取文本 0ms, 焦点 Edit 'AxCsOptions.FOptions']
18:20:19  translate.py -> need=0  text="AxCsOptions.FOptions.cmdMain_GotFocus"   [python 187ms]
18:20:19  不需要翻译 -> 直接回车
18:20:19      [回车+等下一个框 203ms]
18:20:19  ---------- 第 809 个文本框 (上一轮共 0.39s) ----------
18:20:19  原文: "AxCsOptions.FOptions.cmdMain_GotFocus"   [取文本 0ms, 焦点 Edit 'AxCsOptions.FOptions']
18:20:19  translate.py -> need=0  text="AxCsOptions.FOptions.cmdMain_GotFocus"   [python 188ms]
18:20:19  不需要翻译 -> 直接回车
18:20:19      [回车+等下一个框 203ms]
18:20:19  ---------- 第 810 个文本框 (上一轮共 0.39s) ----------
18:20:19  原文: "AxCsOptions.FOptions.cmdMain_GotFocus"   [取文本 0ms, 焦点 Edit 'AxCsOptions.FOptions']
18:20:20  translate.py -> need=0  text="AxCsOptions.FOptions.cmdMain_GotFocus"   [python 203ms]
18:20:20  不需要翻译 -> 直接回车
18:20:20      [回车+等下一个框 203ms]
18:20:20  ---------- 第 811 个文本框 (上一轮共 0.41s) ----------
18:20:20  原文: "AxCsOptions.FOptions.cmdMain_GotFocus"   [取文本 0ms, 焦点 Edit 'AxCsOptions.FOptions']
18:20:20  translate.py -> need=0  text="AxCsOptions.FOptions.cmdMain_GotFocus"   [python 203ms]
18:20:20  不需要翻译 -> 直接回车
18:20:20      [回车+等下一个框 203ms]
18:20:20  ---------- 第 812 个文本框 (上一轮共 0.41s) ----------
18:20:20  原文: "AxCsOptions.FOptions.cmdMain_GotFocus"   [取文本 0ms, 焦点 Edit 'AxCsOptions.FOptions']
18:20:20  translate.py -> need=0  text="AxCsOptions.FOptions.cmdMain_GotFocus"   [python 219ms]
18:20:20  不需要翻译 -> 直接回车
18:20:21      [回车+等下一个框 219ms]
18:20:21  ---------- 第 813 个文本框 (上一轮共 0.45s) ----------
18:20:21  原文: "AxCsOptions.FOptions.cmdMain_GotFocus"   [取文本 0ms, 焦点 Edit 'AxCsOptions.FOptions']
18:20:21  translate.py -> need=0  text="AxCsOptions.FOptions.cmdMain_GotFocus"   [python 218ms]
18:20:21  不需要翻译 -> 直接回车
18:20:21      [回车+等下一个框 203ms]
18:20:21  ---------- 第 814 个文本框 (上一轮共 0.44s) ----------
18:20:21  原文: "AxCsOptions.FOptions.cmdMain_GotFocus"   [取文本 16ms, 焦点 Edit 'AxCsOptions.FOptions']
18:20:21  translate.py -> need=0  text="AxCsOptions.FOptions.cmdMain_GotFocus"   [python 203ms]
18:20:21  不需要翻译 -> 直接回车
18:20:22      [回车+等下一个框 203ms]
18:20:22  ---------- 第 815 个文本框 (上一轮共 0.42s) ----------
18:20:22  原文: "AxCsOptions.FOptions.cmdMain_GotFocus"   [取文本 0ms, 焦点 Edit 'AxCsOptions.FOptions']
18:20:22  translate.py -> need=0  text="AxCsOptions.FOptions.cmdMain_GotFocus"   [python 219ms]
18:20:22  不需要翻译 -> 直接回车
18:20:22      [回车+等下一个框 203ms]
18:20:22  ---------- 第 816 个文本框 (上一轮共 0.44s) ----------
18:20:22  原文: "AxCsOptions.FOptions.cmdMain_GotFocus"   [取文本 0ms, 焦点 Edit 'AxCsOptions.FOptions']
18:20:22  translate.py -> need=0  text="AxCsOptions.FOptions.cmdMain_GotFocus"   [python 219ms]
18:20:22  不需要翻译 -> 直接回车
18:20:22      [回车+等下一个框 219ms]
18:20:22  ---------- 第 817 个文本框 (上一轮共 0.44s) ----------
18:20:22  原文: "AxCsOptions.FOptions.cmdMain_GotFocus"   [取文本 0ms, 焦点 Edit 'AxCsOptions.FOptions']
18:20:23  translate.py -> need=0  text="AxCsOptions.FOptions.cmdMain_GotFocus"   [python 203ms]
18:20:23  不需要翻译 -> 直接回车
18:20:23      [回车+等下一个框 219ms]
18:20:23  ---------- 第 818 个文本框 (上一轮共 0.42s) ----------
18:20:23  原文: "AxCsOptions.FOptions.cmdMain_GotFocus"   [取文本 0ms, 焦点 Edit 'AxCsOptions.FOptions']
18:20:23  translate.py -> need=0  text="AxCsOptions.FOptions.cmdMain_GotFocus"   [python 219ms]
18:20:23  不需要翻译 -> 直接回车
18:20:23      [回车+等下一个框 203ms]
18:20:23  ---------- 第 819 个文本框 (上一轮共 0.42s) ----------
18:20:23  原文: "AxCsOptions.FOptions.cmdMain_GotFocus"   [取文本 0ms, 焦点 Edit 'AxCsOptions.FOptions']
18:20:23  translate.py -> need=0  text="AxCsOptions.FOptions.cmdMain_GotFocus"   [python 203ms]
18:20:23  不需要翻译 -> 直接回车
18:20:24      [回车+等下一个框 219ms]
18:20:24  ---------- 第 820 个文本框 (上一轮共 0.42s) ----------
18:20:24  原文: "AxCsOptions.FOptions.cmdMain_GotFocus"   [取文本 0ms, 焦点 Edit 'AxCsOptions.FOptions']
18:20:24  translate.py -> need=0  text="AxCsOptions.FOptions.cmdMain_GotFocus"   [python 187ms]
18:20:24  不需要翻译 -> 直接回车
18:20:24      [回车+等下一个框 219ms]
18:20:24  ---------- 第 821 个文本框 (上一轮共 0.41s) ----------
18:20:24  原文: "AxCsOptions.FOptions.cmdMain_GotFocus"   [取文本 0ms, 焦点 Edit 'AxCsOptions.FOptions']
18:20:24  translate.py -> need=0  text="AxCsOptions.FOptions.cmdMain_GotFocus"   [python 203ms]
18:20:24  不需要翻译 -> 直接回车
18:20:25      [回车+等下一个框 219ms]
18:20:25  ---------- 第 822 个文本框 (上一轮共 0.44s) ----------
18:20:25  原文: "AxCsOptions.FOptions.cmdMain_GotFocus"   [取文本 0ms, 焦点 Edit 'AxCsOptions.FOptions']
18:20:25  translate.py -> need=0  text="AxCsOptions.FOptions.cmdMain_GotFocus"   [python 219ms]
18:20:25  不需要翻译 -> 直接回车
18:20:25      [回车+等下一个框 203ms]
18:20:25  ---------- 第 823 个文本框 (上一轮共 0.44s) ----------
18:20:25  原文: "AxCsOptions.FOptions.cmdMain_GotFocus"   [取文本 0ms, 焦点 Edit 'AxCsOptions.FOptions']
18:20:25  translate.py -> need=0  text="AxCsOptions.FOptions.cmdMain_GotFocus"   [python 187ms]
18:20:25  不需要翻译 -> 直接回车
18:20:25      [回车+等下一个框 203ms]
18:20:25  ---------- 第 824 个文本框 (上一轮共 0.39s) ----------
18:20:25  原文: "AxCsOptions.FOptions.cmdMain_GotFocus"   [取文本 0ms, 焦点 Edit 'AxCsOptions.FOptions']
18:20:26  translate.py -> need=0  text="AxCsOptions.FOptions.cmdMain_GotFocus"   [python 204ms]
18:20:26  不需要翻译 -> 直接回车
18:20:26      [回车+等下一个框 203ms]
18:20:26  ---------- 第 825 个文本框 (上一轮共 0.42s) ----------
18:20:26  原文: "AxCsOptions.FOptions.cmdMain_GotFocus"   [取文本 0ms, 焦点 Edit 'AxCsOptions.FOptions']
18:20:26  translate.py -> need=0  text="AxCsOptions.FOptions.cmdMain_GotFocus"   [python 219ms]
18:20:26  不需要翻译 -> 直接回车
18:20:26      [回车+等下一个框 203ms]
18:20:26  ---------- 第 826 个文本框 (上一轮共 0.42s) ----------
18:20:26  原文: "AxCsOptions.FOptions.cmdMain_GotFocus"   [取文本 0ms, 焦点 Edit 'AxCsOptions.FOptions']
18:20:26  translate.py -> need=0  text="AxCsOptions.FOptions.cmdMain_GotFocus"   [python 188ms]
18:20:26  不需要翻译 -> 直接回车
18:20:27      [回车+等下一个框 218ms]
18:20:27  ---------- 第 827 个文本框 (上一轮共 0.41s) ----------
18:20:27  原文: "AxCsOptions.FOptions.cmdMain_GotFocus"   [取文本 0ms, 焦点 Edit 'AxCsOptions.FOptions']
18:20:27  translate.py -> need=0  text="AxCsOptions.FOptions.cmdMain_GotFocus"   [python 188ms]
18:20:27  不需要翻译 -> 直接回车
18:20:27      [回车+等下一个框 203ms]
18:20:27  ---------- 第 828 个文本框 (上一轮共 0.39s) ----------
18:20:27  原文: "AxCsOptions.FOptions.cmdMain_GotFocus"   [取文本 0ms, 焦点 Edit 'AxCsOptions.FOptions']
18:20:27  translate.py -> need=0  text="AxCsOptions.FOptions.cmdMain_GotFocus"   [python 188ms]
18:20:27  不需要翻译 -> 直接回车
18:20:27      [回车+等下一个框 235ms]
18:20:27  ---------- 第 829 个文本框 (上一轮共 0.44s) ----------
18:20:27  原文: "AxCsOptions.FOptions.cmdMain_GotFocus"   [取文本 0ms, 焦点 Edit 'AxCsOptions.FOptions']
18:20:28  translate.py -> need=0  text="AxCsOptions.FOptions.cmdMain_GotFocus"   [python 218ms]
18:20:28  不需要翻译 -> 直接回车
18:20:28      [回车+等下一个框 203ms]
18:20:28  ---------- 第 830 个文本框 (上一轮共 0.47s) ----------
18:20:28  原文: "AxCsOptions.FOptions.cmdMain_GotFocus"   [取文本 0ms, 焦点 Edit 'AxCsOptions.FOptions']
18:20:28  translate.py -> need=0  text="AxCsOptions.FOptions.cmdMain_GotFocus"   [python 219ms]
18:20:28  不需要翻译 -> 直接回车
18:20:28      [回车+等下一个框 203ms]
18:20:28  ---------- 第 831 个文本框 (上一轮共 0.42s) ----------
18:20:28  原文: "AxCsOptions.FOptions.cmdMain_GotFocus"   [取文本 0ms, 焦点 Edit 'AxCsOptions.FOptions']
18:20:29  translate.py -> need=0  text="AxCsOptions.FOptions.cmdMain_GotFocus"   [python 219ms]
18:20:29  不需要翻译 -> 直接回车
18:20:29      [回车+等下一个框 219ms]
18:20:29  ---------- 第 832 个文本框 (上一轮共 0.44s) ----------
18:20:29  原文: "AxCsOptions.FOptions.cmdMain_GotFocus"   [取文本 0ms, 焦点 Edit 'AxCsOptions.FOptions']
18:20:29  translate.py -> need=0  text="AxCsOptions.FOptions.cmdMain_GotFocus"   [python 187ms]
18:20:29  不需要翻译 -> 直接回车
18:20:29      [回车+等下一个框 203ms]
18:20:29  ---------- 第 833 个文本框 (上一轮共 0.39s) ----------
18:20:29  原文: "AxCsOptions.FOptions.cmdMain_GotFocus"   [取文本 0ms, 焦点 Edit 'AxCsOptions.FOptions']
18:20:29  translate.py -> need=0  text="AxCsOptions.FOptions.cmdMain_GotFocus"   [python 188ms]
18:20:29  不需要翻译 -> 直接回车
18:20:30      [回车+等下一个框 203ms]
18:20:30  ---------- 第 834 个文本框 (上一轮共 0.41s) ----------
18:20:30  原文: "AxCsOptions.FOptions.cmdMain_GotFocus"   [取文本 0ms, 焦点 Edit 'AxCsOptions.FOptions']
18:20:30  translate.py -> need=0  text="AxCsOptions.FOptions.cmdMain_GotFocus"   [python 203ms]
18:20:30  不需要翻译 -> 直接回车
18:20:30      [回车+等下一个框 203ms]
18:20:30  ---------- 第 835 个文本框 (上一轮共 0.41s) ----------
18:20:30  原文: "AxCsOptions.FOptions.cmdMain_GotFocus"   [取文本 0ms, 焦点 Edit 'AxCsOptions.FOptions']
18:20:30  translate.py -> need=0  text="AxCsOptions.FOptions.cmdMain_GotFocus"   [python 219ms]
18:20:30  不需要翻译 -> 直接回车
18:20:30      [回车+等下一个框 218ms]
18:20:30  ---------- 第 836 个文本框 (上一轮共 0.44s) ----------
18:20:30  原文: "AxCsOptions.FOptions.cmdMain_GotFocus"   [取文本 0ms, 焦点 Edit 'AxCsOptions.FOptions']
18:20:31  translate.py -> need=0  text="AxCsOptions.FOptions.cmdMain_GotFocus"   [python 219ms]
18:20:31  不需要翻译 -> 直接回车
18:20:31      [回车+等下一个框 234ms]
18:20:31  ---------- 第 837 个文本框 (上一轮共 0.47s) ----------
18:20:31  原文: "AxCsOptions.FOptions.cmdMain_GotFocus"   [取文本 0ms, 焦点 Edit 'AxCsOptions.FOptions']
18:20:31  translate.py -> need=0  text="AxCsOptions.FOptions.cmdMain_GotFocus"   [python 188ms]
18:20:31  不需要翻译 -> 直接回车
18:20:31      [回车+等下一个框 203ms]
18:20:31  ---------- 第 838 个文本框 (上一轮共 0.41s) ----------
18:20:31  原文: "AxCsOptions.FOptions.cmdMain_GotFocus"   [取文本 0ms, 焦点 Edit 'AxCsOptions.FOptions']
18:20:31  translate.py -> need=0  text="AxCsOptions.FOptions.cmdMain_GotFocus"   [python 188ms]
18:20:31  不需要翻译 -> 直接回车
18:20:32      [回车+等下一个框 203ms]
18:20:32  ---------- 第 839 个文本框 (上一轮共 0.39s) ----------
18:20:32  原文: "AxCsOptions.FOptions.cmdMain_GotFocus"   [取文本 0ms, 焦点 Edit 'AxCsOptions.FOptions']
18:20:32  translate.py -> need=0  text="AxCsOptions.FOptions.cmdMain_GotFocus"   [python 187ms]
18:20:32  不需要翻译 -> 直接回车
18:20:32      [回车+等下一个框 204ms]
18:20:32  ---------- 第 840 个文本框 (上一轮共 0.39s) ----------
18:20:32  原文: "AxCsOptions.FOptions.cmdMain_GotFocus"   [取文本 0ms, 焦点 Edit 'AxCsOptions.FOptions']
18:20:32  translate.py -> need=0  text="AxCsOptions.FOptions.cmdMain_GotFocus"   [python 234ms]
18:20:32  不需要翻译 -> 直接回车
18:20:32      [回车+等下一个框 203ms]
18:20:32  ---------- 第 841 个文本框 (上一轮共 0.44s) ----------
18:20:32  原文: "AxCsOptions.FOptions.cmdMain_GotFocus"   [取文本 0ms, 焦点 Edit 'AxCsOptions.FOptions']
18:20:33  translate.py -> need=0  text="AxCsOptions.FOptions.cmdMain_GotFocus"   [python 203ms]
18:20:33  不需要翻译 -> 直接回车
18:20:33      [回车+等下一个框 219ms]
18:20:33  ---------- 第 842 个文本框 (上一轮共 0.42s) ----------
18:20:33  原文: "AxCsOptions.FOptions.cmdMain_GotFocus"   [取文本 0ms, 焦点 Edit 'AxCsOptions.FOptions']
18:20:33  translate.py -> need=0  text="AxCsOptions.FOptions.cmdMain_GotFocus"   [python 234ms]
18:20:33  不需要翻译 -> 直接回车
18:20:33      [回车+等下一个框 203ms]
18:20:33  ---------- 第 843 个文本框 (上一轮共 0.45s) ----------
18:20:33  原文: "AxCsOptions.FOptions.cmdMain_GotFocus"   [取文本 0ms, 焦点 Edit 'AxCsOptions.FOptions']
18:20:34  translate.py -> need=0  text="AxCsOptions.FOptions.cmdMain_GotFocus"   [python 203ms]
18:20:34  不需要翻译 -> 直接回车
18:20:34      [回车+等下一个框 203ms]
18:20:34  ---------- 第 844 个文本框 (上一轮共 0.41s) ----------
18:20:34  原文: "AxCsOptions.FOptions.cmdMain_GotFocus"   [取文本 0ms, 焦点 Edit 'AxCsOptions.FOptions']
18:20:34  translate.py -> need=0  text="AxCsOptions.FOptions.cmdMain_GotFocus"   [python 250ms]
18:20:34  不需要翻译 -> 直接回车
18:20:34      [回车+等下一个框 203ms]
18:20:34  ---------- 第 845 个文本框 (上一轮共 0.45s) ----------
18:20:34  原文: "AxCsOptions.FOptions.cmdMain_GotFocus"   [取文本 0ms, 焦点 Edit 'AxCsOptions.FOptions']
18:20:34  translate.py -> need=0  text="AxCsOptions.FOptions.cmdMain_GotFocus"   [python 188ms]
18:20:34  不需要翻译 -> 直接回车
18:20:35      [回车+等下一个框 250ms]
18:20:35  ---------- 第 846 个文本框 (上一轮共 0.44s) ----------
18:20:35  原文: "AxCsOptions.FOptions.cmdMain_GotFocus"   [取文本 0ms, 焦点 Edit 'AxCsOptions.FOptions']
18:20:35  translate.py -> need=0  text="AxCsOptions.FOptions.cmdMain_GotFocus"   [python 219ms]
18:20:35  不需要翻译 -> 直接回车
18:20:35      [回车+等下一个框 203ms]
18:20:35  ---------- 第 847 个文本框 (上一轮共 0.42s) ----------
18:20:35  原文: "AxCsOptions.FOptions.cmdMain_GotFocus"   [取文本 0ms, 焦点 Edit 'AxCsOptions.FOptions']
18:20:35  translate.py -> need=0  text="AxCsOptions.FOptions.cmdMain_GotFocus"   [python 250ms]
18:20:35  不需要翻译 -> 直接回车
18:20:36      [回车+等下一个框 203ms]
18:20:36  ---------- 第 848 个文本框 (上一轮共 0.45s) ----------
18:20:36  原文: "AxCsOptions.FOptions.cmdMain_GotFocus"   [取文本 0ms, 焦点 Edit 'AxCsOptions.FOptions']
18:20:36  translate.py -> need=0  text="AxCsOptions.FOptions.cmdMain_GotFocus"   [python 187ms]
18:20:36  不需要翻译 -> 直接回车
18:20:36      [回车+等下一个框 204ms]
18:20:36  ---------- 第 849 个文本框 (上一轮共 0.39s) ----------
18:20:36  原文: "AxCsOptions.FOptions.cmdMain_GotFocus"   [取文本 0ms, 焦点 Edit 'AxCsOptions.FOptions']
18:20:36  translate.py -> need=0  text="AxCsOptions.FOptions.cmdMain_GotFocus"   [python 187ms]
18:20:36  不需要翻译 -> 直接回车
18:20:36      [回车+等下一个框 219ms]
18:20:36  ---------- 第 850 个文本框 (上一轮共 0.41s) ----------
18:20:36  原文: "AxCsOptions.FOptions.cmdMain_GotFocus"   [取文本 0ms, 焦点 Edit 'AxCsOptions.FOptions']
18:20:37  translate.py -> need=0  text="AxCsOptions.FOptions.cmdMain_GotFocus"   [python 203ms]
18:20:37  不需要翻译 -> 直接回车
18:20:37      [回车+等下一个框 219ms]
18:20:37  ---------- 第 851 个文本框 (上一轮共 0.42s) ----------
18:20:37  原文: "AxCsOptions.FOptions.cmdMain_GotFocus"   [取文本 0ms, 焦点 Edit 'AxCsOptions.FOptions']
18:20:37  translate.py -> need=0  text="AxCsOptions.FOptions.cmdMain_GotFocus"   [python 218ms]
18:20:37  不需要翻译 -> 直接回车
18:20:37      [回车+等下一个框 219ms]
18:20:37  ---------- 第 852 个文本框 (上一轮共 0.44s) ----------
18:20:37  原文: "AxCsOptions.FOptions.cmdMain_GotFocus"   [取文本 0ms, 焦点 Edit 'AxCsOptions.FOptions']
18:20:37  translate.py -> need=0  text="AxCsOptions.FOptions.cmdMain_GotFocus"   [python 203ms]
18:20:37  不需要翻译 -> 直接回车
18:20:38      [回车+等下一个框 203ms]
18:20:38  ---------- 第 853 个文本框 (上一轮共 0.41s) ----------
18:20:38  原文: "AxCsOptions.FOptions.cmdMain_GotFocus"   [取文本 0ms, 焦点 Edit 'AxCsOptions.FOptions']
18:20:38  translate.py -> need=0  text="AxCsOptions.FOptions.cmdMain_GotFocus"   [python 188ms]
18:20:38  不需要翻译 -> 直接回车
18:20:38      [回车+等下一个框 219ms]
18:20:38  ---------- 第 854 个文本框 (上一轮共 0.41s) ----------
18:20:38  原文: "AxCsOptions.FOptions.cmdMain_GotFocus"   [取文本 0ms, 焦点 Edit 'AxCsOptions.FOptions']
18:20:38  translate.py -> need=0  text="AxCsOptions.FOptions.cmdMain_GotFocus"   [python 187ms]
18:20:38  不需要翻译 -> 直接回车
18:20:38      [回车+等下一个框 219ms]
18:20:38  ---------- 第 855 个文本框 (上一轮共 0.41s) ----------
18:20:38  原文: "AxCsOptions.FOptions.cmdMain_GotFocus"   [取文本 0ms, 焦点 Edit 'AxCsOptions.FOptions']
18:20:39  translate.py -> need=0  text="AxCsOptions.FOptions.cmdMain_GotFocus"   [python 203ms]
18:20:39  不需要翻译 -> 直接回车
18:20:39      [回车+等下一个框 234ms]
18:20:39  ---------- 第 856 个文本框 (上一轮共 0.44s) ----------
18:20:39  原文: "AxCsOptions.FOptions.cmdMain_GotFocus"   [取文本 0ms, 焦点 Edit 'AxCsOptions.FOptions']
18:20:39  translate.py -> need=0  text="AxCsOptions.FOptions.cmdMain_GotFocus"   [python 219ms]
18:20:39  不需要翻译 -> 直接回车
18:20:39      [回车+等下一个框 219ms]
18:20:39  ---------- 第 857 个文本框 (上一轮共 0.45s) ----------
18:20:39  原文: "AxCsOptions.FOptions.cmdMain_GotFocus"   [取文本 0ms, 焦点 Edit 'AxCsOptions.FOptions']
18:20:39  translate.py -> need=0  text="AxCsOptions.FOptions.cmdMain_GotFocus"   [python 203ms]
18:20:39  不需要翻译 -> 直接回车
18:20:40      [回车+等下一个框 203ms]
18:20:40  ---------- 第 858 个文本框 (上一轮共 0.42s) ----------
18:20:40  原文: "AxCsOptions.FOptions.cmdMain_GotFocus"   [取文本 0ms, 焦点 Edit 'AxCsOptions.FOptions']
18:20:40  translate.py -> need=0  text="AxCsOptions.FOptions.cmdMain_GotFocus"   [python 188ms]
18:20:40  不需要翻译 -> 直接回车
18:20:40      [回车+等下一个框 219ms]
18:20:40  ---------- 第 859 个文本框 (上一轮共 0.41s) ----------
18:20:40  原文: "AxCsOptions.FOptions.cmdMain_GotFocus"   [取文本 0ms, 焦点 Edit 'AxCsOptions.FOptions']
18:20:40  translate.py -> need=0  text="AxCsOptions.FOptions.cmdMain_GotFocus"   [python 203ms]
18:20:40  不需要翻译 -> 直接回车
18:20:41      [回车+等下一个框 203ms]
18:20:41  ---------- 第 860 个文本框 (上一轮共 0.41s) ----------
18:20:41  原文: "AxCsOptions.FOptions.cmdMain_GotFocus"   [取文本 0ms, 焦点 Edit 'AxCsOptions.FOptions']
18:20:41  translate.py -> need=0  text="AxCsOptions.FOptions.cmdMain_GotFocus"   [python 203ms]
18:20:41  不需要翻译 -> 直接回车
18:20:41      [回车+等下一个框 203ms]
18:20:41  ---------- 第 861 个文本框 (上一轮共 0.41s) ----------
18:20:41  原文: "AxCsOptions.FOptions.cmdMain_GotFocus"   [取文本 0ms, 焦点 Edit 'AxCsOptions.FOptions']
18:20:41  translate.py -> need=0  text="AxCsOptions.FOptions.cmdMain_GotFocus"   [python 203ms]
18:20:41  不需要翻译 -> 直接回车
18:20:41      [回车+等下一个框 219ms]
18:20:41  ---------- 第 862 个文本框 (上一轮共 0.42s) ----------
18:20:41  原文: "AxCsOptions.FOptions.cmdMain_GotFocus"   [取文本 0ms, 焦点 Edit 'AxCsOptions.FOptions']
18:20:42  translate.py -> need=0  text="AxCsOptions.FOptions.cmdMain_GotFocus"   [python 203ms]
18:20:42  不需要翻译 -> 直接回车
18:20:42      [回车+等下一个框 203ms]
18:20:42  ---------- 第 863 个文本框 (上一轮共 0.41s) ----------
18:20:42  原文: "AxCsOptions.FOptions.cmdMain_GotFocus"   [取文本 0ms, 焦点 Edit 'AxCsOptions.FOptions']
18:20:42  translate.py -> need=0  text="AxCsOptions.FOptions.cmdMain_GotFocus"   [python 203ms]
18:20:42  不需要翻译 -> 直接回车
18:20:42      [回车+等下一个框 219ms]
18:20:42  ---------- 第 864 个文本框 (上一轮共 0.42s) ----------
18:20:42  原文: "AxCsOptions.FOptions.cmdMain_GotFocus"   [取文本 0ms, 焦点 Edit 'AxCsOptions.FOptions']
18:20:42  translate.py -> need=0  text="AxCsOptions.FOptions.cmdMain_GotFocus"   [python 188ms]
18:20:42  不需要翻译 -> 直接回车
18:20:43      [回车+等下一个框 218ms]
18:20:43  ---------- 第 865 个文本框 (上一轮共 0.41s) ----------
18:20:43  原文: "AxCsOptions.FOptions.cmdMain_GotFocus"   [取文本 0ms, 焦点 Edit 'AxCsOptions.FOptions']
18:20:43  translate.py -> need=0  text="AxCsOptions.FOptions.cmdMain_GotFocus"   [python 204ms]
18:20:43  不需要翻译 -> 直接回车
18:20:43      [回车+等下一个框 234ms]
18:20:43  ---------- 第 866 个文本框 (上一轮共 0.44s) ----------
18:20:43  原文: "AxCsOptions.FOptions.cmdMain_GotFocus"   [取文本 0ms, 焦点 Edit 'AxCsOptions.FOptions']
18:20:43  translate.py -> need=0  text="AxCsOptions.FOptions.cmdMain_GotFocus"   [python 187ms]
18:20:43  不需要翻译 -> 直接回车
18:20:43      [回车+等下一个框 204ms]
18:20:43  ---------- 第 867 个文本框 (上一轮共 0.39s) ----------
18:20:43  原文: "AxCsOptions.FOptions.cmdMain_GotFocus"   [取文本 0ms, 焦点 Edit 'AxCsOptions.FOptions']
18:20:44  translate.py -> need=0  text="AxCsOptions.FOptions.cmdMain_GotFocus"   [python 234ms]
18:20:44  不需要翻译 -> 直接回车
18:20:44      [回车+等下一个框 203ms]
18:20:44  ---------- 第 868 个文本框 (上一轮共 0.44s) ----------
18:20:44  原文: "AxCsOptions.FOptions.cmdMain_GotFocus"   [取文本 0ms, 焦点 Edit 'AxCsOptions.FOptions']
18:20:44  translate.py -> need=0  text="AxCsOptions.FOptions.cmdMain_GotFocus"   [python 203ms]
18:20:44  不需要翻译 -> 直接回车
18:20:44      [回车+等下一个框 203ms]
18:20:44  ---------- 第 869 个文本框 (上一轮共 0.42s) ----------
18:20:44  原文: "AxCsOptions.FOptions.cmdMain_GotFocus"   [取文本 0ms, 焦点 Edit 'AxCsOptions.FOptions']
18:20:45  translate.py -> need=0  text="AxCsOptions.FOptions.cmdMain_GotFocus"   [python 219ms]
18:20:45  不需要翻译 -> 直接回车
18:20:45      [回车+等下一个框 203ms]
18:20:45  ---------- 第 870 个文本框 (上一轮共 0.42s) ----------
18:20:45  原文: "AxCsOptions.FOptions.cmdMain_GotFocus"   [取文本 0ms, 焦点 Edit 'AxCsOptions.FOptions']
18:20:45  translate.py -> need=0  text="AxCsOptions.FOptions.cmdMain_GotFocus"   [python 203ms]
18:20:45  不需要翻译 -> 直接回车
18:20:45      [回车+等下一个框 250ms]
18:20:45  ---------- 第 871 个文本框 (上一轮共 0.45s) ----------
18:20:45  原文: "AxCsOptions.FOptions.cmdMain_GotFocus"   [取文本 0ms, 焦点 Edit 'AxCsOptions.FOptions']
18:20:45  translate.py -> need=0  text="AxCsOptions.FOptions.cmdMain_GotFocus"   [python 203ms]
18:20:45  不需要翻译 -> 直接回车
18:20:46      [回车+等下一个框 203ms]
18:20:46  ---------- 第 872 个文本框 (上一轮共 0.41s) ----------
18:20:46  原文: "AxCsOptions.FOptions.cmdMain_GotFocus"   [取文本 0ms, 焦点 Edit 'AxCsOptions.FOptions']
18:20:46  translate.py -> need=0  text="AxCsOptions.FOptions.cmdMain_GotFocus"   [python 203ms]
18:20:46  不需要翻译 -> 直接回车
18:20:46      [回车+等下一个框 203ms]
18:20:46  ---------- 第 873 个文本框 (上一轮共 0.41s) ----------
18:20:46  原文: "AxCsOptions.FOptions.cmdMain_GotFocus"   [取文本 0ms, 焦点 Edit 'AxCsOptions.FOptions']
18:20:46  translate.py -> need=0  text="AxCsOptions.FOptions.cmdMain_GotFocus"   [python 219ms]
18:20:46  不需要翻译 -> 直接回车
18:20:46      [回车+等下一个框 203ms]
18:20:46  ---------- 第 874 个文本框 (上一轮共 0.42s) ----------
18:20:46  原文: "AxCsOptions.FOptions.cmdMain_GotFocus"   [取文本 0ms, 焦点 Edit 'AxCsOptions.FOptions']
18:20:47  translate.py -> need=0  text="AxCsOptions.FOptions.cmdMain_GotFocus"   [python 219ms]
18:20:47  不需要翻译 -> 直接回车
18:20:47      [回车+等下一个框 203ms]
18:20:47  ---------- 第 875 个文本框 (上一轮共 0.42s) ----------
18:20:47  原文: "AxCsOptions.FOptions.cmdMain_GotFocus"   [取文本 0ms, 焦点 Edit 'AxCsOptions.FOptions']
18:20:47  translate.py -> need=0  text="AxCsOptions.FOptions.cmdMain_GotFocus"   [python 203ms]
18:20:47  不需要翻译 -> 直接回车
18:20:47      [回车+等下一个框 203ms]
18:20:47  ---------- 第 876 个文本框 (上一轮共 0.41s) ----------
18:20:47  原文: "AxCsOptions.FOptions.cmdMain_GotFocus"   [取文本 0ms, 焦点 Edit 'AxCsOptions.FOptions']
18:20:47  translate.py -> need=0  text="AxCsOptions.FOptions.cmdMain_GotFocus"   [python 219ms]
18:20:47  不需要翻译 -> 直接回车
18:20:48      [回车+等下一个框 219ms]
18:20:48  ---------- 第 877 个文本框 (上一轮共 0.45s) ----------
18:20:48  原文: "AxCsOptions.FOptions.cmdMain_GotFocus"   [取文本 0ms, 焦点 Edit 'AxCsOptions.FOptions']
18:20:48  translate.py -> need=0  text="AxCsOptions.FOptions.cmdMain_GotFocus"   [python 203ms]
18:20:48  不需要翻译 -> 直接回车
18:20:48      [回车+等下一个框 218ms]
18:20:48  ---------- 第 878 个文本框 (上一轮共 0.44s) ----------
18:20:48  原文: "AxCsOptions.FOptions.cmdMain_GotFocus"   [取文本 0ms, 焦点 Edit 'AxCsOptions.FOptions']
18:20:48  translate.py -> need=0  text="AxCsOptions.FOptions.cmdMain_GotFocus"   [python 219ms]
18:20:48  不需要翻译 -> 直接回车
18:20:49      [回车+等下一个框 203ms]
18:20:49  ---------- 第 879 个文本框 (上一轮共 0.44s) ----------
18:20:49  原文: "AxCsOptions.FOptions.cmdMain_GotFocus"   [取文本 0ms, 焦点 Edit 'AxCsOptions.FOptions']
18:20:49  translate.py -> need=0  text="AxCsOptions.FOptions.cmdMain_GotFocus"   [python 203ms]
18:20:49  不需要翻译 -> 直接回车
18:20:49      [回车+等下一个框 218ms]
18:20:49  ---------- 第 880 个文本框 (上一轮共 0.42s) ----------
18:20:49  原文: "AxCsOptions.FOptions.cmdMain_GotFocus"   [取文本 0ms, 焦点 Edit 'AxCsOptions.FOptions']
18:20:49  translate.py -> need=0  text="AxCsOptions.FOptions.cmdMain_GotFocus"   [python 204ms]
18:20:49  不需要翻译 -> 直接回车
18:20:49      [回车+等下一个框 218ms]
18:20:49  ---------- 第 881 个文本框 (上一轮共 0.44s) ----------
18:20:49  原文: "AxCsOptions.FOptions.cmdMain_GotFocus"   [取文本 0ms, 焦点 Edit 'AxCsOptions.FOptions']
18:20:50  translate.py -> need=0  text="AxCsOptions.FOptions.cmdMain_GotFocus"   [python 203ms]
18:20:50  不需要翻译 -> 直接回车
18:20:50      [回车+等下一个框 203ms]
18:20:50  ---------- 第 882 个文本框 (上一轮共 0.42s) ----------
18:20:50  原文: "AxCsOptions.FOptions.cmdMain_GotFocus"   [取文本 0ms, 焦点 Edit 'AxCsOptions.FOptions']
18:20:50  translate.py -> need=0  text="AxCsOptions.FOptions.cmdMain_GotFocus"   [python 234ms]
18:20:50  不需要翻译 -> 直接回车
18:20:50      [回车+等下一个框 219ms]
18:20:50  ---------- 第 883 个文本框 (上一轮共 0.45s) ----------
18:20:50  原文: "AxCsOptions.FOptions.cmdMain_GotFocus"   [取文本 0ms, 焦点 Edit 'AxCsOptions.FOptions']
18:20:50  translate.py -> need=0  text="AxCsOptions.FOptions.cmdMain_GotFocus"   [python 219ms]
18:20:50  不需要翻译 -> 直接回车
18:20:51      [回车+等下一个框 203ms]
18:20:51  ---------- 第 884 个文本框 (上一轮共 0.42s) ----------
18:20:51  原文: "AxCsOptions.FOptions.cmdMain_GotFocus"   [取文本 0ms, 焦点 Edit 'AxCsOptions.FOptions']
18:20:51  translate.py -> need=0  text="AxCsOptions.FOptions.cmdMain_GotFocus"   [python 203ms]
18:20:51  不需要翻译 -> 直接回车
18:20:51      [回车+等下一个框 203ms]
18:20:51  ---------- 第 885 个文本框 (上一轮共 0.41s) ----------
18:20:51  原文: "AxCsOptions.FOptions.cmdMain_GotFocus"   [取文本 0ms, 焦点 Edit 'AxCsOptions.FOptions']
18:20:51  translate.py -> need=0  text="AxCsOptions.FOptions.cmdMain_GotFocus"   [python 188ms]
18:20:51  不需要翻译 -> 直接回车
18:20:52      [回车+等下一个框 218ms]
18:20:52  ---------- 第 886 个文本框 (上一轮共 0.41s) ----------
18:20:52  原文: "AxCsOptions.FOptions.cmdMain_GotFocus"   [取文本 0ms, 焦点 Edit 'AxCsOptions.FOptions']
18:20:52  translate.py -> need=0  text="AxCsOptions.FOptions.cmdMain_GotFocus"   [python 203ms]
18:20:52  不需要翻译 -> 直接回车
18:20:52      [回车+等下一个框 204ms]
18:20:52  ---------- 第 887 个文本框 (上一轮共 0.42s) ----------
18:20:52  原文: "AxCsOptions.FOptions.cmdMain_GotFocus"   [取文本 0ms, 焦点 Edit 'AxCsOptions.FOptions']
18:20:52  translate.py -> need=0  text="AxCsOptions.FOptions.cmdMain_GotFocus"   [python 203ms]
18:20:52  不需要翻译 -> 直接回车
18:20:52      [回车+等下一个框 203ms]
18:20:52  ---------- 第 888 个文本框 (上一轮共 0.41s) ----------
18:20:52  原文: "AxCsOptions.FOptions.cmdMain_GotFocus"   [取文本 0ms, 焦点 Edit 'AxCsOptions.FOptions']
18:20:53  translate.py -> need=0  text="AxCsOptions.FOptions.cmdMain_GotFocus"   [python 219ms]
18:20:53  不需要翻译 -> 直接回车
18:20:53      [回车+等下一个框 219ms]
18:20:53  ---------- 第 889 个文本框 (上一轮共 0.44s) ----------
18:20:53  原文: "AxCsOptions.FOptions.cmdMain_GotFocus"   [取文本 0ms, 焦点 Edit 'AxCsOptions.FOptions']
18:20:53  translate.py -> need=0  text="AxCsOptions.FOptions.cmdMain_GotFocus"   [python 219ms]
18:20:53  不需要翻译 -> 直接回车
18:20:53      [回车+等下一个框 218ms]
18:20:53  ---------- 第 890 个文本框 (上一轮共 0.44s) ----------
18:20:53  原文: "AxCsOptions.FOptions.cmdMain_GotFocus"   [取文本 0ms, 焦点 Edit 'AxCsOptions.FOptions']
18:20:53  translate.py -> need=0  text="AxCsOptions.FOptions.cmdMain_GotFocus"   [python 219ms]
18:20:53  不需要翻译 -> 直接回车
18:20:54      [回车+等下一个框 219ms]
18:20:54  ---------- 第 891 个文本框 (上一轮共 0.44s) ----------
18:20:54  原文: "AxCsOptions.FOptions.cmdMain_GotFocus"   [取文本 0ms, 焦点 Edit 'AxCsOptions.FOptions']
18:20:54  translate.py -> need=0  text="AxCsOptions.FOptions.cmdMain_GotFocus"   [python 203ms]
18:20:54  不需要翻译 -> 直接回车
18:20:54      [回车+等下一个框 203ms]
18:20:54  ---------- 第 892 个文本框 (上一轮共 0.41s) ----------
18:20:54  原文: "AxCsOptions.FOptions.cmdMain_GotFocus"   [取文本 0ms, 焦点 Edit 'AxCsOptions.FOptions']
18:20:54  translate.py -> need=0  text="AxCsOptions.FOptions.cmdMain_GotFocus"   [python 188ms]
18:20:54  不需要翻译 -> 直接回车
18:20:54      [回车+等下一个框 203ms]
18:20:54  ---------- 第 893 个文本框 (上一轮共 0.39s) ----------
18:20:54  原文: "AxCsOptions.FOptions.cmdMain_GotFocus"   [取文本 0ms, 焦点 Edit 'AxCsOptions.FOptions']
18:20:55  translate.py -> need=0  text="AxCsOptions.FOptions.cmdMain_GotFocus"   [python 219ms]
18:20:55  不需要翻译 -> 直接回车
18:20:55      [回车+等下一个框 234ms]
18:20:55  ---------- 第 894 个文本框 (上一轮共 0.45s) ----------
18:20:55  原文: "AxCsOptions.FOptions.cmdMain_GotFocus"   [取文本 0ms, 焦点 Edit 'AxCsOptions.FOptions']
18:20:55  translate.py -> need=0  text="AxCsOptions.FOptions.cmdMain_GotFocus"   [python 219ms]
18:20:55  不需要翻译 -> 直接回车
18:20:55      [回车+等下一个框 218ms]
18:20:55  ---------- 第 895 个文本框 (上一轮共 0.44s) ----------
18:20:55  原文: "AxCsOptions.FOptions.cmdMain_GotFocus"   [取文本 0ms, 焦点 Edit 'AxCsOptions.FOptions']
18:20:56  translate.py -> need=0  text="AxCsOptions.FOptions.cmdMain_GotFocus"   [python 204ms]
18:20:56  不需要翻译 -> 直接回车
18:20:56      [回车+等下一个框 203ms]
18:20:56  ---------- 第 896 个文本框 (上一轮共 0.41s) ----------
18:20:56  原文: "AxCsOptions.FOptions.cmdMain_GotFocus"   [取文本 0ms, 焦点 Edit 'AxCsOptions.FOptions']
18:20:56  translate.py -> need=0  text="AxCsOptions.FOptions.cmdMain_GotFocus"   [python 234ms]
18:20:56  不需要翻译 -> 直接回车
18:20:56      [回车+等下一个框 219ms]
18:20:56  ---------- 第 897 个文本框 (上一轮共 0.47s) ----------
18:20:56  原文: "AxCsOptions.FOptions.cmdMain_GotFocus"   [取文本 0ms, 焦点 Edit 'AxCsOptions.FOptions']
18:20:56  translate.py -> need=0  text="AxCsOptions.FOptions.cmdMain_GotFocus"   [python 188ms]
18:20:56  不需要翻译 -> 直接回车
18:20:57      [回车+等下一个框 219ms]
18:20:57  ---------- 第 898 个文本框 (上一轮共 0.41s) ----------
18:20:57  原文: "AxCsOptions.FOptions.cmdMain_GotFocus"   [取文本 0ms, 焦点 Edit 'AxCsOptions.FOptions']
18:20:57  translate.py -> need=0  text="AxCsOptions.FOptions.cmdMain_GotFocus"   [python 203ms]
18:20:57  不需要翻译 -> 直接回车
18:20:57      [回车+等下一个框 203ms]
18:20:57  ---------- 第 899 个文本框 (上一轮共 0.41s) ----------
18:20:57  原文: "AxCsOptions.FOptions.cmdMain_GotFocus"   [取文本 0ms, 焦点 Edit 'AxCsOptions.FOptions']
18:20:57  translate.py -> need=0  text="AxCsOptions.FOptions.cmdMain_GotFocus"   [python 219ms]
18:20:57  不需要翻译 -> 直接回车
18:20:57      [回车+等下一个框 203ms]
18:20:57  ---------- 第 900 个文本框 (上一轮共 0.42s) ----------
18:20:57  原文: "AxCsOptions.FOptions.cmdMain_GotFocus"   [取文本 0ms, 焦点 Edit 'AxCsOptions.FOptions']
18:20:58  translate.py -> need=0  text="AxCsOptions.FOptions.cmdMain_GotFocus"   [python 187ms]
18:20:58  不需要翻译 -> 直接回车
18:20:58      [回车+等下一个框 203ms]
18:20:58  ---------- 第 901 个文本框 (上一轮共 0.39s) ----------
18:20:58  原文: "AxCsOptions.FOptions.cmdMain_GotFocus"   [取文本 0ms, 焦点 Edit 'AxCsOptions.FOptions']
18:20:58  translate.py -> need=0  text="AxCsOptions.FOptions.cmdMain_GotFocus"   [python 188ms]
18:20:58  不需要翻译 -> 直接回车
18:20:58      [回车+等下一个框 219ms]
18:20:58  ---------- 第 902 个文本框 (上一轮共 0.41s) ----------
18:20:58  原文: "AxCsOptions.FOptions.cmdMain_GotFocus"   [取文本 0ms, 焦点 Edit 'AxCsOptions.FOptions']
18:20:58  translate.py -> need=0  text="AxCsOptions.FOptions.cmdMain_GotFocus"   [python 234ms]
18:20:58  不需要翻译 -> 直接回车
18:20:59      [回车+等下一个框 203ms]
18:20:59  ---------- 第 903 个文本框 (上一轮共 0.44s) ----------
18:20:59  原文: "AxCsOptions.FOptions.cmdMain_GotFocus"   [取文本 0ms, 焦点 Edit 'AxCsOptions.FOptions']
18:20:59  translate.py -> need=0  text="AxCsOptions.FOptions.cmdMain_GotFocus"   [python 203ms]
18:20:59  不需要翻译 -> 直接回车
18:20:59      [回车+等下一个框 203ms]
18:20:59  ---------- 第 904 个文本框 (上一轮共 0.41s) ----------
18:20:59  原文: "AxCsOptions.FOptions.cmdMain_GotFocus"   [取文本 0ms, 焦点 Edit 'AxCsOptions.FOptions']
18:20:59  translate.py -> need=0  text="AxCsOptions.FOptions.cmdMain_GotFocus"   [python 188ms]
18:20:59  不需要翻译 -> 直接回车
18:21:00      [回车+等下一个框 234ms]
18:21:00  ---------- 第 905 个文本框 (上一轮共 0.44s) ----------
18:21:00  原文: "AxCsOptions.FOptions.cmdMain_GotFocus"   [取文本 0ms, 焦点 Edit 'AxCsOptions.FOptions']
18:21:00  translate.py -> need=0  text="AxCsOptions.FOptions.cmdMain_GotFocus"   [python 219ms]
18:21:00  不需要翻译 -> 直接回车
18:21:00      [回车+等下一个框 218ms]
18:21:00  ---------- 第 906 个文本框 (上一轮共 0.44s) ----------
18:21:00  原文: "AxCsOptions.FOptions.cmdMain_GotFocus"   [取文本 0ms, 焦点 Edit 'AxCsOptions.FOptions']
18:21:00  translate.py -> need=0  text="AxCsOptions.FOptions.cmdMain_GotFocus"   [python 188ms]
18:21:00  不需要翻译 -> 直接回车
18:21:00      [回车+等下一个框 234ms]
18:21:00  ---------- 第 907 个文本框 (上一轮共 0.44s) ----------
18:21:00  原文: "AxCsOptions.FOptions.cmdMain_GotFocus"   [取文本 0ms, 焦点 Edit 'AxCsOptions.FOptions']
18:21:01  translate.py -> need=0  text="AxCsOptions.FOptions.cmdMain_GotFocus"   [python 219ms]
18:21:01  不需要翻译 -> 直接回车
18:21:01      [回车+等下一个框 203ms]
18:21:01  ---------- 第 908 个文本框 (上一轮共 0.44s) ----------
18:21:01  原文: "AxCsOptions.FOptions.cmdMain_GotFocus"   [取文本 0ms, 焦点 Edit 'AxCsOptions.FOptions']
18:21:01  translate.py -> need=0  text="AxCsOptions.FOptions.cmdMain_GotFocus"   [python 219ms]
18:21:01  不需要翻译 -> 直接回车
18:21:01      [回车+等下一个框 203ms]
18:21:01  ---------- 第 909 个文本框 (上一轮共 0.44s) ----------
18:21:01  原文: "AxCsOptions.FOptions.cmdMain_GotFocus"   [取文本 0ms, 焦点 Edit 'AxCsOptions.FOptions']
18:21:01  translate.py -> need=0  text="AxCsOptions.FOptions.cmdMain_GotFocus"   [python 187ms]
18:21:01  不需要翻译 -> 直接回车
18:21:02      [回车+等下一个框 204ms]
18:21:02  ---------- 第 910 个文本框 (上一轮共 0.39s) ----------
18:21:02  原文: "AxCsOptions.FOptions.cmdMain_GotFocus"   [取文本 0ms, 焦点 Edit 'AxCsOptions.FOptions']
18:21:02  translate.py -> need=0  text="AxCsOptions.FOptions.cmdMain_GotFocus"   [python 203ms]
18:21:02  不需要翻译 -> 直接回车
18:21:02      [回车+等下一个框 218ms]
18:21:02  ---------- 第 911 个文本框 (上一轮共 0.44s) ----------
18:21:02  原文: "AxCsOptions.FOptions.cmdMain_GotFocus"   [取文本 0ms, 焦点 Edit 'AxCsOptions.FOptions']
18:21:02  translate.py -> need=0  text="AxCsOptions.FOptions.cmdMain_GotFocus"   [python 188ms]
18:21:02  不需要翻译 -> 直接回车
18:21:02      [回车+等下一个框 203ms]
18:21:03  ---------- 第 912 个文本框 (上一轮共 0.39s) ----------
18:21:03  原文: "AxCsOptions.FOptions.cmdMain_GotFocus"   [取文本 0ms, 焦点 Edit 'AxCsOptions.FOptions']
18:21:03  translate.py -> need=0  text="AxCsOptions.FOptions.cmdMain_GotFocus"   [python 218ms]
18:21:03  不需要翻译 -> 直接回车
18:21:03      [回车+等下一个框 219ms]
18:21:03  ---------- 第 913 个文本框 (上一轮共 0.44s) ----------
18:21:03  原文: "AxCsOptions.FOptions.cmdMain_GotFocus"   [取文本 0ms, 焦点 Edit 'AxCsOptions.FOptions']
18:21:03  translate.py -> need=0  text="AxCsOptions.FOptions.cmdMain_GotFocus"   [python 235ms]
18:21:03  不需要翻译 -> 直接回车
18:21:03      [回车+等下一个框 203ms]
18:21:03  ---------- 第 914 个文本框 (上一轮共 0.44s) ----------
18:21:03  原文: "AxCsOptions.FOptions.cmdMain_GotFocus"   [取文本 0ms, 焦点 Edit 'AxCsOptions.FOptions']
18:21:04  translate.py -> need=0  text="AxCsOptions.FOptions.cmdMain_GotFocus"   [python 203ms]
18:21:04  不需要翻译 -> 直接回车
18:21:04      [回车+等下一个框 219ms]
18:21:04  ---------- 第 915 个文本框 (上一轮共 0.42s) ----------
18:21:04  原文: "AxCsOptions.FOptions.cmdMain_GotFocus"   [取文本 0ms, 焦点 Edit 'AxCsOptions.FOptions']
18:21:04  translate.py -> need=0  text="AxCsOptions.FOptions.cmdMain_GotFocus"   [python 203ms]
18:21:04  不需要翻译 -> 直接回车
18:21:04      [回车+等下一个框 203ms]
18:21:04  ---------- 第 916 个文本框 (上一轮共 0.42s) ----------
18:21:04  原文: "AxCsOptions.FOptions.cmdMain_GotFocus"   [取文本 0ms, 焦点 Edit 'AxCsOptions.FOptions']
18:21:04  translate.py -> need=0  text="AxCsOptions.FOptions.cmdMain_GotFocus"   [python 157ms]
18:21:04  不需要翻译 -> 直接回车
18:21:05      [回车+等下一个框 218ms]
18:21:05  ---------- 第 917 个文本框 (上一轮共 0.38s) ----------
18:21:05  原文: "AxCsOptions.FOptions.cmdMain_GotFocus"   [取文本 0ms, 焦点 Edit 'AxCsOptions.FOptions']
18:21:05  translate.py -> need=0  text="AxCsOptions.FOptions.cmdMain_GotFocus"   [python 219ms]
18:21:05  不需要翻译 -> 直接回车
18:21:05      [回车+等下一个框 219ms]
18:21:05  ---------- 第 918 个文本框 (上一轮共 0.44s) ----------
18:21:05  原文: "AxCsOptions.FOptions.cmdMain_GotFocus"   [取文本 0ms, 焦点 Edit 'AxCsOptions.FOptions']
18:21:05  translate.py -> need=0  text="AxCsOptions.FOptions.cmdMain_GotFocus"   [python 219ms]
18:21:05  不需要翻译 -> 直接回车
18:21:05      [回车+等下一个框 203ms]
18:21:05  ---------- 第 919 个文本框 (上一轮共 0.42s) ----------
18:21:05  原文: "AxCsOptions.FOptions.cmdMain_GotFocus"   [取文本 15ms, 焦点 Edit 'AxCsOptions.FOptions']
18:21:06  translate.py -> need=0  text="AxCsOptions.FOptions.cmdMain_GotFocus"   [python 188ms]
18:21:06  不需要翻译 -> 直接回车
18:21:06      [回车+等下一个框 203ms]
18:21:06  ---------- 第 920 个文本框 (上一轮共 0.41s) ----------
18:21:06  原文: "AxCsOptions.FOptions.cmdMain_GotFocus"   [取文本 0ms, 焦点 Edit 'AxCsOptions.FOptions']
18:21:06  translate.py -> need=0  text="AxCsOptions.FOptions.cmdMain_GotFocus"   [python 203ms]
18:21:06  不需要翻译 -> 直接回车
18:21:06      [回车+等下一个框 219ms]
18:21:06  ---------- 第 921 个文本框 (上一轮共 0.42s) ----------
18:21:06  原文: "AxCsOptions.FOptions.cmdMain_GotFocus"   [取文本 0ms, 焦点 Edit 'AxCsOptions.FOptions']
18:21:06  translate.py -> need=0  text="AxCsOptions.FOptions.cmdMain_GotFocus"   [python 203ms]
18:21:06  不需要翻译 -> 直接回车
18:21:07      [回车+等下一个框 203ms]
18:21:07  ---------- 第 922 个文本框 (上一轮共 0.41s) ----------
18:21:07  原文: "AxCsOptions.FOptions.cmdMain_GotFocus"   [取文本 0ms, 焦点 Edit 'AxCsOptions.FOptions']
18:21:07  translate.py -> need=0  text="AxCsOptions.FOptions.cmdMain_GotFocus"   [python 203ms]
18:21:07  不需要翻译 -> 直接回车
18:21:07      [回车+等下一个框 203ms]
18:21:07  ---------- 第 923 个文本框 (上一轮共 0.42s) ----------
18:21:07  原文: "AxCsOptions.FOptions.cmdMain_GotFocus"   [取文本 0ms, 焦点 Edit 'AxCsOptions.FOptions']
18:21:07  translate.py -> need=0  text="AxCsOptions.FOptions.cmdMain_GotFocus"   [python 203ms]
18:21:07  不需要翻译 -> 直接回车
18:21:08      [回车+等下一个框 235ms]
18:21:08  ---------- 第 924 个文本框 (上一轮共 0.44s) ----------
18:21:08  原文: "AxCsOptions.FOptions.cmdMain_GotFocus"   [取文本 15ms, 焦点 Edit 'AxCsOptions.FOptions']
18:21:08  translate.py -> need=0  text="AxCsOptions.FOptions.cmdMain_GotFocus"   [python 203ms]
18:21:08  不需要翻译 -> 直接回车
18:21:08      [回车+等下一个框 219ms]
18:21:08  ---------- 第 925 个文本框 (上一轮共 0.45s) ----------
18:21:08  原文: "AxCsOptions.FOptions.cmdMain_GotFocus"   [取文本 0ms, 焦点 Edit 'AxCsOptions.FOptions']
18:21:08  translate.py -> need=0  text="AxCsOptions.FOptions.cmdMain_GotFocus"   [python 203ms]
18:21:08  不需要翻译 -> 直接回车
18:21:08      [回车+等下一个框 234ms]
18:21:08  ---------- 第 926 个文本框 (上一轮共 0.44s) ----------
18:21:08  原文: "AxCsOptions.FOptions.cmdMain_GotFocus"   [取文本 0ms, 焦点 Edit 'AxCsOptions.FOptions']
18:21:09  translate.py -> need=0  text="AxCsOptions.FOptions.cmdMain_GotFocus"   [python 219ms]
18:21:09  不需要翻译 -> 直接回车
18:21:09      [回车+等下一个框 203ms]
18:21:09  ---------- 第 927 个文本框 (上一轮共 0.42s) ----------
18:21:09  原文: "AxCsOptions.FOptions.cmdMain_GotFocus"   [取文本 0ms, 焦点 Edit 'AxCsOptions.FOptions']
18:21:09  translate.py -> need=0  text="AxCsOptions.FOptions.cmdMain_GotFocus"   [python 188ms]
18:21:09  不需要翻译 -> 直接回车
18:21:09      [回车+等下一个框 203ms]
18:21:09  ---------- 第 928 个文本框 (上一轮共 0.39s) ----------
18:21:09  原文: "AxCsOptions.FOptions.cmdMain_GotFocus"   [取文本 0ms, 焦点 Edit 'AxCsOptions.FOptions']
18:21:09  translate.py -> need=0  text="AxCsOptions.FOptions.cmdMain_GotFocus"   [python 203ms]
18:21:09  不需要翻译 -> 直接回车
18:21:10      [回车+等下一个框 203ms]
18:21:10  ---------- 第 929 个文本框 (上一轮共 0.41s) ----------
18:21:10  原文: "AxCsOptions.FOptions.cmdMain_GotFocus"   [取文本 0ms, 焦点 Edit 'AxCsOptions.FOptions']
18:21:10  translate.py -> need=0  text="AxCsOptions.FOptions.cmdMain_GotFocus"   [python 172ms]
18:21:10  不需要翻译 -> 直接回车
18:21:10      [回车+等下一个框 219ms]
18:21:10  ---------- 第 930 个文本框 (上一轮共 0.39s) ----------
18:21:10  原文: "AxCsOptions.FOptions.cmdMain_GotFocus"   [取文本 0ms, 焦点 Edit 'AxCsOptions.FOptions']
18:21:10  translate.py -> need=0  text="AxCsOptions.FOptions.cmdMain_GotFocus"   [python 187ms]
18:21:10  不需要翻译 -> 直接回车
18:21:10      [回车+等下一个框 219ms]
18:21:10  ---------- 第 931 个文本框 (上一轮共 0.41s) ----------
18:21:10  原文: "AxCsOptions.FOptions.cmdMain_GotFocus"   [取文本 0ms, 焦点 Edit 'AxCsOptions.FOptions']
18:21:11  translate.py -> need=0  text="AxCsOptions.FOptions.cmdMain_GotFocus"   [python 234ms]
18:21:11  不需要翻译 -> 直接回车
18:21:11      [回车+等下一个框 219ms]
18:21:11  ---------- 第 932 个文本框 (上一轮共 0.45s) ----------
18:21:11  原文: "AxCsOptions.FOptions.cmdMain_GotFocus"   [取文本 0ms, 焦点 Edit 'AxCsOptions.FOptions']
18:21:11  translate.py -> need=0  text="AxCsOptions.FOptions.cmdMain_GotFocus"   [python 219ms]
18:21:11  不需要翻译 -> 直接回车
18:21:11      [回车+等下一个框 203ms]
18:21:11  ---------- 第 933 个文本框 (上一轮共 0.42s) ----------
18:21:11  原文: "AxCsOptions.FOptions.cmdMain_GotFocus"   [取文本 0ms, 焦点 Edit 'AxCsOptions.FOptions']
18:21:12  translate.py -> need=0  text="AxCsOptions.FOptions.cmdMain_GotFocus"   [python 219ms]
18:21:12  不需要翻译 -> 直接回车
18:21:12      [回车+等下一个框 203ms]
18:21:12  ---------- 第 934 个文本框 (上一轮共 0.42s) ----------
18:21:12  原文: "AxCsOptions.FOptions.cmdMain_GotFocus"   [取文本 0ms, 焦点 Edit 'AxCsOptions.FOptions']
18:21:12  translate.py -> need=0  text="AxCsOptions.FOptions.cmdMain_GotFocus"   [python 188ms]
18:21:12  不需要翻译 -> 直接回车
18:21:12      [回车+等下一个框 203ms]
18:21:12  ---------- 第 935 个文本框 (上一轮共 0.39s) ----------
18:21:12  原文: "AxCsOptions.FOptions.cmdMain_GotFocus"   [取文本 0ms, 焦点 Edit 'AxCsOptions.FOptions']
18:21:12  translate.py -> need=0  text="AxCsOptions.FOptions.cmdMain_GotFocus"   [python 203ms]
18:21:12  不需要翻译 -> 直接回车
18:21:13      [回车+等下一个框 203ms]
18:21:13  ---------- 第 936 个文本框 (上一轮共 0.41s) ----------
18:21:13  原文: "AxCsOptions.FOptions.cmdMain_GotFocus"   [取文本 0ms, 焦点 Edit 'AxCsOptions.FOptions']
18:21:13  translate.py -> need=0  text="AxCsOptions.FOptions.cmdMain_GotFocus"   [python 203ms]
18:21:13  不需要翻译 -> 直接回车
18:21:13      [回车+等下一个框 203ms]
18:21:13  ---------- 第 937 个文本框 (上一轮共 0.42s) ----------
18:21:13  原文: "AxCsOptions.FOptions.cmdMain_GotFocus"   [取文本 0ms, 焦点 Edit 'AxCsOptions.FOptions']
18:21:13  translate.py -> need=0  text="AxCsOptions.FOptions.cmdMain_GotFocus"   [python 203ms]
18:21:13  不需要翻译 -> 直接回车
18:21:13      [回车+等下一个框 203ms]
18:21:13  ---------- 第 938 个文本框 (上一轮共 0.42s) ----------
18:21:13  原文: "AxCsOptions.FOptions.cmdMain_GotFocus"   [取文本 0ms, 焦点 Edit 'AxCsOptions.FOptions']
18:21:14  translate.py -> need=0  text="AxCsOptions.FOptions.cmdMain_GotFocus"   [python 203ms]
18:21:14  不需要翻译 -> 直接回车
18:21:14      [回车+等下一个框 234ms]
18:21:14  ---------- 第 939 个文本框 (上一轮共 0.44s) ----------
18:21:14  原文: "AxCsOptions.FOptions.cmdMain_GotFocus"   [取文本 0ms, 焦点 Edit 'AxCsOptions.FOptions']
18:21:14  translate.py -> need=0  text="AxCsOptions.FOptions.cmdMain_GotFocus"   [python 204ms]
18:21:14  不需要翻译 -> 直接回车
18:21:14      [回车+等下一个框 203ms]
18:21:14  ---------- 第 940 个文本框 (上一轮共 0.41s) ----------
18:21:14  原文: "AxCsOptions.FOptions.cmdMain_GotFocus"   [取文本 0ms, 焦点 Edit 'AxCsOptions.FOptions']
18:21:14  translate.py -> need=0  text="AxCsOptions.FOptions.cmdMain_GotFocus"   [python 203ms]
18:21:14  不需要翻译 -> 直接回车
18:21:15      [回车+等下一个框 203ms]
18:21:15  ---------- 第 941 个文本框 (上一轮共 0.42s) ----------
18:21:15  原文: "AxCsOptions.FOptions.cmdMain_GotFocus"   [取文本 0ms, 焦点 Edit 'AxCsOptions.FOptions']
18:21:15  translate.py -> need=0  text="AxCsOptions.FOptions.cmdMain_GotFocus"   [python 187ms]
18:21:15  不需要翻译 -> 直接回车
18:21:15      [回车+等下一个框 234ms]
18:21:15  ---------- 第 942 个文本框 (上一轮共 0.42s) ----------
18:21:15  原文: "AxCsOptions.FOptions.cmdMain_GotFocus"   [取文本 16ms, 焦点 Edit 'AxCsOptions.FOptions']
18:21:15  translate.py -> need=0  text="AxCsOptions.FOptions.cmdMain_GotFocus"   [python 172ms]
18:21:15  不需要翻译 -> 直接回车
18:21:15      [回车+等下一个框 203ms]
18:21:15  ---------- 第 943 个文本框 (上一轮共 0.39s) ----------
18:21:15  原文: "AxCsOptions.FOptions.cmdMain_GotFocus"   [取文本 0ms, 焦点 Edit 'AxCsOptions.FOptions']
18:21:16  translate.py -> need=0  text="AxCsOptions.FOptions.cmdMain_GotFocus"   [python 219ms]
18:21:16  不需要翻译 -> 直接回车
18:21:16      [回车+等下一个框 219ms]
18:21:16  ---------- 第 944 个文本框 (上一轮共 0.45s) ----------
18:21:16  原文: "AxCsOptions.FOptions.cmdMain_GotFocus"   [取文本 0ms, 焦点 Edit 'AxCsOptions.FOptions']
18:21:16  translate.py -> need=0  text="AxCsOptions.FOptions.cmdMain_GotFocus"   [python 188ms]
18:21:16  不需要翻译 -> 直接回车
18:21:16      [回车+等下一个框 203ms]
18:21:16  ---------- 第 945 个文本框 (上一轮共 0.39s) ----------
18:21:16  原文: "AxCsOptions.FOptions.cmdMain_GotFocus"   [取文本 0ms, 焦点 Edit 'AxCsOptions.FOptions']
18:21:17  translate.py -> need=0  text="AxCsOptions.FOptions.cmdMain_GotFocus"   [python 187ms]
18:21:17  不需要翻译 -> 直接回车
18:21:17      [回车+等下一个框 203ms]
18:21:17  ---------- 第 946 个文本框 (上一轮共 0.39s) ----------
18:21:17  原文: "AxCsOptions.FOptions.cmdMain_GotFocus"   [取文本 0ms, 焦点 Edit 'AxCsOptions.FOptions']
18:21:17  translate.py -> need=0  text="AxCsOptions.FOptions.cmdMain_GotFocus"   [python 235ms]
18:21:17  不需要翻译 -> 直接回车
18:21:17      [回车+等下一个框 203ms]
18:21:17  ---------- 第 947 个文本框 (上一轮共 0.44s) ----------
18:21:17  原文: "AxCsOptions.FOptions.cmdMain_GotFocus"   [取文本 0ms, 焦点 Edit 'AxCsOptions.FOptions']
18:21:17  translate.py -> need=0  text="AxCsOptions.FOptions.cmdMain_GotFocus"   [python 203ms]
18:21:17  不需要翻译 -> 直接回车
18:21:18      [回车+等下一个框 203ms]
18:21:18  ---------- 第 948 个文本框 (上一轮共 0.41s) ----------
18:21:18  原文: "AxCsOptions.FOptions.cmdMain_GotFocus"   [取文本 0ms, 焦点 Edit 'AxCsOptions.FOptions']
18:21:18  translate.py -> need=0  text="AxCsOptions.FOptions.cmdMain_GotFocus"   [python 203ms]
18:21:18  不需要翻译 -> 直接回车
18:21:18      [回车+等下一个框 203ms]
18:21:18  ---------- 第 949 个文本框 (上一轮共 0.42s) ----------
18:21:18  原文: "AxCsOptions.FOptions.cmdMain_GotFocus"   [取文本 0ms, 焦点 Edit 'AxCsOptions.FOptions']
18:21:18  translate.py -> need=0  text="AxCsOptions.FOptions.cmdMain_GotFocus"   [python 203ms]
18:21:18  不需要翻译 -> 直接回车
18:21:18      [回车+等下一个框 203ms]
18:21:18  ---------- 第 950 个文本框 (上一轮共 0.42s) ----------
18:21:18  原文: "AxCsOptions.FOptions.cmdMain_GotFocus"   [取文本 0ms, 焦点 Edit 'AxCsOptions.FOptions']
18:21:19  translate.py -> need=0  text="AxCsOptions.FOptions.cmdMain_GotFocus"   [python 219ms]
18:21:19  不需要翻译 -> 直接回车
18:21:19      [回车+等下一个框 218ms]
18:21:19  ---------- 第 951 个文本框 (上一轮共 0.44s) ----------
18:21:19  原文: "AxCsOptions.FOptions.cmdMain_GotFocus"   [取文本 0ms, 焦点 Edit 'AxCsOptions.FOptions']
18:21:19  translate.py -> need=0  text="AxCsOptions.FOptions.cmdMain_GotFocus"   [python 188ms]
18:21:19  不需要翻译 -> 直接回车
18:21:19      [回车+等下一个框 203ms]
18:21:19  ---------- 第 952 个文本框 (上一轮共 0.39s) ----------
18:21:19  原文: "AxCsOptions.FOptions.cmdMain_GotFocus"   [取文本 0ms, 焦点 Edit 'AxCsOptions.FOptions']
18:21:19  translate.py -> need=0  text="AxCsOptions.FOptions.cmdMain_GotFocus"   [python 203ms]
18:21:19  不需要翻译 -> 直接回车
18:21:20      [回车+等下一个框 203ms]
18:21:20  ---------- 第 953 个文本框 (上一轮共 0.41s) ----------
18:21:20  原文: "AxCsOptions.FOptions.cmdMain_GotFocus"   [取文本 0ms, 焦点 Edit 'AxCsOptions.FOptions']
18:21:20  translate.py -> need=0  text="AxCsOptions.FOptions.cmdMain_GotFocus"   [python 203ms]
18:21:20  不需要翻译 -> 直接回车
18:21:20      [回车+等下一个框 235ms]
18:21:20  ---------- 第 954 个文本框 (上一轮共 0.44s) ----------
18:21:20  原文: "AxCsOptions.FOptions.cmdMain_GotFocus"   [取文本 0ms, 焦点 Edit 'AxCsOptions.FOptions']
18:21:20  translate.py -> need=0  text="AxCsOptions.FOptions.cmdMain_GotFocus"   [python 219ms]
18:21:20  不需要翻译 -> 直接回车
18:21:20      [回车+等下一个框 203ms]
18:21:20  ---------- 第 955 个文本框 (上一轮共 0.42s) ----------
18:21:20  原文: "AxCsOptions.FOptions.cmdMain_GotFocus"   [取文本 0ms, 焦点 Edit 'AxCsOptions.FOptions']
18:21:21  translate.py -> need=0  text="AxCsOptions.FOptions.cmdMain_GotFocus"   [python 218ms]
18:21:21  不需要翻译 -> 直接回车
18:21:21      [回车+等下一个框 219ms]
18:21:21  ---------- 第 956 个文本框 (上一轮共 0.44s) ----------
18:21:21  原文: "AxCsOptions.FOptions.cmdMain_GotFocus"   [取文本 0ms, 焦点 Edit 'AxCsOptions.FOptions']
18:21:21  translate.py -> need=0  text="AxCsOptions.FOptions.cmdMain_GotFocus"   [python 187ms]
18:21:21  不需要翻译 -> 直接回车
18:21:21      [回车+等下一个框 203ms]
18:21:21  ---------- 第 957 个文本框 (上一轮共 0.41s) ----------
18:21:21  原文: "AxCsOptions.FOptions.cmdMain_GotFocus"   [取文本 0ms, 焦点 Edit 'AxCsOptions.FOptions']
18:21:22  translate.py -> need=0  text="AxCsOptions.FOptions.cmdMain_GotFocus"   [python 204ms]
18:21:22  不需要翻译 -> 直接回车
18:21:22      [回车+等下一个框 203ms]
18:21:22  ---------- 第 958 个文本框 (上一轮共 0.42s) ----------
18:21:22  原文: "AxCsOptions.FOptions.cmdMain_GotFocus"   [取文本 0ms, 焦点 Edit 'AxCsOptions.FOptions']
18:21:22  translate.py -> need=0  text="AxCsOptions.FOptions.cmdMain_GotFocus"   [python 203ms]
18:21:22  不需要翻译 -> 直接回车
18:21:22      [回车+等下一个框 204ms]
18:21:22  ---------- 第 959 个文本框 (上一轮共 0.42s) ----------
18:21:22  原文: "AxCsOptions.FOptions.cmdMain_GotFocus"   [取文本 0ms, 焦点 Edit 'AxCsOptions.FOptions']
18:21:22  translate.py -> need=0  text="AxCsOptions.FOptions.cmdMain_GotFocus"   [python 172ms]
18:21:22  不需要翻译 -> 直接回车
18:21:23      [回车+等下一个框 203ms]
18:21:23  ---------- 第 960 个文本框 (上一轮共 0.38s) ----------
18:21:23  原文: "AxCsOptions.FOptions.cmdMain_GotFocus"   [取文本 16ms, 焦点 Edit 'AxCsOptions.FOptions']
18:21:23  translate.py -> need=0  text="AxCsOptions.FOptions.cmdMain_GotFocus"   [python 187ms]
18:21:23  不需要翻译 -> 直接回车
18:21:23      [回车+等下一个框 203ms]
18:21:23  ---------- 第 961 个文本框 (上一轮共 0.41s) ----------
18:21:23  原文: "AxCsOptions.FOptions.cmdMain_GotFocus"   [取文本 0ms, 焦点 Edit 'AxCsOptions.FOptions']
18:21:23  translate.py -> need=0  text="AxCsOptions.FOptions.cmdMain_GotFocus"   [python 219ms]
18:21:23  不需要翻译 -> 直接回车
18:21:23      [回车+等下一个框 203ms]
18:21:23  ---------- 第 962 个文本框 (上一轮共 0.42s) ----------
18:21:23  原文: "AxCsOptions.FOptions.cmdMain_GotFocus"   [取文本 0ms, 焦点 Edit 'AxCsOptions.FOptions']
18:21:24  translate.py -> need=0  text="AxCsOptions.FOptions.cmdMain_GotFocus"   [python 235ms]
18:21:24  不需要翻译 -> 直接回车
18:21:24      [回车+等下一个框 203ms]
18:21:24  ---------- 第 963 个文本框 (上一轮共 0.45s) ----------
18:21:24  原文: "AxCsOptions.FOptions.cmdMain_GotFocus"   [取文本 0ms, 焦点 Edit 'AxCsOptions.FOptions']
18:21:24  translate.py -> need=0  text="AxCsOptions.FOptions.cmdMain_GotFocus"   [python 204ms]
18:21:24  不需要翻译 -> 直接回车
18:21:24  收到 Esc, 正在停止...
18:21:24      [回车+等下一个框 203ms]
18:21:24  ========== 已停止 (Esc) ==========
